kind,batch_size,total_tokens,layer,stage,ms
decode_top,1,1,-1,prepare_input_host,0.0012
decode_top,1,1,-1,input_h2d,0.0134
decode_top,1,1,-1,embedding,0.0102
decode_top,1,1,0,decode_layer_0,4.5406
decode_top,1,1,1,decode_layer_1,1.9693
decode_top,1,1,2,decode_layer_2,1.9688
decode_top,1,1,3,decode_layer_3,1.9664
decode_top,1,1,4,decode_layer_4,1.9676
decode_top,1,1,5,decode_layer_5,1.9682
decode_top,1,1,6,decode_layer_6,1.9701
decode_top,1,1,7,decode_layer_7,1.9649
decode_top,1,1,8,decode_layer_8,1.9943
decode_top,1,1,9,decode_layer_9,1.9678
decode_top,1,1,10,decode_layer_10,1.9900
decode_top,1,1,11,decode_layer_11,1.9667
decode_top,1,1,-1,final_layernorm,0.0086
decode_top,1,1,-1,vocab_gemm,0.7709
decode_top,1,1,-1,logits_d2h,0.0636
decode_top,1,1,-1,argmax_cpu,0.0689
decode_top,1,1,-1,make_response,0.0010
decode_top,1,1,-1,prepare_input_host,0.0011
decode_top,1,1,-1,input_h2d,0.0126
decode_top,1,1,-1,embedding,0.0092
decode_top,1,1,0,decode_layer_0,1.9678
decode_top,1,1,1,decode_layer_1,1.9662
decode_top,1,1,2,decode_layer_2,1.9691
decode_top,1,1,3,decode_layer_3,1.9640
decode_top,1,1,4,decode_layer_4,1.9669
decode_top,1,1,5,decode_layer_5,1.9673
decode_top,1,1,6,decode_layer_6,1.9673
decode_top,1,1,7,decode_layer_7,1.9663
decode_top,1,1,8,decode_layer_8,1.9683
decode_top,1,1,9,decode_layer_9,1.9682
decode_top,1,1,10,decode_layer_10,1.9693
decode_top,1,1,11,decode_layer_11,1.9657
decode_top,1,1,-1,final_layernorm,0.0088
decode_top,1,1,-1,vocab_gemm,0.7735
decode_top,1,1,-1,logits_d2h,0.0806
decode_top,1,1,-1,argmax_cpu,0.0648
decode_top,1,1,-1,make_response,0.0009
decode_top,1,1,-1,prepare_input_host,0.0008
decode_top,1,1,-1,input_h2d,0.0115
decode_top,1,1,-1,embedding,0.0080
decode_top,1,1,0,decode_layer_0,1.9696
decode_top,1,1,1,decode_layer_1,1.9671
decode_top,1,1,2,decode_layer_2,1.9677
decode_top,1,1,3,decode_layer_3,1.9727
decode_top,1,1,4,decode_layer_4,1.9801
decode_top,1,1,5,decode_layer_5,1.9687
decode_top,1,1,6,decode_layer_6,1.9667
decode_top,1,1,7,decode_layer_7,1.9668
decode_top,1,1,8,decode_layer_8,1.9673
decode_top,1,1,9,decode_layer_9,1.9701
decode_top,1,1,10,decode_layer_10,1.9670
decode_top,1,1,11,decode_layer_11,1.9694
decode_top,1,1,-1,final_layernorm,0.0085
decode_top,1,1,-1,vocab_gemm,0.7735
decode_top,1,1,-1,logits_d2h,0.0565
decode_top,1,1,-1,argmax_cpu,0.0648
decode_top,1,1,-1,make_response,0.0009
decode_top,1,1,-1,prepare_input_host,0.0008
decode_top,1,1,-1,input_h2d,0.0117
decode_top,1,1,-1,embedding,0.0083
decode_top,1,1,0,decode_layer_0,1.9657
decode_top,1,1,1,decode_layer_1,1.9686
decode_top,1,1,2,decode_layer_2,1.9673
decode_top,1,1,3,decode_layer_3,1.9670
decode_top,1,1,4,decode_layer_4,1.9671
decode_top,1,1,5,decode_layer_5,1.9647
decode_top,1,1,6,decode_layer_6,1.9656
decode_top,1,1,7,decode_layer_7,1.9668
decode_top,1,1,8,decode_layer_8,1.9668
decode_top,1,1,9,decode_layer_9,1.9663
decode_top,1,1,10,decode_layer_10,1.9662
decode_top,1,1,11,decode_layer_11,1.9656
decode_top,1,1,-1,final_layernorm,0.0085
decode_top,1,1,-1,vocab_gemm,0.7688
decode_top,1,1,-1,logits_d2h,0.0558
decode_top,1,1,-1,argmax_cpu,0.0647
decode_top,1,1,-1,make_response,0.0008
decode_top,1,1,-1,prepare_input_host,0.0008
decode_top,1,1,-1,input_h2d,0.0120
decode_top,1,1,-1,embedding,0.0079
decode_top,1,1,0,decode_layer_0,1.9664
decode_top,1,1,1,decode_layer_1,1.9666
decode_top,1,1,2,decode_layer_2,1.9651
decode_top,1,1,3,decode_layer_3,1.9654
decode_top,1,1,4,decode_layer_4,1.9651
decode_top,1,1,5,decode_layer_5,1.9668
decode_top,1,1,6,decode_layer_6,1.9674
decode_top,1,1,7,decode_layer_7,1.9678
decode_top,1,1,8,decode_layer_8,1.9658
decode_top,1,1,9,decode_layer_9,1.9682
decode_top,1,1,10,decode_layer_10,1.9666
decode_top,1,1,11,decode_layer_11,1.9633
decode_top,1,1,-1,final_layernorm,0.0085
decode_top,1,1,-1,vocab_gemm,0.7719
decode_top,1,1,-1,logits_d2h,0.0569
decode_top,1,1,-1,argmax_cpu,0.0649
decode_top,1,1,-1,make_response,0.0008
decode_top,1,1,-1,prepare_input_host,0.0008
decode_top,1,1,-1,input_h2d,0.0116
decode_top,1,1,-1,embedding,0.0080
decode_top,1,1,0,decode_layer_0,1.9687
decode_top,1,1,1,decode_layer_1,1.9687
decode_top,1,1,2,decode_layer_2,1.9651
decode_top,1,1,3,decode_layer_3,1.9675
decode_top,1,1,4,decode_layer_4,1.9690
decode_top,1,1,5,decode_layer_5,1.9664
decode_top,1,1,6,decode_layer_6,1.9656
decode_top,1,1,7,decode_layer_7,1.9686
decode_top,1,1,8,decode_layer_8,1.9671
decode_top,1,1,9,decode_layer_9,1.9676
decode_top,1,1,10,decode_layer_10,1.9647
decode_top,1,1,11,decode_layer_11,1.9651
decode_top,1,1,-1,final_layernorm,0.0084
decode_top,1,1,-1,vocab_gemm,0.7718
decode_top,1,1,-1,logits_d2h,0.0557
decode_top,1,1,-1,argmax_cpu,0.0647
decode_top,1,1,-1,make_response,0.0008
decode_top,1,1,-1,prepare_input_host,0.0008
decode_top,1,1,-1,input_h2d,0.0118
decode_top,1,1,-1,embedding,0.0080
decode_top,1,1,0,decode_layer_0,1.9692
decode_top,1,1,1,decode_layer_1,1.9671
decode_top,1,1,2,decode_layer_2,1.9659
decode_top,1,1,3,decode_layer_3,1.9665
decode_top,1,1,4,decode_layer_4,1.9682
decode_top,1,1,5,decode_layer_5,1.9675
decode_top,1,1,6,decode_layer_6,1.9673
decode_top,1,1,7,decode_layer_7,1.9674
decode_top,1,1,8,decode_layer_8,1.9701
decode_top,1,1,9,decode_layer_9,1.9709
decode_top,1,1,10,decode_layer_10,1.9675
decode_top,1,1,11,decode_layer_11,1.9660
decode_top,1,1,-1,final_layernorm,0.0097
decode_top,1,1,-1,vocab_gemm,0.7698
decode_top,1,1,-1,logits_d2h,0.0551
decode_top,1,1,-1,argmax_cpu,0.0680
decode_top,1,1,-1,make_response,0.0009
decode_top,1,1,-1,prepare_input_host,0.0009
decode_top,1,1,-1,input_h2d,0.0122
decode_top,1,1,-1,embedding,0.0081
decode_top,1,1,0,decode_layer_0,1.9643
decode_top,1,1,1,decode_layer_1,1.9703
decode_top,1,1,2,decode_layer_2,1.9667
decode_top,1,1,3,decode_layer_3,1.9643
decode_top,1,1,4,decode_layer_4,1.8979
decode_top,1,1,5,decode_layer_5,1.8186
decode_top,1,1,6,decode_layer_6,1.8163
decode_top,1,1,7,decode_layer_7,1.8189
decode_top,1,1,8,decode_layer_8,1.8158
decode_top,1,1,9,decode_layer_9,1.8176
decode_top,1,1,10,decode_layer_10,1.8179
decode_top,1,1,11,decode_layer_11,1.8173
decode_top,1,1,-1,final_layernorm,0.0082
decode_top,1,1,-1,vocab_gemm,0.7222
decode_top,1,1,-1,logits_d2h,0.0563
decode_top,1,1,-1,argmax_cpu,0.0646
decode_top,1,1,-1,make_response,0.0009
decode_top,1,1,-1,prepare_input_host,0.0008
decode_top,1,1,-1,input_h2d,0.0114
decode_top,1,1,-1,embedding,0.0083
decode_top,1,1,0,decode_layer_0,1.8174
decode_top,1,1,1,decode_layer_1,1.8163
decode_top,1,1,2,decode_layer_2,1.8147
decode_top,1,1,3,decode_layer_3,1.8196
decode_top,1,1,4,decode_layer_4,1.8162
decode_top,1,1,5,decode_layer_5,1.8202
decode_top,1,1,6,decode_layer_6,1.8158
decode_top,1,1,7,decode_layer_7,1.8186
decode_top,1,1,8,decode_layer_8,1.8161
decode_top,1,1,9,decode_layer_9,1.8191
decode_top,1,1,10,decode_layer_10,1.8189
decode_top,1,1,11,decode_layer_11,1.8226
decode_top,1,1,-1,final_layernorm,0.0081
decode_top,1,1,-1,vocab_gemm,0.7163
decode_top,1,1,-1,logits_d2h,0.0546
decode_top,1,1,-1,argmax_cpu,0.0649
decode_top,1,1,-1,make_response,0.0009
decode_top,1,1,-1,prepare_input_host,0.0008
decode_top,1,1,-1,input_h2d,0.0116
decode_top,1,1,-1,embedding,0.0078
decode_top,1,1,0,decode_layer_0,1.8177
decode_top,1,1,1,decode_layer_1,1.8167
decode_top,1,1,2,decode_layer_2,1.8144
decode_top,1,1,3,decode_layer_3,1.8138
decode_top,1,1,4,decode_layer_4,1.8132
decode_top,1,1,5,decode_layer_5,1.8144
decode_top,1,1,6,decode_layer_6,1.8132
decode_top,1,1,7,decode_layer_7,1.8158
decode_top,1,1,8,decode_layer_8,1.8142
decode_top,1,1,9,decode_layer_9,1.8272
decode_top,1,1,10,decode_layer_10,1.8220
decode_top,1,1,11,decode_layer_11,1.8225
decode_top,1,1,-1,final_layernorm,0.0102
decode_top,1,1,-1,vocab_gemm,0.7154
decode_top,1,1,-1,logits_d2h,0.0591
decode_top,1,1,-1,argmax_cpu,0.0662
decode_top,1,1,-1,make_response,0.0019
decode_top,1,1,-1,prepare_input_host,0.0019
decode_top,1,1,-1,input_h2d,0.0155
decode_top,1,1,-1,embedding,0.0095
decode_top,1,1,0,decode_layer_0,1.8233
decode_top,1,1,1,decode_layer_1,1.8220
decode_top,1,1,2,decode_layer_2,1.8195
decode_top,1,1,3,decode_layer_3,1.8156
decode_top,1,1,4,decode_layer_4,1.8145
decode_top,1,1,5,decode_layer_5,1.8163
decode_top,1,1,6,decode_layer_6,1.8123
decode_top,1,1,7,decode_layer_7,1.8183
decode_top,1,1,8,decode_layer_8,1.8163
decode_top,1,1,9,decode_layer_9,1.8166
decode_top,1,1,10,decode_layer_10,1.8142
decode_top,1,1,11,decode_layer_11,1.8138
decode_top,1,1,-1,final_layernorm,0.0083
decode_top,1,1,-1,vocab_gemm,0.7190
decode_top,1,1,-1,logits_d2h,0.0598
decode_top,1,1,-1,argmax_cpu,0.0651
decode_top,1,1,-1,make_response,0.0008
decode_top,1,1,-1,prepare_input_host,0.0009
decode_top,1,1,-1,input_h2d,0.0113
decode_top,1,1,-1,embedding,0.0081
decode_top,1,1,0,decode_layer_0,1.8137
decode_top,1,1,1,decode_layer_1,1.8150
decode_top,1,1,2,decode_layer_2,1.8150
decode_top,1,1,3,decode_layer_3,1.8148
decode_top,1,1,4,decode_layer_4,1.8125
decode_top,1,1,5,decode_layer_5,1.8150
decode_top,1,1,6,decode_layer_6,1.8144
decode_top,1,1,7,decode_layer_7,1.8141
decode_top,1,1,8,decode_layer_8,1.8138
decode_top,1,1,9,decode_layer_9,1.8126
decode_top,1,1,10,decode_layer_10,1.8141
decode_top,1,1,11,decode_layer_11,1.8166
decode_top,1,1,-1,final_layernorm,0.0080
decode_top,1,1,-1,vocab_gemm,0.7170
decode_top,1,1,-1,logits_d2h,0.0557
decode_top,1,1,-1,argmax_cpu,0.0646
decode_top,1,1,-1,make_response,0.0008
decode_top,1,1,-1,prepare_input_host,0.0008
decode_top,1,1,-1,input_h2d,0.0112
decode_top,1,1,-1,embedding,0.0078
decode_top,1,1,0,decode_layer_0,1.8142
decode_top,1,1,1,decode_layer_1,1.8137
decode_top,1,1,2,decode_layer_2,1.8144
decode_top,1,1,3,decode_layer_3,1.8142
decode_top,1,1,4,decode_layer_4,1.8125
decode_top,1,1,5,decode_layer_5,1.8162
decode_top,1,1,6,decode_layer_6,1.8176
decode_top,1,1,7,decode_layer_7,1.8148
decode_top,1,1,8,decode_layer_8,1.8126
decode_top,1,1,9,decode_layer_9,1.8149
decode_top,1,1,10,decode_layer_10,1.8124
decode_top,1,1,11,decode_layer_11,1.8146
decode_top,1,1,-1,final_layernorm,0.0081
decode_top,1,1,-1,vocab_gemm,0.7768
decode_top,1,1,-1,logits_d2h,0.0554
decode_top,1,1,-1,argmax_cpu,0.0645
decode_top,1,1,-1,make_response,0.0008
decode_top,1,1,-1,prepare_input_host,0.0008
decode_top,1,1,-1,input_h2d,0.0113
decode_top,1,1,-1,embedding,0.0077
decode_top,1,1,0,decode_layer_0,1.8131
decode_top,1,1,1,decode_layer_1,1.8142
decode_top,1,1,2,decode_layer_2,1.8158
decode_top,1,1,3,decode_layer_3,1.8170
decode_top,1,1,4,decode_layer_4,1.8151
decode_top,1,1,5,decode_layer_5,1.8159
decode_top,1,1,6,decode_layer_6,1.8147
decode_top,1,1,7,decode_layer_7,1.8161
decode_top,1,1,8,decode_layer_8,1.8132
decode_top,1,1,9,decode_layer_9,1.8150
decode_top,1,1,10,decode_layer_10,1.8140
decode_top,1,1,11,decode_layer_11,1.8157
decode_top,1,1,-1,final_layernorm,0.0081
decode_top,1,1,-1,vocab_gemm,0.7146
decode_top,1,1,-1,logits_d2h,0.0555
decode_top,1,1,-1,argmax_cpu,0.0646
decode_top,1,1,-1,make_response,0.0008
decode_top,1,1,-1,prepare_input_host,0.0009
decode_top,1,1,-1,input_h2d,0.0116
decode_top,1,1,-1,embedding,0.0079
decode_top,1,1,0,decode_layer_0,1.7975
decode_top,1,1,1,decode_layer_1,1.8014
decode_top,1,1,2,decode_layer_2,1.7978
decode_top,1,1,3,decode_layer_3,1.8002
decode_top,1,1,4,decode_layer_4,1.7995
decode_top,1,1,5,decode_layer_5,1.7987
decode_top,1,1,6,decode_layer_6,1.7947
decode_top,1,1,7,decode_layer_7,1.7977
decode_top,1,1,8,decode_layer_8,1.7956
decode_top,1,1,9,decode_layer_9,1.7982
decode_top,1,1,10,decode_layer_10,1.7961
decode_top,1,1,11,decode_layer_11,1.7995
decode_top,1,1,-1,final_layernorm,0.0082
decode_top,1,1,-1,vocab_gemm,0.7067
decode_top,1,1,-1,logits_d2h,0.0556
decode_top,1,1,-1,argmax_cpu,0.0645
decode_top,1,1,-1,make_response,0.0009
decode_top,1,1,-1,prepare_input_host,0.0008
decode_top,1,1,-1,input_h2d,0.0117
decode_top,1,1,-1,embedding,0.0076
decode_top,1,1,0,decode_layer_0,1.7968
decode_top,1,1,1,decode_layer_1,1.7993
decode_top,1,1,2,decode_layer_2,1.7984
decode_top,1,1,3,decode_layer_3,1.7984
decode_top,1,1,4,decode_layer_4,1.7982
decode_top,1,1,5,decode_layer_5,1.8013
decode_top,1,1,6,decode_layer_6,1.7979
decode_top,1,1,7,decode_layer_7,1.8000
decode_top,1,1,8,decode_layer_8,1.7990
decode_top,1,1,9,decode_layer_9,1.8010
decode_top,1,1,10,decode_layer_10,1.7980
decode_top,1,1,11,decode_layer_11,1.8012
decode_top,1,1,-1,final_layernorm,0.0083
decode_top,1,1,-1,vocab_gemm,0.7090
decode_top,1,1,-1,logits_d2h,0.0722
decode_top,1,1,-1,argmax_cpu,0.0685
decode_top,1,1,-1,make_response,0.0009
decode_top,1,1,-1,prepare_input_host,0.0009
decode_top,1,1,-1,input_h2d,0.0115
decode_top,1,1,-1,embedding,0.0081
decode_top,1,1,0,decode_layer_0,1.7979
decode_top,1,1,1,decode_layer_1,1.8014
decode_top,1,1,2,decode_layer_2,1.8001
decode_top,1,1,3,decode_layer_3,1.7984
decode_top,1,1,4,decode_layer_4,1.7967
decode_top,1,1,5,decode_layer_5,1.8001
decode_top,1,1,6,decode_layer_6,1.7976
decode_top,1,1,7,decode_layer_7,1.7990
decode_top,1,1,8,decode_layer_8,1.7989
decode_top,1,1,9,decode_layer_9,1.8014
decode_top,1,1,10,decode_layer_10,1.8001
decode_top,1,1,11,decode_layer_11,1.8009
decode_top,1,1,-1,final_layernorm,0.0108
decode_top,1,1,-1,vocab_gemm,0.7069
decode_top,1,1,-1,logits_d2h,0.0557
decode_top,1,1,-1,argmax_cpu,0.0650
decode_top,1,1,-1,make_response,0.0009
decode_top,1,1,-1,prepare_input_host,0.0009
decode_top,1,1,-1,input_h2d,0.0113
decode_top,1,1,-1,embedding,0.0080
decode_top,1,1,0,decode_layer_0,1.7973
decode_top,1,1,1,decode_layer_1,1.7998
decode_top,1,1,2,decode_layer_2,1.7973
decode_top,1,1,3,decode_layer_3,1.7993
decode_top,1,1,4,decode_layer_4,1.7925
decode_top,1,1,5,decode_layer_5,1.7975
decode_top,1,1,6,decode_layer_6,1.7916
decode_top,1,1,7,decode_layer_7,1.7932
decode_top,1,1,8,decode_layer_8,1.7937
decode_top,1,1,9,decode_layer_9,1.7959
decode_top,1,1,10,decode_layer_10,1.7934
decode_top,1,1,11,decode_layer_11,1.7971
decode_top,1,1,-1,final_layernorm,0.0100
decode_top,1,1,-1,vocab_gemm,0.6994
decode_top,1,1,-1,logits_d2h,0.0637
decode_top,1,1,-1,argmax_cpu,0.0710
decode_top,1,1,-1,make_response,0.0010
decode_top,1,1,-1,prepare_input_host,0.0010
decode_top,1,1,-1,input_h2d,0.0122
decode_top,1,1,-1,embedding,0.0080
decode_top,1,1,0,decode_layer_0,1.7937
decode_top,1,1,1,decode_layer_1,1.7986
decode_top,1,1,2,decode_layer_2,1.7940
decode_top,1,1,3,decode_layer_3,1.7952
decode_top,1,1,4,decode_layer_4,1.7946
decode_top,1,1,5,decode_layer_5,1.7987
decode_top,1,1,6,decode_layer_6,1.7943
decode_top,1,1,7,decode_layer_7,1.7937
decode_top,1,1,8,decode_layer_8,1.7916
decode_top,1,1,9,decode_layer_9,1.8009
decode_top,1,1,10,decode_layer_10,1.7921
decode_top,1,1,11,decode_layer_11,1.7940
decode_top,1,1,-1,final_layernorm,0.0080
decode_top,1,1,-1,vocab_gemm,0.7053
decode_top,1,1,-1,logits_d2h,0.0601
decode_top,1,1,-1,argmax_cpu,0.0648
decode_top,1,1,-1,make_response,0.0008
decode_top,1,1,-1,prepare_input_host,0.0009
decode_top,1,1,-1,input_h2d,0.0116
decode_top,1,1,-1,embedding,0.0078
decode_top,1,1,0,decode_layer_0,1.7918
decode_top,1,1,1,decode_layer_1,1.7956
decode_top,1,1,2,decode_layer_2,1.7929
decode_top,1,1,3,decode_layer_3,1.7966
decode_top,1,1,4,decode_layer_4,1.7932
decode_top,1,1,5,decode_layer_5,1.7983
decode_top,1,1,6,decode_layer_6,1.7930
decode_top,1,1,7,decode_layer_7,1.7963
decode_top,1,1,8,decode_layer_8,1.7956
decode_top,1,1,9,decode_layer_9,1.8134
decode_top,1,1,10,decode_layer_10,1.7939
decode_top,1,1,11,decode_layer_11,1.7949
decode_top,1,1,-1,final_layernorm,0.0081
decode_top,1,1,-1,vocab_gemm,0.7134
decode_top,1,1,-1,logits_d2h,0.0563
decode_top,1,1,-1,argmax_cpu,0.0646
decode_top,1,1,-1,make_response,0.0008
decode_top,1,1,-1,prepare_input_host,0.0008
decode_top,1,1,-1,input_h2d,0.0119
decode_top,1,1,-1,embedding,0.0077
decode_top,1,1,0,decode_layer_0,1.7928
decode_top,1,1,1,decode_layer_1,1.7952
decode_top,1,1,2,decode_layer_2,1.7917
decode_top,1,1,3,decode_layer_3,1.7953
decode_top,1,1,4,decode_layer_4,1.7944
decode_top,1,1,5,decode_layer_5,1.7939
decode_top,1,1,6,decode_layer_6,1.8011
decode_top,1,1,7,decode_layer_7,1.7974
decode_top,1,1,8,decode_layer_8,1.7933
decode_top,1,1,9,decode_layer_9,1.7985
decode_top,1,1,10,decode_layer_10,1.7950
decode_top,1,1,11,decode_layer_11,1.7953
decode_top,1,1,-1,final_layernorm,0.0080
decode_top,1,1,-1,vocab_gemm,0.6980
decode_top,1,1,-1,logits_d2h,0.0563
decode_top,1,1,-1,argmax_cpu,0.0708
decode_top,1,1,-1,make_response,0.0010
decode_top,1,1,-1,prepare_input_host,0.0009
decode_top,1,1,-1,input_h2d,0.0114
decode_top,1,1,-1,embedding,0.0080
decode_top,1,1,0,decode_layer_0,1.7944
decode_top,1,1,1,decode_layer_1,1.8040
decode_top,1,1,2,decode_layer_2,1.7954
decode_top,1,1,3,decode_layer_3,1.7955
decode_top,1,1,4,decode_layer_4,1.7929
decode_top,1,1,5,decode_layer_5,1.7916
decode_top,1,1,6,decode_layer_6,1.7919
decode_top,1,1,7,decode_layer_7,1.7966
decode_top,1,1,8,decode_layer_8,1.7907
decode_top,1,1,9,decode_layer_9,1.7913
decode_top,1,1,10,decode_layer_10,1.7920
decode_top,1,1,11,decode_layer_11,1.7934
decode_top,1,1,-1,final_layernorm,0.0080
decode_top,1,1,-1,vocab_gemm,0.7038
decode_top,1,1,-1,logits_d2h,0.0580
decode_top,1,1,-1,argmax_cpu,0.0646
decode_top,1,1,-1,make_response,0.0009
decode_top,1,1,-1,prepare_input_host,0.0008
decode_top,1,1,-1,input_h2d,0.0113
decode_top,1,1,-1,embedding,0.0076
decode_top,1,1,0,decode_layer_0,1.7939
decode_top,1,1,1,decode_layer_1,1.7926
decode_top,1,1,2,decode_layer_2,1.7917
decode_top,1,1,3,decode_layer_3,1.7934
decode_top,1,1,4,decode_layer_4,1.7943
decode_top,1,1,5,decode_layer_5,1.7939
decode_top,1,1,6,decode_layer_6,1.7959
decode_top,1,1,7,decode_layer_7,1.7936
decode_top,1,1,8,decode_layer_8,1.7933
decode_top,1,1,9,decode_layer_9,1.7938
decode_top,1,1,10,decode_layer_10,1.7921
decode_top,1,1,11,decode_layer_11,1.7956
decode_top,1,1,-1,final_layernorm,0.0081
decode_top,1,1,-1,vocab_gemm,0.6948
decode_top,1,1,-1,logits_d2h,0.0553
decode_top,1,1,-1,argmax_cpu,0.0647
decode_top,1,1,-1,make_response,0.0008
decode_top,1,1,-1,prepare_input_host,0.0008
decode_top,1,1,-1,input_h2d,0.0119
decode_top,1,1,-1,embedding,0.0079
decode_top,1,1,0,decode_layer_0,1.7923
decode_top,1,1,1,decode_layer_1,1.7918
decode_top,1,1,2,decode_layer_2,1.7934
decode_top,1,1,3,decode_layer_3,1.7962
decode_top,1,1,4,decode_layer_4,1.7925
decode_top,1,1,5,decode_layer_5,1.7935
decode_top,1,1,6,decode_layer_6,1.7936
decode_top,1,1,7,decode_layer_7,1.7928
decode_top,1,1,8,decode_layer_8,1.7931
decode_top,1,1,9,decode_layer_9,1.7931
decode_top,1,1,10,decode_layer_10,1.7939
decode_top,1,1,11,decode_layer_11,1.7955
decode_top,1,1,-1,final_layernorm,0.0080
decode_top,1,1,-1,vocab_gemm,0.7008
decode_top,1,1,-1,logits_d2h,0.0566
decode_top,1,1,-1,argmax_cpu,0.0648
decode_top,1,1,-1,make_response,0.0009
decode_top,1,1,-1,prepare_input_host,0.0008
decode_top,1,1,-1,input_h2d,0.0113
decode_top,1,1,-1,embedding,0.0078
decode_top,1,1,0,decode_layer_0,1.7933
decode_top,1,1,1,decode_layer_1,1.7934
decode_top,1,1,2,decode_layer_2,1.7933
decode_top,1,1,3,decode_layer_3,1.7996
decode_top,1,1,4,decode_layer_4,1.7929
decode_top,1,1,5,decode_layer_5,1.7935
decode_top,1,1,6,decode_layer_6,1.7935
decode_top,1,1,7,decode_layer_7,1.7937
decode_top,1,1,8,decode_layer_8,1.7923
decode_top,1,1,9,decode_layer_9,1.7931
decode_top,1,1,10,decode_layer_10,1.7940
decode_top,1,1,11,decode_layer_11,1.7953
decode_top,1,1,-1,final_layernorm,0.0080
decode_top,1,1,-1,vocab_gemm,0.7080
decode_top,1,1,-1,logits_d2h,0.0583
decode_top,1,1,-1,argmax_cpu,0.0647
decode_top,1,1,-1,make_response,0.0009
decode_top,1,1,-1,prepare_input_host,0.0009
decode_top,1,1,-1,input_h2d,0.0116
decode_top,1,1,-1,embedding,0.0076
decode_top,1,1,0,decode_layer_0,1.7907
decode_top,1,1,1,decode_layer_1,1.7928
decode_top,1,1,2,decode_layer_2,1.7943
decode_top,1,1,3,decode_layer_3,1.7938
decode_top,1,1,4,decode_layer_4,1.7909
decode_top,1,1,5,decode_layer_5,1.7937
decode_top,1,1,6,decode_layer_6,1.7927
decode_top,1,1,7,decode_layer_7,1.7920
decode_top,1,1,8,decode_layer_8,1.7919
decode_top,1,1,9,decode_layer_9,1.7947
decode_top,1,1,10,decode_layer_10,1.7921
decode_top,1,1,11,decode_layer_11,1.7955
decode_top,1,1,-1,final_layernorm,0.0080
decode_top,1,1,-1,vocab_gemm,0.7020
decode_top,1,1,-1,logits_d2h,0.0574
decode_top,1,1,-1,argmax_cpu,0.0649
decode_top,1,1,-1,make_response,0.0009
decode_top,1,1,-1,prepare_input_host,0.0008
decode_top,1,1,-1,input_h2d,0.0117
decode_top,1,1,-1,embedding,0.0076
decode_top,1,1,0,decode_layer_0,1.7956
decode_top,1,1,1,decode_layer_1,1.7957
decode_top,1,1,2,decode_layer_2,1.7930
decode_top,1,1,3,decode_layer_3,1.7943
decode_top,1,1,4,decode_layer_4,1.7933
decode_top,1,1,5,decode_layer_5,1.7976
decode_top,1,1,6,decode_layer_6,1.7960
decode_top,1,1,7,decode_layer_7,1.7936
decode_top,1,1,8,decode_layer_8,1.7963
decode_top,1,1,9,decode_layer_9,1.7941
decode_top,1,1,10,decode_layer_10,1.7933
decode_top,1,1,11,decode_layer_11,1.7964
decode_top,1,1,-1,final_layernorm,0.0083
decode_top,1,1,-1,vocab_gemm,0.7046
decode_top,1,1,-1,logits_d2h,0.0555
decode_top,1,1,-1,argmax_cpu,0.0651
decode_top,1,1,-1,make_response,0.0009
decode_top,1,1,-1,prepare_input_host,0.0008
decode_top,1,1,-1,input_h2d,0.0112
decode_top,1,1,-1,embedding,0.0079
decode_top,1,1,0,decode_layer_0,1.7927
decode_top,1,1,1,decode_layer_1,1.7952
decode_top,1,1,2,decode_layer_2,1.7921
decode_top,1,1,3,decode_layer_3,1.7946
decode_top,1,1,4,decode_layer_4,1.7938
decode_top,1,1,5,decode_layer_5,1.7966
decode_top,1,1,6,decode_layer_6,1.7939
decode_top,1,1,7,decode_layer_7,1.7951
decode_top,1,1,8,decode_layer_8,1.7927
decode_top,1,1,9,decode_layer_9,1.7957
decode_top,1,1,10,decode_layer_10,1.7957
decode_top,1,1,11,decode_layer_11,1.7925
decode_top,1,1,-1,final_layernorm,0.0080
decode_top,1,1,-1,vocab_gemm,0.7011
decode_top,1,1,-1,logits_d2h,0.0553
decode_top,1,1,-1,argmax_cpu,0.0651
decode_top,1,1,-1,make_response,0.0009
decode_top,2,2,-1,prepare_input_host,0.0009
decode_top,2,2,-1,input_h2d,0.0126
decode_top,2,2,-1,embedding,0.0091
decode_top,2,2,0,decode_layer_0,1.7991
decode_top,2,2,1,decode_layer_1,1.7969
decode_top,2,2,2,decode_layer_2,1.7977
decode_top,2,2,3,decode_layer_3,1.7990
decode_top,2,2,4,decode_layer_4,1.7983
decode_top,2,2,5,decode_layer_5,1.7984
decode_top,2,2,6,decode_layer_6,1.7982
decode_top,2,2,7,decode_layer_7,1.8030
decode_top,2,2,8,decode_layer_8,1.7978
decode_top,2,2,9,decode_layer_9,1.7994
decode_top,2,2,10,decode_layer_10,1.7970
decode_top,2,2,11,decode_layer_11,1.7997
decode_top,2,2,-1,final_layernorm,0.0080
decode_top,2,2,-1,vocab_gemm,0.7027
decode_top,2,2,-1,logits_d2h,0.1033
decode_top,2,2,-1,argmax_cpu,0.1331
decode_top,2,2,-1,make_response,0.0009
decode_top,2,2,-1,prepare_input_host,0.0009
decode_top,2,2,-1,input_h2d,0.0121
decode_top,2,2,-1,embedding,0.0083
decode_top,2,2,0,decode_layer_0,1.8013
decode_top,2,2,1,decode_layer_1,1.7998
decode_top,2,2,2,decode_layer_2,1.7986
decode_top,2,2,3,decode_layer_3,1.8007
decode_top,2,2,4,decode_layer_4,1.7992
decode_top,2,2,5,decode_layer_5,1.7999
decode_top,2,2,6,decode_layer_6,1.8015
decode_top,2,2,7,decode_layer_7,1.7978
decode_top,2,2,8,decode_layer_8,1.7995
decode_top,2,2,9,decode_layer_9,1.8012
decode_top,2,2,10,decode_layer_10,1.7986
decode_top,2,2,11,decode_layer_11,1.7979
decode_top,2,2,-1,final_layernorm,0.0085
decode_top,2,2,-1,vocab_gemm,0.7128
decode_top,2,2,-1,logits_d2h,0.1047
decode_top,2,2,-1,argmax_cpu,0.1285
decode_top,2,2,-1,make_response,0.0009
decode_top,2,2,-1,prepare_input_host,0.0009
decode_top,2,2,-1,input_h2d,0.0118
decode_top,2,2,-1,embedding,0.0081
decode_top,2,2,0,decode_layer_0,1.8017
decode_top,2,2,1,decode_layer_1,1.7974
decode_top,2,2,2,decode_layer_2,1.7996
decode_top,2,2,3,decode_layer_3,1.8005
decode_top,2,2,4,decode_layer_4,1.8012
decode_top,2,2,5,decode_layer_5,1.8026
decode_top,2,2,6,decode_layer_6,1.7996
decode_top,2,2,7,decode_layer_7,1.8004
decode_top,2,2,8,decode_layer_8,1.8007
decode_top,2,2,9,decode_layer_9,1.7998
decode_top,2,2,10,decode_layer_10,1.8001
decode_top,2,2,11,decode_layer_11,1.8014
decode_top,2,2,-1,final_layernorm,0.0083
decode_top,2,2,-1,vocab_gemm,0.7070
decode_top,2,2,-1,logits_d2h,0.1144
decode_top,2,2,-1,argmax_cpu,0.1284
decode_top,2,2,-1,make_response,0.0009
decode_top,2,2,-1,prepare_input_host,0.0009
decode_top,2,2,-1,input_h2d,0.0120
decode_top,2,2,-1,embedding,0.0085
decode_top,2,2,0,decode_layer_0,1.7981
decode_top,2,2,1,decode_layer_1,1.8010
decode_top,2,2,2,decode_layer_2,1.7980
decode_top,2,2,3,decode_layer_3,1.8022
decode_top,2,2,4,decode_layer_4,1.7969
decode_top,2,2,5,decode_layer_5,1.8014
decode_top,2,2,6,decode_layer_6,1.7983
decode_top,2,2,7,decode_layer_7,1.8006
decode_top,2,2,8,decode_layer_8,1.7965
decode_top,2,2,9,decode_layer_9,1.8019
decode_top,2,2,10,decode_layer_10,1.7986
decode_top,2,2,11,decode_layer_11,1.7987
decode_top,2,2,-1,final_layernorm,0.0081
decode_top,2,2,-1,vocab_gemm,0.7074
decode_top,2,2,-1,logits_d2h,0.1139
decode_top,2,2,-1,argmax_cpu,0.1291
decode_top,2,2,-1,make_response,0.0009
decode_top,2,2,-1,prepare_input_host,0.0009
decode_top,2,2,-1,input_h2d,0.0117
decode_top,2,2,-1,embedding,0.0080
decode_top,2,2,0,decode_layer_0,1.8037
decode_top,2,2,1,decode_layer_1,1.8027
decode_top,2,2,2,decode_layer_2,1.7977
decode_top,2,2,3,decode_layer_3,1.8001
decode_top,2,2,4,decode_layer_4,1.7971
decode_top,2,2,5,decode_layer_5,1.8011
decode_top,2,2,6,decode_layer_6,1.7978
decode_top,2,2,7,decode_layer_7,1.8001
decode_top,2,2,8,decode_layer_8,1.7978
decode_top,2,2,9,decode_layer_9,1.8011
decode_top,2,2,10,decode_layer_10,1.7982
decode_top,2,2,11,decode_layer_11,1.7994
decode_top,2,2,-1,final_layernorm,0.0091
decode_top,2,2,-1,vocab_gemm,0.7064
decode_top,2,2,-1,logits_d2h,0.1151
decode_top,2,2,-1,argmax_cpu,0.1285
decode_top,2,2,-1,make_response,0.0009
decode_top,2,2,-1,prepare_input_host,0.0008
decode_top,2,2,-1,input_h2d,0.0119
decode_top,2,2,-1,embedding,0.0085
decode_top,2,2,0,decode_layer_0,1.8008
decode_top,2,2,1,decode_layer_1,1.8016
decode_top,2,2,2,decode_layer_2,1.7981
decode_top,2,2,3,decode_layer_3,1.8041
decode_top,2,2,4,decode_layer_4,1.7982
decode_top,2,2,5,decode_layer_5,1.8010
decode_top,2,2,6,decode_layer_6,1.8007
decode_top,2,2,7,decode_layer_7,1.8023
decode_top,2,2,8,decode_layer_8,1.7974
decode_top,2,2,9,decode_layer_9,1.8007
decode_top,2,2,10,decode_layer_10,1.7986
decode_top,2,2,11,decode_layer_11,1.8022
decode_top,2,2,-1,final_layernorm,0.0081
decode_top,2,2,-1,vocab_gemm,0.7086
decode_top,2,2,-1,logits_d2h,0.1182
decode_top,2,2,-1,argmax_cpu,0.1291
decode_top,2,2,-1,make_response,0.0008
decode_top,2,2,-1,prepare_input_host,0.0009
decode_top,2,2,-1,input_h2d,0.0118
decode_top,2,2,-1,embedding,0.0080
decode_top,2,2,0,decode_layer_0,1.7991
decode_top,2,2,1,decode_layer_1,1.8006
decode_top,2,2,2,decode_layer_2,1.7977
decode_top,2,2,3,decode_layer_3,1.8012
decode_top,2,2,4,decode_layer_4,1.7977
decode_top,2,2,5,decode_layer_5,1.8013
decode_top,2,2,6,decode_layer_6,1.7983
decode_top,2,2,7,decode_layer_7,1.8028
decode_top,2,2,8,decode_layer_8,1.7993
decode_top,2,2,9,decode_layer_9,1.8053
decode_top,2,2,10,decode_layer_10,1.7987
decode_top,2,2,11,decode_layer_11,1.8019
decode_top,2,2,-1,final_layernorm,0.0081
decode_top,2,2,-1,vocab_gemm,0.7118
decode_top,2,2,-1,logits_d2h,0.1144
decode_top,2,2,-1,argmax_cpu,0.1284
decode_top,2,2,-1,make_response,0.0008
decode_top,1,1,-1,prepare_input_host,0.0009
decode_top,1,1,-1,input_h2d,0.0118
decode_top,1,1,-1,embedding,0.0079
decode_top,1,1,0,decode_layer_0,1.7927
decode_top,1,1,1,decode_layer_1,1.7936
decode_top,1,1,2,decode_layer_2,1.7958
decode_top,1,1,3,decode_layer_3,1.7946
decode_top,1,1,4,decode_layer_4,1.7903
decode_top,1,1,5,decode_layer_5,1.7931
decode_top,1,1,6,decode_layer_6,1.7928
decode_top,1,1,7,decode_layer_7,1.7929
decode_top,1,1,8,decode_layer_8,1.7913
decode_top,1,1,9,decode_layer_9,1.7946
decode_top,1,1,10,decode_layer_10,1.7932
decode_top,1,1,11,decode_layer_11,1.7919
decode_top,1,1,-1,final_layernorm,0.0081
decode_top,1,1,-1,vocab_gemm,0.7009
decode_top,1,1,-1,logits_d2h,0.0615
decode_top,1,1,-1,argmax_cpu,0.0648
decode_top,1,1,-1,make_response,0.0009
decode_top,1,1,-1,prepare_input_host,0.0009
decode_top,1,1,-1,input_h2d,0.0117
decode_top,1,1,-1,embedding,0.0077
decode_top,1,1,0,decode_layer_0,1.7946
decode_top,1,1,1,decode_layer_1,1.7957
decode_top,1,1,2,decode_layer_2,1.7956
decode_top,1,1,3,decode_layer_3,1.7949
decode_top,1,1,4,decode_layer_4,1.7928
decode_top,1,1,5,decode_layer_5,1.7940
decode_top,1,1,6,decode_layer_6,1.7931
decode_top,1,1,7,decode_layer_7,1.7929
decode_top,1,1,8,decode_layer_8,1.7911
decode_top,1,1,9,decode_layer_9,1.7962
decode_top,1,1,10,decode_layer_10,1.7933
decode_top,1,1,11,decode_layer_11,1.7937
decode_top,1,1,-1,final_layernorm,0.0081
decode_top,1,1,-1,vocab_gemm,0.7042
decode_top,1,1,-1,logits_d2h,0.0573
decode_top,1,1,-1,argmax_cpu,0.0653
decode_top,1,1,-1,make_response,0.0009
decode_top,1,1,-1,prepare_input_host,0.0008
decode_top,1,1,-1,input_h2d,0.0113
decode_top,1,1,-1,embedding,0.0076
decode_top,1,1,0,decode_layer_0,1.7918
decode_top,1,1,1,decode_layer_1,1.7951
decode_top,1,1,2,decode_layer_2,1.7917
decode_top,1,1,3,decode_layer_3,2.4942
decode_top,1,1,4,decode_layer_4,1.8554
decode_top,1,1,5,decode_layer_5,1.7946
decode_top,1,1,6,decode_layer_6,1.7919
decode_top,1,1,7,decode_layer_7,1.7973
decode_top,1,1,8,decode_layer_8,1.7974
decode_top,1,1,9,decode_layer_9,1.7936
decode_top,1,1,10,decode_layer_10,1.7938
decode_top,1,1,11,decode_layer_11,1.7947
decode_top,1,1,-1,final_layernorm,0.0081
decode_top,1,1,-1,vocab_gemm,0.7002
decode_top,1,1,-1,logits_d2h,0.1637
decode_top,1,1,-1,argmax_cpu,0.0650
decode_top,1,1,-1,make_response,0.0009
decode_top,1,1,-1,prepare_input_host,0.0036
decode_top,1,1,-1,input_h2d,0.0166
decode_top,1,1,-1,embedding,0.0121
decode_top,1,1,0,decode_layer_0,1.7958
decode_top,1,1,1,decode_layer_1,1.7940
decode_top,1,1,2,decode_layer_2,1.7927
decode_top,1,1,3,decode_layer_3,1.7946
decode_top,1,1,4,decode_layer_4,1.7958
decode_top,1,1,5,decode_layer_5,1.7989
decode_top,1,1,6,decode_layer_6,1.7923
decode_top,1,1,7,decode_layer_7,1.7927
decode_top,1,1,8,decode_layer_8,1.7961
decode_top,1,1,9,decode_layer_9,1.7928
decode_top,1,1,10,decode_layer_10,1.7927
decode_top,1,1,11,decode_layer_11,1.7946
decode_top,1,1,-1,final_layernorm,0.0080
decode_top,1,1,-1,vocab_gemm,0.7052
decode_top,1,1,-1,logits_d2h,0.0601
decode_top,1,1,-1,argmax_cpu,0.0652
decode_top,1,1,-1,make_response,0.0009
decode_top,1,1,-1,prepare_input_host,0.0008
decode_top,1,1,-1,input_h2d,0.0112
decode_top,1,1,-1,embedding,0.0079
decode_top,1,1,0,decode_layer_0,1.7944
decode_top,1,1,1,decode_layer_1,1.7958
decode_top,1,1,2,decode_layer_2,1.7944
decode_top,1,1,3,decode_layer_3,1.7981
decode_top,1,1,4,decode_layer_4,1.7961
decode_top,1,1,5,decode_layer_5,1.7955
decode_top,1,1,6,decode_layer_6,1.7920
decode_top,1,1,7,decode_layer_7,1.7940
decode_top,1,1,8,decode_layer_8,1.7942
decode_top,1,1,9,decode_layer_9,1.7946
decode_top,1,1,10,decode_layer_10,1.7932
decode_top,1,1,11,decode_layer_11,1.7988
decode_top,1,1,-1,final_layernorm,0.0082
decode_top,1,1,-1,vocab_gemm,0.7055
decode_top,1,1,-1,logits_d2h,0.0556
decode_top,1,1,-1,argmax_cpu,0.0650
decode_top,1,1,-1,make_response,0.0008
decode_top,1,1,-1,prepare_input_host,0.0008
decode_top,1,1,-1,input_h2d,0.0113
decode_top,1,1,-1,embedding,0.0078
decode_top,1,1,0,decode_layer_0,1.7951
decode_top,1,1,1,decode_layer_1,1.7960
decode_top,1,1,2,decode_layer_2,1.7929
decode_top,1,1,3,decode_layer_3,1.7960
decode_top,1,1,4,decode_layer_4,1.8077
decode_top,1,1,5,decode_layer_5,1.7947
decode_top,1,1,6,decode_layer_6,1.7938
decode_top,1,1,7,decode_layer_7,1.7947
decode_top,1,1,8,decode_layer_8,1.7948
decode_top,1,1,9,decode_layer_9,1.7956
decode_top,1,1,10,decode_layer_10,1.7952
decode_top,1,1,11,decode_layer_11,1.7952
decode_top,1,1,-1,final_layernorm,0.0083
decode_top,1,1,-1,vocab_gemm,0.7034
decode_top,1,1,-1,logits_d2h,0.0583
decode_top,1,1,-1,argmax_cpu,0.0646
decode_top,1,1,-1,make_response,0.0008
decode_top,1,1,-1,prepare_input_host,0.0008
decode_top,1,1,-1,input_h2d,0.0113
decode_top,1,1,-1,embedding,0.0078
decode_top,1,1,0,decode_layer_0,1.7956
decode_top,1,1,1,decode_layer_1,1.7954
decode_top,1,1,2,decode_layer_2,1.7937
decode_top,1,1,3,decode_layer_3,1.7962
decode_top,1,1,4,decode_layer_4,1.7959
decode_top,1,1,5,decode_layer_5,1.7968
decode_top,1,1,6,decode_layer_6,1.7939
decode_top,1,1,7,decode_layer_7,1.7966
decode_top,1,1,8,decode_layer_8,1.7960
decode_top,1,1,9,decode_layer_9,1.7964
decode_top,1,1,10,decode_layer_10,1.7934
decode_top,1,1,11,decode_layer_11,1.7965
decode_top,1,1,-1,final_layernorm,0.0080
decode_top,1,1,-1,vocab_gemm,0.7051
decode_top,1,1,-1,logits_d2h,0.0560
decode_top,1,1,-1,argmax_cpu,0.0651
decode_top,1,1,-1,make_response,0.0009
decode_top,1,1,-1,prepare_input_host,0.0008
decode_top,1,1,-1,input_h2d,0.0112
decode_top,1,1,-1,embedding,0.0079
decode_top,1,1,0,decode_layer_0,1.7917
decode_top,1,1,1,decode_layer_1,1.7932
decode_top,1,1,2,decode_layer_2,1.7931
decode_top,1,1,3,decode_layer_3,1.7919
decode_top,1,1,4,decode_layer_4,1.7923
decode_top,1,1,5,decode_layer_5,1.7948
decode_top,1,1,6,decode_layer_6,1.7892
decode_top,1,1,7,decode_layer_7,1.7943
decode_top,1,1,8,decode_layer_8,1.7894
decode_top,1,1,9,decode_layer_9,1.7942
decode_top,1,1,10,decode_layer_10,1.7909
decode_top,1,1,11,decode_layer_11,1.7914
decode_top,1,1,-1,final_layernorm,0.0081
decode_top,1,1,-1,vocab_gemm,0.7123
decode_top,1,1,-1,logits_d2h,0.0581
decode_top,1,1,-1,argmax_cpu,0.0649
decode_top,1,1,-1,make_response,0.0008
decode_top,1,1,-1,prepare_input_host,0.0009
decode_top,1,1,-1,input_h2d,0.0113
decode_top,1,1,-1,embedding,0.0077
decode_top,1,1,0,decode_layer_0,1.7938
decode_top,1,1,1,decode_layer_1,1.7973
decode_top,1,1,2,decode_layer_2,1.7932
decode_top,1,1,3,decode_layer_3,1.7932
decode_top,1,1,4,decode_layer_4,1.7929
decode_top,1,1,5,decode_layer_5,1.7930
decode_top,1,1,6,decode_layer_6,1.7901
decode_top,1,1,7,decode_layer_7,1.7935
decode_top,1,1,8,decode_layer_8,1.7921
decode_top,1,1,9,decode_layer_9,1.7939
decode_top,1,1,10,decode_layer_10,1.7938
decode_top,1,1,11,decode_layer_11,1.7947
decode_top,1,1,-1,final_layernorm,0.0084
decode_top,1,1,-1,vocab_gemm,0.7038
decode_top,1,1,-1,logits_d2h,0.0551
decode_top,1,1,-1,argmax_cpu,0.0647
decode_top,1,1,-1,make_response,0.0009
decode_top,1,1,-1,prepare_input_host,0.0008
decode_top,1,1,-1,input_h2d,0.0113
decode_top,1,1,-1,embedding,0.0078
decode_top,1,1,0,decode_layer_0,1.7907
decode_top,1,1,1,decode_layer_1,1.7953
decode_top,1,1,2,decode_layer_2,1.7935
decode_top,1,1,3,decode_layer_3,1.7939
decode_top,1,1,4,decode_layer_4,1.7921
decode_top,1,1,5,decode_layer_5,1.7929
decode_top,1,1,6,decode_layer_6,1.7916
decode_top,1,1,7,decode_layer_7,1.7942
decode_top,1,1,8,decode_layer_8,1.7934
decode_top,1,1,9,decode_layer_9,1.7961
decode_top,1,1,10,decode_layer_10,1.7938
decode_top,1,1,11,decode_layer_11,1.7946
decode_top,1,1,-1,final_layernorm,0.0080
decode_top,1,1,-1,vocab_gemm,0.7031
decode_top,1,1,-1,logits_d2h,0.0546
decode_top,1,1,-1,argmax_cpu,0.0650
decode_top,1,1,-1,make_response,0.0009
decode_top,1,1,-1,prepare_input_host,0.0009
decode_top,1,1,-1,input_h2d,0.0113
decode_top,1,1,-1,embedding,0.0078
decode_top,1,1,0,decode_layer_0,1.7918
decode_top,1,1,1,decode_layer_1,1.7951
decode_top,1,1,2,decode_layer_2,1.7948
decode_top,1,1,3,decode_layer_3,1.7965
decode_top,1,1,4,decode_layer_4,1.7926
decode_top,1,1,5,decode_layer_5,1.7926
decode_top,1,1,6,decode_layer_6,1.7926
decode_top,1,1,7,decode_layer_7,1.7953
decode_top,1,1,8,decode_layer_8,1.7929
decode_top,1,1,9,decode_layer_9,1.7975
decode_top,1,1,10,decode_layer_10,1.7946
decode_top,1,1,11,decode_layer_11,1.7954
decode_top,1,1,-1,final_layernorm,0.0081
decode_top,1,1,-1,vocab_gemm,0.7134
decode_top,1,1,-1,logits_d2h,0.0564
decode_top,1,1,-1,argmax_cpu,0.0651
decode_top,1,1,-1,make_response,0.0008
decode_top,1,1,-1,prepare_input_host,0.0009
decode_top,1,1,-1,input_h2d,0.0113
decode_top,1,1,-1,embedding,0.0080
decode_top,1,1,0,decode_layer_0,1.7928
decode_top,1,1,1,decode_layer_1,1.7946
decode_top,1,1,2,decode_layer_2,1.7922
decode_top,1,1,3,decode_layer_3,1.7950
decode_top,1,1,4,decode_layer_4,1.7936
decode_top,1,1,5,decode_layer_5,1.7956
decode_top,1,1,6,decode_layer_6,1.7938
decode_top,1,1,7,decode_layer_7,1.7946
decode_top,1,1,8,decode_layer_8,1.7952
decode_top,1,1,9,decode_layer_9,1.7960
decode_top,1,1,10,decode_layer_10,1.7928
decode_top,1,1,11,decode_layer_11,1.7960
decode_top,1,1,-1,final_layernorm,0.0080
decode_top,1,1,-1,vocab_gemm,0.7014
decode_top,1,1,-1,logits_d2h,0.0550
decode_top,1,1,-1,argmax_cpu,0.0646
decode_top,1,1,-1,make_response,0.0008
decode_top,1,1,-1,prepare_input_host,0.0009
decode_top,1,1,-1,input_h2d,0.0116
decode_top,1,1,-1,embedding,0.0079
decode_top,1,1,0,decode_layer_0,1.7949
decode_top,1,1,1,decode_layer_1,1.7933
decode_top,1,1,2,decode_layer_2,1.7940
decode_top,1,1,3,decode_layer_3,1.7984
decode_top,1,1,4,decode_layer_4,1.7946
decode_top,1,1,5,decode_layer_5,1.7932
decode_top,1,1,6,decode_layer_6,1.7979
decode_top,1,1,7,decode_layer_7,1.7944
decode_top,1,1,8,decode_layer_8,1.7944
decode_top,1,1,9,decode_layer_9,1.7928
decode_top,1,1,10,decode_layer_10,1.7945
decode_top,1,1,11,decode_layer_11,1.7935
decode_top,1,1,-1,final_layernorm,0.0084
decode_top,1,1,-1,vocab_gemm,0.7020
decode_top,1,1,-1,logits_d2h,0.0574
decode_top,1,1,-1,argmax_cpu,0.0650
decode_top,1,1,-1,make_response,0.0009
decode_top,1,1,-1,prepare_input_host,0.0009
decode_top,1,1,-1,input_h2d,0.0113
decode_top,1,1,-1,embedding,0.0080
decode_top,1,1,0,decode_layer_0,1.7949
decode_top,1,1,1,decode_layer_1,1.7934
decode_top,1,1,2,decode_layer_2,1.7956
decode_top,1,1,3,decode_layer_3,1.7946
decode_top,1,1,4,decode_layer_4,1.7947
decode_top,1,1,5,decode_layer_5,1.7959
decode_top,1,1,6,decode_layer_6,1.7954
decode_top,1,1,7,decode_layer_7,1.7935
decode_top,1,1,8,decode_layer_8,1.7955
decode_top,1,1,9,decode_layer_9,1.7963
decode_top,1,1,10,decode_layer_10,1.7955
decode_top,1,1,11,decode_layer_11,1.7931
decode_top,1,1,-1,final_layernorm,0.0080
decode_top,1,1,-1,vocab_gemm,0.7071
decode_top,1,1,-1,logits_d2h,0.0554
decode_top,1,1,-1,argmax_cpu,0.0648
decode_top,1,1,-1,make_response,0.0009
decode_top,1,1,-1,prepare_input_host,0.0008
decode_top,1,1,-1,input_h2d,0.0113
decode_top,1,1,-1,embedding,0.0079
decode_top,1,1,0,decode_layer_0,1.7919
decode_top,1,1,1,decode_layer_1,1.7914
decode_top,1,1,2,decode_layer_2,1.7918
decode_top,1,1,3,decode_layer_3,1.7938
decode_top,1,1,4,decode_layer_4,1.7922
decode_top,1,1,5,decode_layer_5,1.7970
decode_top,1,1,6,decode_layer_6,1.7915
decode_top,1,1,7,decode_layer_7,1.7942
decode_top,1,1,8,decode_layer_8,1.7908
decode_top,1,1,9,decode_layer_9,1.7902
decode_top,1,1,10,decode_layer_10,1.7937
decode_top,1,1,11,decode_layer_11,1.7933
decode_top,1,1,-1,final_layernorm,0.0081
decode_top,1,1,-1,vocab_gemm,0.6982
decode_top,1,1,-1,logits_d2h,0.0562
decode_top,1,1,-1,argmax_cpu,0.0644
decode_top,1,1,-1,make_response,0.0009
decode_top,1,1,-1,prepare_input_host,0.0008
decode_top,1,1,-1,input_h2d,0.0114
decode_top,1,1,-1,embedding,0.0078
decode_top,1,1,0,decode_layer_0,1.7927
decode_top,1,1,1,decode_layer_1,1.7950
decode_top,1,1,2,decode_layer_2,1.7914
decode_top,1,1,3,decode_layer_3,1.7940
decode_top,1,1,4,decode_layer_4,1.7926
decode_top,1,1,5,decode_layer_5,1.7943
decode_top,1,1,6,decode_layer_6,1.7902
decode_top,1,1,7,decode_layer_7,1.7912
decode_top,1,1,8,decode_layer_8,1.7923
decode_top,1,1,9,decode_layer_9,1.7936
decode_top,1,1,10,decode_layer_10,1.7916
decode_top,1,1,11,decode_layer_11,1.7931
decode_top,1,1,-1,final_layernorm,0.0082
decode_top,1,1,-1,vocab_gemm,0.7031
decode_top,1,1,-1,logits_d2h,0.0584
decode_top,1,1,-1,argmax_cpu,0.0651
decode_top,1,1,-1,make_response,0.0009
decode_top,1,1,-1,prepare_input_host,0.0008
decode_top,1,1,-1,input_h2d,0.0117
decode_top,1,1,-1,embedding,0.0075
decode_top,1,1,0,decode_layer_0,1.7916
decode_top,1,1,1,decode_layer_1,1.7927
decode_top,1,1,2,decode_layer_2,1.7927
decode_top,1,1,3,decode_layer_3,1.7994
decode_top,1,1,4,decode_layer_4,1.7935
decode_top,1,1,5,decode_layer_5,1.7942
decode_top,1,1,6,decode_layer_6,1.7911
decode_top,1,1,7,decode_layer_7,1.7947
decode_top,1,1,8,decode_layer_8,1.7951
decode_top,1,1,9,decode_layer_9,1.7954
decode_top,1,1,10,decode_layer_10,1.7953
decode_top,1,1,11,decode_layer_11,1.7952
decode_top,1,1,-1,final_layernorm,0.0081
decode_top,1,1,-1,vocab_gemm,0.7023
decode_top,1,1,-1,logits_d2h,0.0556
decode_top,1,1,-1,argmax_cpu,0.0650
decode_top,1,1,-1,make_response,0.0009
decode_top,1,1,-1,prepare_input_host,0.0008
decode_top,1,1,-1,input_h2d,0.0113
decode_top,1,1,-1,embedding,0.0078
decode_top,1,1,0,decode_layer_0,1.7927
decode_top,1,1,1,decode_layer_1,1.7932
decode_top,1,1,2,decode_layer_2,1.7954
decode_top,1,1,3,decode_layer_3,1.7956
decode_top,1,1,4,decode_layer_4,1.7912
decode_top,1,1,5,decode_layer_5,1.7946
decode_top,1,1,6,decode_layer_6,1.7924
decode_top,1,1,7,decode_layer_7,1.7936
decode_top,1,1,8,decode_layer_8,1.7932
decode_top,1,1,9,decode_layer_9,1.7939
decode_top,1,1,10,decode_layer_10,1.7916
decode_top,1,1,11,decode_layer_11,1.7937
decode_top,1,1,-1,final_layernorm,0.0082
decode_top,1,1,-1,vocab_gemm,0.7020
decode_top,1,1,-1,logits_d2h,0.0557
decode_top,1,1,-1,argmax_cpu,0.0652
decode_top,1,1,-1,make_response,0.0009
decode_top,1,1,-1,prepare_input_host,0.0009
decode_top,1,1,-1,input_h2d,0.0129
decode_top,1,1,-1,embedding,0.0075
decode_top,1,1,0,decode_layer_0,1.7930
decode_top,1,1,1,decode_layer_1,1.7932
decode_top,1,1,2,decode_layer_2,1.7937
decode_top,1,1,3,decode_layer_3,1.7958
decode_top,1,1,4,decode_layer_4,1.7926
decode_top,1,1,5,decode_layer_5,1.7944
decode_top,1,1,6,decode_layer_6,1.7930
decode_top,1,1,7,decode_layer_7,1.7936
decode_top,1,1,8,decode_layer_8,1.7946
decode_top,1,1,9,decode_layer_9,1.7940
decode_top,1,1,10,decode_layer_10,1.7945
decode_top,1,1,11,decode_layer_11,1.7973
decode_top,1,1,-1,final_layernorm,0.0083
decode_top,1,1,-1,vocab_gemm,0.7126
decode_top,1,1,-1,logits_d2h,0.0551
decode_top,1,1,-1,argmax_cpu,0.0651
decode_top,1,1,-1,make_response,0.0009
decode_top,1,1,-1,prepare_input_host,0.0009
decode_top,1,1,-1,input_h2d,0.0116
decode_top,1,1,-1,embedding,0.0080
decode_top,1,1,0,decode_layer_0,1.7918
decode_top,1,1,1,decode_layer_1,1.7930
decode_top,1,1,2,decode_layer_2,1.7913
decode_top,1,1,3,decode_layer_3,1.7951
decode_top,1,1,4,decode_layer_4,1.7937
decode_top,1,1,5,decode_layer_5,1.7962
decode_top,1,1,6,decode_layer_6,1.7929
decode_top,1,1,7,decode_layer_7,1.7955
decode_top,1,1,8,decode_layer_8,1.7943
decode_top,1,1,9,decode_layer_9,1.7946
decode_top,1,1,10,decode_layer_10,1.7943
decode_top,1,1,11,decode_layer_11,1.7951
decode_top,1,1,-1,final_layernorm,0.0081
decode_top,1,1,-1,vocab_gemm,0.7753
decode_top,1,1,-1,logits_d2h,0.0548
decode_top,1,1,-1,argmax_cpu,0.0649
decode_top,1,1,-1,make_response,0.0009
decode_top,1,1,-1,prepare_input_host,0.0008
decode_top,1,1,-1,input_h2d,0.0112
decode_top,1,1,-1,embedding,0.0080
decode_top,1,1,0,decode_layer_0,1.7947
decode_top,1,1,1,decode_layer_1,1.7920
decode_top,1,1,2,decode_layer_2,1.7959
decode_top,1,1,3,decode_layer_3,1.7965
decode_top,1,1,4,decode_layer_4,1.7947
decode_top,1,1,5,decode_layer_5,1.7923
decode_top,1,1,6,decode_layer_6,1.7942
decode_top,1,1,7,decode_layer_7,1.7935
decode_top,1,1,8,decode_layer_8,1.7939
decode_top,1,1,9,decode_layer_9,1.7971
decode_top,1,1,10,decode_layer_10,1.7935
decode_top,1,1,11,decode_layer_11,1.7955
decode_top,1,1,-1,final_layernorm,0.0082
decode_top,1,1,-1,vocab_gemm,0.7059
decode_top,1,1,-1,logits_d2h,0.0556
decode_top,1,1,-1,argmax_cpu,0.0651
decode_top,1,1,-1,make_response,0.0009
decode_top,1,1,-1,prepare_input_host,0.0009
decode_top,1,1,-1,input_h2d,0.0115
decode_top,1,1,-1,embedding,0.0076
decode_top,1,1,0,decode_layer_0,1.7911
decode_top,1,1,1,decode_layer_1,1.7929
decode_top,1,1,2,decode_layer_2,1.7920
decode_top,1,1,3,decode_layer_3,1.7959
decode_top,1,1,4,decode_layer_4,1.7900
decode_top,1,1,5,decode_layer_5,1.7929
decode_top,1,1,6,decode_layer_6,1.7908
decode_top,1,1,7,decode_layer_7,1.7924
decode_top,1,1,8,decode_layer_8,1.7914
decode_top,1,1,9,decode_layer_9,1.7950
decode_top,1,1,10,decode_layer_10,1.7920
decode_top,1,1,11,decode_layer_11,1.7934
decode_top,1,1,-1,final_layernorm,0.0083
decode_top,1,1,-1,vocab_gemm,0.7025
decode_top,1,1,-1,logits_d2h,0.0600
decode_top,1,1,-1,argmax_cpu,0.0649
decode_top,1,1,-1,make_response,0.0009
decode_top,1,1,-1,prepare_input_host,0.0008
decode_top,1,1,-1,input_h2d,0.0113
decode_top,1,1,-1,embedding,0.0076
decode_top,1,1,0,decode_layer_0,1.7941
decode_top,1,1,1,decode_layer_1,1.7931
decode_top,1,1,2,decode_layer_2,1.7935
decode_top,1,1,3,decode_layer_3,1.7940
decode_top,1,1,4,decode_layer_4,1.7930
decode_top,1,1,5,decode_layer_5,1.7947
decode_top,1,1,6,decode_layer_6,1.7938
decode_top,1,1,7,decode_layer_7,1.7941
decode_top,1,1,8,decode_layer_8,1.7978
decode_top,1,1,9,decode_layer_9,1.7947
decode_top,1,1,10,decode_layer_10,1.7937
decode_top,1,1,11,decode_layer_11,1.7956
decode_top,1,1,-1,final_layernorm,0.0080
decode_top,1,1,-1,vocab_gemm,0.7037
decode_top,1,1,-1,logits_d2h,0.0545
decode_top,1,1,-1,argmax_cpu,0.0700
decode_top,1,1,-1,make_response,0.0009
decode_top,1,1,-1,prepare_input_host,0.0009
decode_top,1,1,-1,input_h2d,0.0115
decode_top,1,1,-1,embedding,0.0079
decode_top,1,1,0,decode_layer_0,1.8087
decode_top,1,1,1,decode_layer_1,1.7926
decode_top,1,1,2,decode_layer_2,1.7920
decode_top,1,1,3,decode_layer_3,1.7940
decode_top,1,1,4,decode_layer_4,1.7934
decode_top,1,1,5,decode_layer_5,1.7944
decode_top,1,1,6,decode_layer_6,1.7938
decode_top,1,1,7,decode_layer_7,1.7955
decode_top,1,1,8,decode_layer_8,1.8023
decode_top,1,1,9,decode_layer_9,1.7944
decode_top,1,1,10,decode_layer_10,1.7935
decode_top,1,1,11,decode_layer_11,1.7955
decode_top,1,1,-1,final_layernorm,0.0081
decode_top,1,1,-1,vocab_gemm,0.7004
decode_top,1,1,-1,logits_d2h,0.0555
decode_top,1,1,-1,argmax_cpu,0.0707
decode_top,1,1,-1,make_response,0.0008
decode_top,1,1,-1,prepare_input_host,0.0008
decode_top,1,1,-1,input_h2d,0.0115
decode_top,1,1,-1,embedding,0.0077
decode_top,1,1,0,decode_layer_0,1.7914
decode_top,1,1,1,decode_layer_1,1.7939
decode_top,1,1,2,decode_layer_2,1.7922
decode_top,1,1,3,decode_layer_3,1.7938
decode_top,1,1,4,decode_layer_4,1.7921
decode_top,1,1,5,decode_layer_5,1.7937
decode_top,1,1,6,decode_layer_6,1.7924
decode_top,1,1,7,decode_layer_7,1.7940
decode_top,1,1,8,decode_layer_8,1.7930
decode_top,1,1,9,decode_layer_9,1.7936
decode_top,1,1,10,decode_layer_10,1.7942
decode_top,1,1,11,decode_layer_11,1.7954
decode_top,1,1,-1,final_layernorm,0.0083
decode_top,1,1,-1,vocab_gemm,0.7022
decode_top,1,1,-1,logits_d2h,0.0553
decode_top,1,1,-1,argmax_cpu,0.0651
decode_top,1,1,-1,make_response,0.0009
decode_top,1,1,-1,prepare_input_host,0.0009
decode_top,1,1,-1,input_h2d,0.0114
decode_top,1,1,-1,embedding,0.0080
decode_top,1,1,0,decode_layer_0,1.7920
decode_top,1,1,1,decode_layer_1,1.7936
decode_top,1,1,2,decode_layer_2,1.7913
decode_top,1,1,3,decode_layer_3,1.7963
decode_top,1,1,4,decode_layer_4,1.7964
decode_top,1,1,5,decode_layer_5,1.7952
decode_top,1,1,6,decode_layer_6,1.7934
decode_top,1,1,7,decode_layer_7,1.7939
decode_top,1,1,8,decode_layer_8,1.7921
decode_top,1,1,9,decode_layer_9,1.7930
decode_top,1,1,10,decode_layer_10,1.7940
decode_top,1,1,11,decode_layer_11,1.7952
decode_top,1,1,-1,final_layernorm,0.0080
decode_top,1,1,-1,vocab_gemm,0.6989
decode_top,1,1,-1,logits_d2h,0.0555
decode_top,1,1,-1,argmax_cpu,0.0650
decode_top,1,1,-1,make_response,0.0009
decode_top,1,1,-1,prepare_input_host,0.0008
decode_top,1,1,-1,input_h2d,0.0113
decode_top,1,1,-1,embedding,0.0079
decode_top,1,1,0,decode_layer_0,1.7922
decode_top,1,1,1,decode_layer_1,1.7933
decode_top,1,1,2,decode_layer_2,1.7934
decode_top,1,1,3,decode_layer_3,1.7986
decode_top,1,1,4,decode_layer_4,1.7938
decode_top,1,1,5,decode_layer_5,1.7966
decode_top,1,1,6,decode_layer_6,1.7927
decode_top,1,1,7,decode_layer_7,1.7934
decode_top,1,1,8,decode_layer_8,1.7939
decode_top,1,1,9,decode_layer_9,1.7953
decode_top,1,1,10,decode_layer_10,1.7939
decode_top,1,1,11,decode_layer_11,1.7953
decode_top,1,1,-1,final_layernorm,0.0081
decode_top,1,1,-1,vocab_gemm,0.7000
decode_top,1,1,-1,logits_d2h,0.0595
decode_top,1,1,-1,argmax_cpu,0.0649
decode_top,1,1,-1,make_response,0.0009
decode_top,1,1,-1,prepare_input_host,0.0008
decode_top,1,1,-1,input_h2d,0.0112
decode_top,1,1,-1,embedding,0.0077
decode_top,1,1,0,decode_layer_0,1.7938
decode_top,1,1,1,decode_layer_1,1.7951
decode_top,1,1,2,decode_layer_2,1.7931
decode_top,1,1,3,decode_layer_3,1.7977
decode_top,1,1,4,decode_layer_4,1.7931
decode_top,1,1,5,decode_layer_5,1.7953
decode_top,1,1,6,decode_layer_6,1.7933
decode_top,1,1,7,decode_layer_7,1.7974
decode_top,1,1,8,decode_layer_8,1.7950
decode_top,1,1,9,decode_layer_9,1.7926
decode_top,1,1,10,decode_layer_10,1.7941
decode_top,1,1,11,decode_layer_11,1.7951
decode_top,1,1,-1,final_layernorm,0.0084
decode_top,1,1,-1,vocab_gemm,0.6973
decode_top,1,1,-1,logits_d2h,0.0574
decode_top,1,1,-1,argmax_cpu,0.0650
decode_top,1,1,-1,make_response,0.0009
decode_top,4,4,-1,prepare_input_host,0.0009
decode_top,4,4,-1,input_h2d,0.0130
decode_top,4,4,-1,embedding,0.0094
decode_top,4,4,0,decode_layer_0,1.8062
decode_top,4,4,1,decode_layer_1,1.8099
decode_top,4,4,2,decode_layer_2,1.8062
decode_top,4,4,3,decode_layer_3,1.8045
decode_top,4,4,4,decode_layer_4,1.8116
decode_top,4,4,5,decode_layer_5,1.8048
decode_top,4,4,6,decode_layer_6,1.8059
decode_top,4,4,7,decode_layer_7,1.8046
decode_top,4,4,8,decode_layer_8,1.8040
decode_top,4,4,9,decode_layer_9,1.8046
decode_top,4,4,10,decode_layer_10,1.8082
decode_top,4,4,11,decode_layer_11,1.8207
decode_top,4,4,-1,final_layernorm,0.0086
decode_top,4,4,-1,vocab_gemm,0.7723
decode_top,4,4,-1,logits_d2h,0.2299
decode_top,4,4,-1,argmax_cpu,0.2762
decode_top,4,4,-1,make_response,0.0010
decode_top,4,4,-1,prepare_input_host,0.0009
decode_top,4,4,-1,input_h2d,0.0140
decode_top,4,4,-1,embedding,0.0099
decode_top,4,4,0,decode_layer_0,1.8080
decode_top,4,4,1,decode_layer_1,1.8079
decode_top,4,4,2,decode_layer_2,1.8073
decode_top,4,4,3,decode_layer_3,1.8068
decode_top,4,4,4,decode_layer_4,1.8083
decode_top,4,4,5,decode_layer_5,1.8083
decode_top,4,4,6,decode_layer_6,1.8080
decode_top,4,4,7,decode_layer_7,1.8057
decode_top,4,4,8,decode_layer_8,1.8061
decode_top,4,4,9,decode_layer_9,1.8076
decode_top,4,4,10,decode_layer_10,1.8045
decode_top,4,4,11,decode_layer_11,1.8070
decode_top,4,4,-1,final_layernorm,0.0080
decode_top,4,4,-1,vocab_gemm,0.7136
decode_top,4,4,-1,logits_d2h,0.2266
decode_top,4,4,-1,argmax_cpu,0.2606
decode_top,4,4,-1,make_response,0.0010
decode_top,4,4,-1,prepare_input_host,0.0009
decode_top,4,4,-1,input_h2d,0.0128
decode_top,4,4,-1,embedding,0.0086
decode_top,4,4,0,decode_layer_0,1.8102
decode_top,4,4,1,decode_layer_1,1.8045
decode_top,4,4,2,decode_layer_2,1.8085
decode_top,4,4,3,decode_layer_3,1.8075
decode_top,4,4,4,decode_layer_4,1.8083
decode_top,4,4,5,decode_layer_5,1.8065
decode_top,4,4,6,decode_layer_6,1.8075
decode_top,4,4,7,decode_layer_7,1.8083
decode_top,4,4,8,decode_layer_8,1.8097
decode_top,4,4,9,decode_layer_9,1.8100
decode_top,4,4,10,decode_layer_10,1.8059
decode_top,4,4,11,decode_layer_11,1.8032
decode_top,4,4,-1,final_layernorm,0.0082
decode_top,4,4,-1,vocab_gemm,0.7073
decode_top,4,4,-1,logits_d2h,0.2327
decode_top,4,4,-1,argmax_cpu,0.2593
decode_top,4,4,-1,make_response,0.0010
decode_top,4,4,-1,prepare_input_host,0.0009
decode_top,4,4,-1,input_h2d,0.0133
decode_top,4,4,-1,embedding,0.0087
decode_top,4,4,0,decode_layer_0,1.8099
decode_top,4,4,1,decode_layer_1,1.8058
decode_top,4,4,2,decode_layer_2,1.8101
decode_top,4,4,3,decode_layer_3,1.8071
decode_top,4,4,4,decode_layer_4,1.8078
decode_top,4,4,5,decode_layer_5,1.8091
decode_top,4,4,6,decode_layer_6,1.8072
decode_top,4,4,7,decode_layer_7,1.8065
decode_top,4,4,8,decode_layer_8,1.8121
decode_top,4,4,9,decode_layer_9,1.8070
decode_top,4,4,10,decode_layer_10,1.8075
decode_top,4,4,11,decode_layer_11,1.8038
decode_top,4,4,-1,final_layernorm,0.0085
decode_top,4,4,-1,vocab_gemm,0.7159
decode_top,4,4,-1,logits_d2h,0.2319
decode_top,4,4,-1,argmax_cpu,0.2598
decode_top,4,4,-1,make_response,0.0010
decode_top,4,4,-1,prepare_input_host,0.0009
decode_top,4,4,-1,input_h2d,0.0135
decode_top,4,4,-1,embedding,0.0088
decode_top,4,4,0,decode_layer_0,1.8098
decode_top,4,4,1,decode_layer_1,1.8062
decode_top,4,4,2,decode_layer_2,1.8076
decode_top,4,4,3,decode_layer_3,1.8088
decode_top,4,4,4,decode_layer_4,1.8078
decode_top,4,4,5,decode_layer_5,1.8074
decode_top,4,4,6,decode_layer_6,1.8122
decode_top,4,4,7,decode_layer_7,1.8077
decode_top,4,4,8,decode_layer_8,1.8072
decode_top,4,4,9,decode_layer_9,1.8091
decode_top,4,4,10,decode_layer_10,1.8046
decode_top,4,4,11,decode_layer_11,1.8073
decode_top,4,4,-1,final_layernorm,0.0081
decode_top,4,4,-1,vocab_gemm,0.7100
decode_top,4,4,-1,logits_d2h,0.2352
decode_top,4,4,-1,argmax_cpu,0.2616
decode_top,4,4,-1,make_response,0.0010
decode_top,4,4,-1,prepare_input_host,0.0009
decode_top,4,4,-1,input_h2d,0.0129
decode_top,4,4,-1,embedding,0.0090
decode_top,4,4,0,decode_layer_0,1.8066
decode_top,4,4,1,decode_layer_1,1.8046
decode_top,4,4,2,decode_layer_2,1.8080
decode_top,4,4,3,decode_layer_3,1.8080
decode_top,4,4,4,decode_layer_4,1.8094
decode_top,4,4,5,decode_layer_5,1.8112
decode_top,4,4,6,decode_layer_6,1.8067
decode_top,4,4,7,decode_layer_7,1.8068
decode_top,4,4,8,decode_layer_8,1.8038
decode_top,4,4,9,decode_layer_9,1.8109
decode_top,4,4,10,decode_layer_10,1.8047
decode_top,4,4,11,decode_layer_11,1.8060
decode_top,4,4,-1,final_layernorm,0.0081
decode_top,4,4,-1,vocab_gemm,0.7121
decode_top,4,4,-1,logits_d2h,0.2316
decode_top,4,4,-1,argmax_cpu,0.2792
decode_top,4,4,-1,make_response,0.0010
decode_top,4,4,-1,prepare_input_host,0.0009
decode_top,4,4,-1,input_h2d,0.0130
decode_top,4,4,-1,embedding,0.0086
decode_top,4,4,0,decode_layer_0,1.8095
decode_top,4,4,1,decode_layer_1,1.8066
decode_top,4,4,2,decode_layer_2,1.8078
decode_top,4,4,3,decode_layer_3,1.8105
decode_top,4,4,4,decode_layer_4,1.8082
decode_top,4,4,5,decode_layer_5,1.8113
decode_top,4,4,6,decode_layer_6,1.8076
decode_top,4,4,7,decode_layer_7,1.8090
decode_top,4,4,8,decode_layer_8,1.8042
decode_top,4,4,9,decode_layer_9,1.8111
decode_top,4,4,10,decode_layer_10,1.8051
decode_top,4,4,11,decode_layer_11,1.8054
decode_top,4,4,-1,final_layernorm,0.0082
decode_top,4,4,-1,vocab_gemm,0.7108
decode_top,4,4,-1,logits_d2h,0.2319
decode_top,4,4,-1,argmax_cpu,0.2579
decode_top,4,4,-1,make_response,0.0010
decode_top,1,1,-1,prepare_input_host,0.0009
decode_top,1,1,-1,input_h2d,0.0113
decode_top,1,1,-1,embedding,0.0078
decode_top,1,1,0,decode_layer_0,1.7945
decode_top,1,1,1,decode_layer_1,1.7892
decode_top,1,1,2,decode_layer_2,1.7930
decode_top,1,1,3,decode_layer_3,1.7943
decode_top,1,1,4,decode_layer_4,1.7937
decode_top,1,1,5,decode_layer_5,1.7911
decode_top,1,1,6,decode_layer_6,1.7930
decode_top,1,1,7,decode_layer_7,1.7910
decode_top,1,1,8,decode_layer_8,1.7922
decode_top,1,1,9,decode_layer_9,1.7909
decode_top,1,1,10,decode_layer_10,1.7926
decode_top,1,1,11,decode_layer_11,1.7941
decode_top,1,1,-1,final_layernorm,0.0082
decode_top,1,1,-1,vocab_gemm,0.6950
decode_top,1,1,-1,logits_d2h,0.0603
decode_top,1,1,-1,argmax_cpu,0.0647
decode_top,1,1,-1,make_response,0.0010
decode_top,1,1,-1,prepare_input_host,0.0008
decode_top,1,1,-1,input_h2d,0.0118
decode_top,1,1,-1,embedding,0.0078
decode_top,1,1,0,decode_layer_0,1.7952
decode_top,1,1,1,decode_layer_1,1.7920
decode_top,1,1,2,decode_layer_2,1.7954
decode_top,1,1,3,decode_layer_3,1.7920
decode_top,1,1,4,decode_layer_4,1.7950
decode_top,1,1,5,decode_layer_5,1.7936
decode_top,1,1,6,decode_layer_6,1.7936
decode_top,1,1,7,decode_layer_7,1.7923
decode_top,1,1,8,decode_layer_8,1.7930
decode_top,1,1,9,decode_layer_9,1.7928
decode_top,1,1,10,decode_layer_10,1.7932
decode_top,1,1,11,decode_layer_11,1.7921
decode_top,1,1,-1,final_layernorm,0.0080
decode_top,1,1,-1,vocab_gemm,0.6921
decode_top,1,1,-1,logits_d2h,0.0580
decode_top,1,1,-1,argmax_cpu,0.0682
decode_top,1,1,-1,make_response,0.0009
decode_top,1,1,-1,prepare_input_host,0.0008
decode_top,1,1,-1,input_h2d,0.0119
decode_top,1,1,-1,embedding,0.0080
decode_top,1,1,0,decode_layer_0,1.7967
decode_top,1,1,1,decode_layer_1,1.7957
decode_top,1,1,2,decode_layer_2,1.7937
decode_top,1,1,3,decode_layer_3,1.7958
decode_top,1,1,4,decode_layer_4,1.7963
decode_top,1,1,5,decode_layer_5,1.7933
decode_top,1,1,6,decode_layer_6,1.7945
decode_top,1,1,7,decode_layer_7,1.7942
decode_top,1,1,8,decode_layer_8,1.7960
decode_top,1,1,9,decode_layer_9,1.7938
decode_top,1,1,10,decode_layer_10,1.7942
decode_top,1,1,11,decode_layer_11,1.7945
decode_top,1,1,-1,final_layernorm,0.0081
decode_top,1,1,-1,vocab_gemm,0.7027
decode_top,1,1,-1,logits_d2h,0.0547
decode_top,1,1,-1,argmax_cpu,0.0648
decode_top,1,1,-1,make_response,0.0008
decode_top,1,1,-1,prepare_input_host,0.0008
decode_top,1,1,-1,input_h2d,0.0113
decode_top,1,1,-1,embedding,0.0079
decode_top,1,1,0,decode_layer_0,1.7939
decode_top,1,1,1,decode_layer_1,1.7932
decode_top,1,1,2,decode_layer_2,1.7962
decode_top,1,1,3,decode_layer_3,1.7936
decode_top,1,1,4,decode_layer_4,1.7954
decode_top,1,1,5,decode_layer_5,1.7928
decode_top,1,1,6,decode_layer_6,1.7935
decode_top,1,1,7,decode_layer_7,1.7901
decode_top,1,1,8,decode_layer_8,1.7957
decode_top,1,1,9,decode_layer_9,1.7930
decode_top,1,1,10,decode_layer_10,1.7996
decode_top,1,1,11,decode_layer_11,1.7949
decode_top,1,1,-1,final_layernorm,0.0083
decode_top,1,1,-1,vocab_gemm,0.6980
decode_top,1,1,-1,logits_d2h,0.0563
decode_top,1,1,-1,argmax_cpu,0.0651
decode_top,1,1,-1,make_response,0.0009
decode_top,1,1,-1,prepare_input_host,0.0008
decode_top,1,1,-1,input_h2d,0.0113
decode_top,1,1,-1,embedding,0.0077
decode_top,1,1,0,decode_layer_0,1.7946
decode_top,1,1,1,decode_layer_1,1.7921
decode_top,1,1,2,decode_layer_2,1.7939
decode_top,1,1,3,decode_layer_3,1.7953
decode_top,1,1,4,decode_layer_4,1.7943
decode_top,1,1,5,decode_layer_5,1.7931
decode_top,1,1,6,decode_layer_6,1.7961
decode_top,1,1,7,decode_layer_7,1.7917
decode_top,1,1,8,decode_layer_8,1.7950
decode_top,1,1,9,decode_layer_9,1.7965
decode_top,1,1,10,decode_layer_10,1.7954
decode_top,1,1,11,decode_layer_11,1.7945
decode_top,1,1,-1,final_layernorm,0.0083
decode_top,1,1,-1,vocab_gemm,0.7040
decode_top,1,1,-1,logits_d2h,0.0559
decode_top,1,1,-1,argmax_cpu,0.0650
decode_top,1,1,-1,make_response,0.0008
decode_top,1,1,-1,prepare_input_host,0.0008
decode_top,1,1,-1,input_h2d,0.0113
decode_top,1,1,-1,embedding,0.0077
decode_top,1,1,0,decode_layer_0,1.7934
decode_top,1,1,1,decode_layer_1,1.7933
decode_top,1,1,2,decode_layer_2,1.7953
decode_top,1,1,3,decode_layer_3,1.7942
decode_top,1,1,4,decode_layer_4,1.7960
decode_top,1,1,5,decode_layer_5,1.7945
decode_top,1,1,6,decode_layer_6,1.7950
decode_top,1,1,7,decode_layer_7,1.7944
decode_top,1,1,8,decode_layer_8,1.7956
decode_top,1,1,9,decode_layer_9,1.7927
decode_top,1,1,10,decode_layer_10,1.7949
decode_top,1,1,11,decode_layer_11,1.7949
decode_top,1,1,-1,final_layernorm,0.0083
decode_top,1,1,-1,vocab_gemm,0.7099
decode_top,1,1,-1,logits_d2h,0.0557
decode_top,1,1,-1,argmax_cpu,0.0651
decode_top,1,1,-1,make_response,0.0008
decode_top,1,1,-1,prepare_input_host,0.0008
decode_top,1,1,-1,input_h2d,0.0113
decode_top,1,1,-1,embedding,0.0077
decode_top,1,1,0,decode_layer_0,1.7970
decode_top,1,1,1,decode_layer_1,1.7936
decode_top,1,1,2,decode_layer_2,1.7954
decode_top,1,1,3,decode_layer_3,1.7943
decode_top,1,1,4,decode_layer_4,1.7950
decode_top,1,1,5,decode_layer_5,1.7938
decode_top,1,1,6,decode_layer_6,1.7972
decode_top,1,1,7,decode_layer_7,1.7948
decode_top,1,1,8,decode_layer_8,1.7956
decode_top,1,1,9,decode_layer_9,1.7936
decode_top,1,1,10,decode_layer_10,1.7951
decode_top,1,1,11,decode_layer_11,1.7932
decode_top,1,1,-1,final_layernorm,0.0086
decode_top,1,1,-1,vocab_gemm,0.6619
decode_top,1,1,-1,logits_d2h,0.0573
decode_top,1,1,-1,argmax_cpu,0.0651
decode_top,1,1,-1,make_response,0.0008
decode_top,1,1,-1,prepare_input_host,0.0009
decode_top,1,1,-1,input_h2d,0.0120
decode_top,1,1,-1,embedding,0.0083
decode_top,1,1,0,decode_layer_0,1.7954
decode_top,1,1,1,decode_layer_1,1.7917
decode_top,1,1,2,decode_layer_2,1.7914
decode_top,1,1,3,decode_layer_3,1.7926
decode_top,1,1,4,decode_layer_4,1.7960
decode_top,1,1,5,decode_layer_5,1.7922
decode_top,1,1,6,decode_layer_6,1.7943
decode_top,1,1,7,decode_layer_7,1.7923
decode_top,1,1,8,decode_layer_8,1.7931
decode_top,1,1,9,decode_layer_9,1.7921
decode_top,1,1,10,decode_layer_10,1.7918
decode_top,1,1,11,decode_layer_11,1.7914
decode_top,1,1,-1,final_layernorm,0.0081
decode_top,1,1,-1,vocab_gemm,0.7128
decode_top,1,1,-1,logits_d2h,0.0582
decode_top,1,1,-1,argmax_cpu,0.0648
decode_top,1,1,-1,make_response,0.0009
decode_top,1,1,-1,prepare_input_host,0.0008
decode_top,1,1,-1,input_h2d,0.0118
decode_top,1,1,-1,embedding,0.0075
decode_top,1,1,0,decode_layer_0,1.7973
decode_top,1,1,1,decode_layer_1,1.7955
decode_top,1,1,2,decode_layer_2,1.7966
decode_top,1,1,3,decode_layer_3,1.7928
decode_top,1,1,4,decode_layer_4,1.7947
decode_top,1,1,5,decode_layer_5,1.7924
decode_top,1,1,6,decode_layer_6,1.7973
decode_top,1,1,7,decode_layer_7,1.7928
decode_top,1,1,8,decode_layer_8,1.7942
decode_top,1,1,9,decode_layer_9,1.7929
decode_top,1,1,10,decode_layer_10,1.7948
decode_top,1,1,11,decode_layer_11,1.7934
decode_top,1,1,-1,final_layernorm,0.0081
decode_top,1,1,-1,vocab_gemm,0.7052
decode_top,1,1,-1,logits_d2h,0.0556
decode_top,1,1,-1,argmax_cpu,0.0648
decode_top,1,1,-1,make_response,0.0009
decode_top,1,1,-1,prepare_input_host,0.0009
decode_top,1,1,-1,input_h2d,0.0116
decode_top,1,1,-1,embedding,0.0080
decode_top,1,1,0,decode_layer_0,1.7955
decode_top,1,1,1,decode_layer_1,1.7954
decode_top,1,1,2,decode_layer_2,1.7949
decode_top,1,1,3,decode_layer_3,1.7941
decode_top,1,1,4,decode_layer_4,1.7978
decode_top,1,1,5,decode_layer_5,1.7951
decode_top,1,1,6,decode_layer_6,1.7966
decode_top,1,1,7,decode_layer_7,1.7918
decode_top,1,1,8,decode_layer_8,1.7957
decode_top,1,1,9,decode_layer_9,1.7936
decode_top,1,1,10,decode_layer_10,1.7954
decode_top,1,1,11,decode_layer_11,1.7937
decode_top,1,1,-1,final_layernorm,0.0084
decode_top,1,1,-1,vocab_gemm,0.7016
decode_top,1,1,-1,logits_d2h,0.0617
decode_top,1,1,-1,argmax_cpu,0.0688
decode_top,1,1,-1,make_response,0.0009
decode_top,1,1,-1,prepare_input_host,0.0009
decode_top,1,1,-1,input_h2d,0.0125
decode_top,1,1,-1,embedding,0.0081
decode_top,1,1,0,decode_layer_0,1.7951
decode_top,1,1,1,decode_layer_1,1.7930
decode_top,1,1,2,decode_layer_2,1.7958
decode_top,1,1,3,decode_layer_3,1.7978
decode_top,1,1,4,decode_layer_4,1.7984
decode_top,1,1,5,decode_layer_5,1.7938
decode_top,1,1,6,decode_layer_6,1.7935
decode_top,1,1,7,decode_layer_7,1.7933
decode_top,1,1,8,decode_layer_8,1.7958
decode_top,1,1,9,decode_layer_9,1.7931
decode_top,1,1,10,decode_layer_10,1.7955
decode_top,1,1,11,decode_layer_11,1.7936
decode_top,1,1,-1,final_layernorm,0.0084
decode_top,1,1,-1,vocab_gemm,0.7026
decode_top,1,1,-1,logits_d2h,0.0589
decode_top,1,1,-1,argmax_cpu,0.0647
decode_top,1,1,-1,make_response,0.0009
decode_top,1,1,-1,prepare_input_host,0.0008
decode_top,1,1,-1,input_h2d,0.0113
decode_top,1,1,-1,embedding,0.0077
decode_top,1,1,0,decode_layer_0,1.7953
decode_top,1,1,1,decode_layer_1,1.7930
decode_top,1,1,2,decode_layer_2,1.8042
decode_top,1,1,3,decode_layer_3,1.7951
decode_top,1,1,4,decode_layer_4,1.7953
decode_top,1,1,5,decode_layer_5,1.7935
decode_top,1,1,6,decode_layer_6,1.7963
decode_top,1,1,7,decode_layer_7,1.7929
decode_top,1,1,8,decode_layer_8,1.7958
decode_top,1,1,9,decode_layer_9,1.7918
decode_top,1,1,10,decode_layer_10,1.7950
decode_top,1,1,11,decode_layer_11,1.7936
decode_top,1,1,-1,final_layernorm,0.0084
decode_top,1,1,-1,vocab_gemm,0.6998
decode_top,1,1,-1,logits_d2h,0.0552
decode_top,1,1,-1,argmax_cpu,0.0652
decode_top,1,1,-1,make_response,0.0009
decode_top,1,1,-1,prepare_input_host,0.0008
decode_top,1,1,-1,input_h2d,0.0113
decode_top,1,1,-1,embedding,0.0077
decode_top,1,1,0,decode_layer_0,1.7976
decode_top,1,1,1,decode_layer_1,1.7943
decode_top,1,1,2,decode_layer_2,1.7950
decode_top,1,1,3,decode_layer_3,1.7944
decode_top,1,1,4,decode_layer_4,1.7962
decode_top,1,1,5,decode_layer_5,1.7957
decode_top,1,1,6,decode_layer_6,1.7957
decode_top,1,1,7,decode_layer_7,1.7953
decode_top,1,1,8,decode_layer_8,1.7959
decode_top,1,1,9,decode_layer_9,1.7947
decode_top,1,1,10,decode_layer_10,1.7955
decode_top,1,1,11,decode_layer_11,1.7975
decode_top,1,1,-1,final_layernorm,0.0091
decode_top,1,1,-1,vocab_gemm,0.6948
decode_top,1,1,-1,logits_d2h,0.0567
decode_top,1,1,-1,argmax_cpu,0.0647
decode_top,1,1,-1,make_response,0.0009
decode_top,1,1,-1,prepare_input_host,0.0008
decode_top,1,1,-1,input_h2d,0.0112
decode_top,1,1,-1,embedding,0.0079
decode_top,1,1,0,decode_layer_0,1.7972
decode_top,1,1,1,decode_layer_1,1.7949
decode_top,1,1,2,decode_layer_2,1.7959
decode_top,1,1,3,decode_layer_3,1.7953
decode_top,1,1,4,decode_layer_4,1.7948
decode_top,1,1,5,decode_layer_5,1.7954
decode_top,1,1,6,decode_layer_6,1.7959
decode_top,1,1,7,decode_layer_7,1.7930
decode_top,1,1,8,decode_layer_8,1.7963
decode_top,1,1,9,decode_layer_9,1.7930
decode_top,1,1,10,decode_layer_10,1.7959
decode_top,1,1,11,decode_layer_11,1.7943
decode_top,1,1,-1,final_layernorm,0.0081
decode_top,1,1,-1,vocab_gemm,0.7641
decode_top,1,1,-1,logits_d2h,0.0552
decode_top,1,1,-1,argmax_cpu,0.0648
decode_top,1,1,-1,make_response,0.0008
decode_top,1,1,-1,prepare_input_host,0.0008
decode_top,1,1,-1,input_h2d,0.0111
decode_top,1,1,-1,embedding,0.0085
decode_top,1,1,0,decode_layer_0,1.7966
decode_top,1,1,1,decode_layer_1,1.7921
decode_top,1,1,2,decode_layer_2,1.7941
decode_top,1,1,3,decode_layer_3,1.7929
decode_top,1,1,4,decode_layer_4,1.7933
decode_top,1,1,5,decode_layer_5,1.7930
decode_top,1,1,6,decode_layer_6,1.7909
decode_top,1,1,7,decode_layer_7,1.7902
decode_top,1,1,8,decode_layer_8,1.7946
decode_top,1,1,9,decode_layer_9,1.7910
decode_top,1,1,10,decode_layer_10,1.7918
decode_top,1,1,11,decode_layer_11,1.7968
decode_top,1,1,-1,final_layernorm,0.0083
decode_top,1,1,-1,vocab_gemm,0.7091
decode_top,1,1,-1,logits_d2h,0.0598
decode_top,1,1,-1,argmax_cpu,0.0648
decode_top,1,1,-1,make_response,0.0009
decode_top,1,1,-1,prepare_input_host,0.0009
decode_top,1,1,-1,input_h2d,0.0113
decode_top,1,1,-1,embedding,0.0079
decode_top,1,1,0,decode_layer_0,1.7950
decode_top,1,1,1,decode_layer_1,1.7930
decode_top,1,1,2,decode_layer_2,1.7915
decode_top,1,1,3,decode_layer_3,1.7938
decode_top,1,1,4,decode_layer_4,1.7965
decode_top,1,1,5,decode_layer_5,1.7935
decode_top,1,1,6,decode_layer_6,1.7917
decode_top,1,1,7,decode_layer_7,1.7917
decode_top,1,1,8,decode_layer_8,1.7941
decode_top,1,1,9,decode_layer_9,1.7927
decode_top,1,1,10,decode_layer_10,1.7940
decode_top,1,1,11,decode_layer_11,1.7926
decode_top,1,1,-1,final_layernorm,0.0084
decode_top,1,1,-1,vocab_gemm,0.7002
decode_top,1,1,-1,logits_d2h,0.0578
decode_top,1,1,-1,argmax_cpu,0.0651
decode_top,1,1,-1,make_response,0.0008
decode_top,1,1,-1,prepare_input_host,0.0008
decode_top,1,1,-1,input_h2d,0.0113
decode_top,1,1,-1,embedding,0.0078
decode_top,1,1,0,decode_layer_0,1.7944
decode_top,1,1,1,decode_layer_1,1.7922
decode_top,1,1,2,decode_layer_2,1.7917
decode_top,1,1,3,decode_layer_3,1.7932
decode_top,1,1,4,decode_layer_4,1.7954
decode_top,1,1,5,decode_layer_5,1.7931
decode_top,1,1,6,decode_layer_6,1.7921
decode_top,1,1,7,decode_layer_7,1.7916
decode_top,1,1,8,decode_layer_8,1.7940
decode_top,1,1,9,decode_layer_9,1.7931
decode_top,1,1,10,decode_layer_10,1.7955
decode_top,1,1,11,decode_layer_11,1.7935
decode_top,1,1,-1,final_layernorm,0.0081
decode_top,1,1,-1,vocab_gemm,0.6620
decode_top,1,1,-1,logits_d2h,0.0548
decode_top,1,1,-1,argmax_cpu,0.0650
decode_top,1,1,-1,make_response,0.0008
decode_top,1,1,-1,prepare_input_host,0.0009
decode_top,1,1,-1,input_h2d,0.0118
decode_top,1,1,-1,embedding,0.0077
decode_top,1,1,0,decode_layer_0,1.7957
decode_top,1,1,1,decode_layer_1,1.7933
decode_top,1,1,2,decode_layer_2,1.7931
decode_top,1,1,3,decode_layer_3,1.7936
decode_top,1,1,4,decode_layer_4,1.7964
decode_top,1,1,5,decode_layer_5,1.7929
decode_top,1,1,6,decode_layer_6,1.7946
decode_top,1,1,7,decode_layer_7,1.7936
decode_top,1,1,8,decode_layer_8,1.7956
decode_top,1,1,9,decode_layer_9,1.7937
decode_top,1,1,10,decode_layer_10,1.7942
decode_top,1,1,11,decode_layer_11,1.7928
decode_top,1,1,-1,final_layernorm,0.0080
decode_top,1,1,-1,vocab_gemm,0.7637
decode_top,1,1,-1,logits_d2h,0.0575
decode_top,1,1,-1,argmax_cpu,0.0649
decode_top,1,1,-1,make_response,0.0009
decode_top,1,1,-1,prepare_input_host,0.0008
decode_top,1,1,-1,input_h2d,0.0113
decode_top,1,1,-1,embedding,0.0079
decode_top,1,1,0,decode_layer_0,1.7942
decode_top,1,1,1,decode_layer_1,1.7945
decode_top,1,1,2,decode_layer_2,1.7950
decode_top,1,1,3,decode_layer_3,1.7952
decode_top,1,1,4,decode_layer_4,1.7926
decode_top,1,1,5,decode_layer_5,1.7947
decode_top,1,1,6,decode_layer_6,1.7943
decode_top,1,1,7,decode_layer_7,1.7934
decode_top,1,1,8,decode_layer_8,1.7928
decode_top,1,1,9,decode_layer_9,1.7928
decode_top,1,1,10,decode_layer_10,1.7938
decode_top,1,1,11,decode_layer_11,1.7941
decode_top,1,1,-1,final_layernorm,0.0083
decode_top,1,1,-1,vocab_gemm,0.7016
decode_top,1,1,-1,logits_d2h,0.0556
decode_top,1,1,-1,argmax_cpu,0.0650
decode_top,1,1,-1,make_response,0.0009
decode_top,1,1,-1,prepare_input_host,0.0009
decode_top,1,1,-1,input_h2d,0.0115
decode_top,1,1,-1,embedding,0.0080
decode_top,1,1,0,decode_layer_0,1.7961
decode_top,1,1,1,decode_layer_1,1.7929
decode_top,1,1,2,decode_layer_2,1.7933
decode_top,1,1,3,decode_layer_3,1.7945
decode_top,1,1,4,decode_layer_4,1.7983
decode_top,1,1,5,decode_layer_5,1.7954
decode_top,1,1,6,decode_layer_6,1.7920
decode_top,1,1,7,decode_layer_7,1.7983
decode_top,1,1,8,decode_layer_8,1.7949
decode_top,1,1,9,decode_layer_9,1.7931
decode_top,1,1,10,decode_layer_10,1.7934
decode_top,1,1,11,decode_layer_11,1.7933
decode_top,1,1,-1,final_layernorm,0.0083
decode_top,1,1,-1,vocab_gemm,0.7008
decode_top,1,1,-1,logits_d2h,0.0561
decode_top,1,1,-1,argmax_cpu,0.0651
decode_top,1,1,-1,make_response,0.0008
decode_top,1,1,-1,prepare_input_host,0.0009
decode_top,1,1,-1,input_h2d,0.0121
decode_top,1,1,-1,embedding,0.0076
decode_top,1,1,0,decode_layer_0,1.7962
decode_top,1,1,1,decode_layer_1,1.7948
decode_top,1,1,2,decode_layer_2,1.7934
decode_top,1,1,3,decode_layer_3,1.7943
decode_top,1,1,4,decode_layer_4,1.7967
decode_top,1,1,5,decode_layer_5,1.7933
decode_top,1,1,6,decode_layer_6,1.7946
decode_top,1,1,7,decode_layer_7,1.7934
decode_top,1,1,8,decode_layer_8,1.7961
decode_top,1,1,9,decode_layer_9,1.7928
decode_top,1,1,10,decode_layer_10,1.7962
decode_top,1,1,11,decode_layer_11,1.7943
decode_top,1,1,-1,final_layernorm,0.0085
decode_top,1,1,-1,vocab_gemm,0.7140
decode_top,1,1,-1,logits_d2h,0.0578
decode_top,1,1,-1,argmax_cpu,0.0690
decode_top,1,1,-1,make_response,0.0009
decode_top,1,1,-1,prepare_input_host,0.0008
decode_top,1,1,-1,input_h2d,0.0113
decode_top,1,1,-1,embedding,0.0077
decode_top,1,1,0,decode_layer_0,1.7932
decode_top,1,1,1,decode_layer_1,1.7930
decode_top,1,1,2,decode_layer_2,1.7932
decode_top,1,1,3,decode_layer_3,1.7943
decode_top,1,1,4,decode_layer_4,1.7935
decode_top,1,1,5,decode_layer_5,1.7936
decode_top,1,1,6,decode_layer_6,1.7923
decode_top,1,1,7,decode_layer_7,1.7917
decode_top,1,1,8,decode_layer_8,1.7948
decode_top,1,1,9,decode_layer_9,1.7939
decode_top,1,1,10,decode_layer_10,1.7933
decode_top,1,1,11,decode_layer_11,1.7930
decode_top,1,1,-1,final_layernorm,0.0081
decode_top,1,1,-1,vocab_gemm,0.7062
decode_top,1,1,-1,logits_d2h,0.0588
decode_top,1,1,-1,argmax_cpu,0.0648
decode_top,1,1,-1,make_response,0.0009
decode_top,1,1,-1,prepare_input_host,0.0008
decode_top,1,1,-1,input_h2d,0.0117
decode_top,1,1,-1,embedding,0.0075
decode_top,1,1,0,decode_layer_0,1.7945
decode_top,1,1,1,decode_layer_1,1.7930
decode_top,1,1,2,decode_layer_2,1.7937
decode_top,1,1,3,decode_layer_3,1.7955
decode_top,1,1,4,decode_layer_4,1.7947
decode_top,1,1,5,decode_layer_5,1.7940
decode_top,1,1,6,decode_layer_6,1.7936
decode_top,1,1,7,decode_layer_7,1.7949
decode_top,1,1,8,decode_layer_8,1.7951
decode_top,1,1,9,decode_layer_9,1.7920
decode_top,1,1,10,decode_layer_10,1.7939
decode_top,1,1,11,decode_layer_11,1.7945
decode_top,1,1,-1,final_layernorm,0.0084
decode_top,1,1,-1,vocab_gemm,0.7043
decode_top,1,1,-1,logits_d2h,0.0570
decode_top,1,1,-1,argmax_cpu,0.0650
decode_top,1,1,-1,make_response,0.0009
decode_top,1,1,-1,prepare_input_host,0.0008
decode_top,1,1,-1,input_h2d,0.0119
decode_top,1,1,-1,embedding,0.0078
decode_top,1,1,0,decode_layer_0,1.7971
decode_top,1,1,1,decode_layer_1,1.7977
decode_top,1,1,2,decode_layer_2,1.7950
decode_top,1,1,3,decode_layer_3,1.7961
decode_top,1,1,4,decode_layer_4,1.7944
decode_top,1,1,5,decode_layer_5,1.7934
decode_top,1,1,6,decode_layer_6,1.7941
decode_top,1,1,7,decode_layer_7,1.7950
decode_top,1,1,8,decode_layer_8,1.7954
decode_top,1,1,9,decode_layer_9,1.7940
decode_top,1,1,10,decode_layer_10,1.7938
decode_top,1,1,11,decode_layer_11,1.7950
decode_top,1,1,-1,final_layernorm,0.0084
decode_top,1,1,-1,vocab_gemm,0.7055
decode_top,1,1,-1,logits_d2h,0.0556
decode_top,1,1,-1,argmax_cpu,0.0651
decode_top,1,1,-1,make_response,0.0009
decode_top,1,1,-1,prepare_input_host,0.0008
decode_top,1,1,-1,input_h2d,0.0117
decode_top,1,1,-1,embedding,0.0078
decode_top,1,1,0,decode_layer_0,1.7971
decode_top,1,1,1,decode_layer_1,1.7945
decode_top,1,1,2,decode_layer_2,1.7940
decode_top,1,1,3,decode_layer_3,1.7956
decode_top,1,1,4,decode_layer_4,1.7935
decode_top,1,1,5,decode_layer_5,1.7941
decode_top,1,1,6,decode_layer_6,1.7947
decode_top,1,1,7,decode_layer_7,1.7966
decode_top,1,1,8,decode_layer_8,1.7974
decode_top,1,1,9,decode_layer_9,1.7945
decode_top,1,1,10,decode_layer_10,1.7960
decode_top,1,1,11,decode_layer_11,1.7966
decode_top,1,1,-1,final_layernorm,0.0083
decode_top,1,1,-1,vocab_gemm,0.7036
decode_top,1,1,-1,logits_d2h,0.0573
decode_top,1,1,-1,argmax_cpu,0.0822
decode_top,1,1,-1,make_response,0.0009
decode_top,1,1,-1,prepare_input_host,0.0009
decode_top,1,1,-1,input_h2d,0.0119
decode_top,1,1,-1,embedding,0.0082
decode_top,1,1,0,decode_layer_0,1.7975
decode_top,1,1,1,decode_layer_1,1.7945
decode_top,1,1,2,decode_layer_2,1.7939
decode_top,1,1,3,decode_layer_3,1.7976
decode_top,1,1,4,decode_layer_4,1.7956
decode_top,1,1,5,decode_layer_5,1.7935
decode_top,1,1,6,decode_layer_6,1.7959
decode_top,1,1,7,decode_layer_7,1.7939
decode_top,1,1,8,decode_layer_8,1.7949
decode_top,1,1,9,decode_layer_9,1.7975
decode_top,1,1,10,decode_layer_10,1.7940
decode_top,1,1,11,decode_layer_11,1.7953
decode_top,1,1,-1,final_layernorm,0.0085
decode_top,1,1,-1,vocab_gemm,0.7211
decode_top,1,1,-1,logits_d2h,0.0613
decode_top,1,1,-1,argmax_cpu,0.0649
decode_top,1,1,-1,make_response,0.0008
decode_top,1,1,-1,prepare_input_host,0.0009
decode_top,1,1,-1,input_h2d,0.0120
decode_top,1,1,-1,embedding,0.0079
decode_top,1,1,0,decode_layer_0,1.7937
decode_top,1,1,1,decode_layer_1,1.7953
decode_top,1,1,2,decode_layer_2,1.7957
decode_top,1,1,3,decode_layer_3,1.7958
decode_top,1,1,4,decode_layer_4,1.7952
decode_top,1,1,5,decode_layer_5,1.7924
decode_top,1,1,6,decode_layer_6,1.7949
decode_top,1,1,7,decode_layer_7,1.7978
decode_top,1,1,8,decode_layer_8,1.7960
decode_top,1,1,9,decode_layer_9,1.7936
decode_top,1,1,10,decode_layer_10,1.7959
decode_top,1,1,11,decode_layer_11,1.7950
decode_top,1,1,-1,final_layernorm,0.0082
decode_top,1,1,-1,vocab_gemm,0.7074
decode_top,1,1,-1,logits_d2h,0.0573
decode_top,1,1,-1,argmax_cpu,0.0645
decode_top,1,1,-1,make_response,0.0008
decode_top,1,1,-1,prepare_input_host,0.0008
decode_top,1,1,-1,input_h2d,0.0117
decode_top,1,1,-1,embedding,0.0081
decode_top,1,1,0,decode_layer_0,1.7931
decode_top,1,1,1,decode_layer_1,1.7965
decode_top,1,1,2,decode_layer_2,1.7928
decode_top,1,1,3,decode_layer_3,1.7958
decode_top,1,1,4,decode_layer_4,1.7926
decode_top,1,1,5,decode_layer_5,1.7987
decode_top,1,1,6,decode_layer_6,1.7960
decode_top,1,1,7,decode_layer_7,1.7967
decode_top,1,1,8,decode_layer_8,1.7950
decode_top,1,1,9,decode_layer_9,1.7969
decode_top,1,1,10,decode_layer_10,1.7954
decode_top,1,1,11,decode_layer_11,1.7956
decode_top,1,1,-1,final_layernorm,0.0083
decode_top,1,1,-1,vocab_gemm,0.7090
decode_top,1,1,-1,logits_d2h,0.0557
decode_top,1,1,-1,argmax_cpu,0.0646
decode_top,1,1,-1,make_response,0.0009
decode_top,1,1,-1,prepare_input_host,0.0008
decode_top,1,1,-1,input_h2d,0.0117
decode_top,1,1,-1,embedding,0.0082
decode_top,1,1,0,decode_layer_0,1.7914
decode_top,1,1,1,decode_layer_1,1.7934
decode_top,1,1,2,decode_layer_2,1.7930
decode_top,1,1,3,decode_layer_3,1.7950
decode_top,1,1,4,decode_layer_4,1.7936
decode_top,1,1,5,decode_layer_5,1.7935
decode_top,1,1,6,decode_layer_6,1.7949
decode_top,1,1,7,decode_layer_7,1.7954
decode_top,1,1,8,decode_layer_8,1.7921
decode_top,1,1,9,decode_layer_9,1.7934
decode_top,1,1,10,decode_layer_10,1.7962
decode_top,1,1,11,decode_layer_11,1.7930
decode_top,1,1,-1,final_layernorm,0.0081
decode_top,1,1,-1,vocab_gemm,0.7003
decode_top,1,1,-1,logits_d2h,0.0578
decode_top,1,1,-1,argmax_cpu,0.0647
decode_top,1,1,-1,make_response,0.0008
decode_top,1,1,-1,prepare_input_host,0.0008
decode_top,1,1,-1,input_h2d,0.0114
decode_top,1,1,-1,embedding,0.0082
decode_top,1,1,0,decode_layer_0,1.7926
decode_top,1,1,1,decode_layer_1,1.7954
decode_top,1,1,2,decode_layer_2,1.7975
decode_top,1,1,3,decode_layer_3,1.7943
decode_top,1,1,4,decode_layer_4,1.7939
decode_top,1,1,5,decode_layer_5,1.7947
decode_top,1,1,6,decode_layer_6,1.7943
decode_top,1,1,7,decode_layer_7,1.7946
decode_top,1,1,8,decode_layer_8,1.7941
decode_top,1,1,9,decode_layer_9,1.7948
decode_top,1,1,10,decode_layer_10,1.7969
decode_top,1,1,11,decode_layer_11,1.7942
decode_top,1,1,-1,final_layernorm,0.0080
decode_top,1,1,-1,vocab_gemm,0.6614
decode_top,1,1,-1,logits_d2h,0.0572
decode_top,1,1,-1,argmax_cpu,0.0649
decode_top,1,1,-1,make_response,0.0008
decode_top,1,1,-1,prepare_input_host,0.0008
decode_top,1,1,-1,input_h2d,0.0112
decode_top,1,1,-1,embedding,0.0079
decode_top,1,1,0,decode_layer_0,1.7948
decode_top,1,1,1,decode_layer_1,1.7953
decode_top,1,1,2,decode_layer_2,1.7940
decode_top,1,1,3,decode_layer_3,1.7962
decode_top,1,1,4,decode_layer_4,1.7966
decode_top,1,1,5,decode_layer_5,1.7975
decode_top,1,1,6,decode_layer_6,1.7949
decode_top,1,1,7,decode_layer_7,1.7943
decode_top,1,1,8,decode_layer_8,1.7952
decode_top,1,1,9,decode_layer_9,1.7963
decode_top,1,1,10,decode_layer_10,1.7962
decode_top,1,1,11,decode_layer_11,1.7941
decode_top,1,1,-1,final_layernorm,0.0083
decode_top,1,1,-1,vocab_gemm,0.6933
decode_top,1,1,-1,logits_d2h,0.0558
decode_top,1,1,-1,argmax_cpu,0.0645
decode_top,1,1,-1,make_response,0.0009
decode_top,1,1,-1,prepare_input_host,0.0008
decode_top,1,1,-1,input_h2d,0.0118
decode_top,1,1,-1,embedding,0.0084
decode_top,1,1,0,decode_layer_0,1.7921
decode_top,1,1,1,decode_layer_1,1.7936
decode_top,1,1,2,decode_layer_2,1.7960
decode_top,1,1,3,decode_layer_3,1.7956
decode_top,1,1,4,decode_layer_4,1.7923
decode_top,1,1,5,decode_layer_5,1.7942
decode_top,1,1,6,decode_layer_6,1.7956
decode_top,1,1,7,decode_layer_7,1.7940
decode_top,1,1,8,decode_layer_8,1.7928
decode_top,1,1,9,decode_layer_9,1.7937
decode_top,1,1,10,decode_layer_10,1.7962
decode_top,1,1,11,decode_layer_11,1.7936
decode_top,1,1,-1,final_layernorm,0.0080
decode_top,1,1,-1,vocab_gemm,0.7040
decode_top,1,1,-1,logits_d2h,0.0580
decode_top,1,1,-1,argmax_cpu,0.0644
decode_top,1,1,-1,make_response,0.0008
decode_top,1,1,-1,prepare_input_host,0.0008
decode_top,1,1,-1,input_h2d,0.0114
decode_top,1,1,-1,embedding,0.0081
decode_top,1,1,0,decode_layer_0,1.7916
decode_top,1,1,1,decode_layer_1,1.7955
decode_top,1,1,2,decode_layer_2,1.7979
decode_top,1,1,3,decode_layer_3,1.7944
decode_top,1,1,4,decode_layer_4,1.7909
decode_top,1,1,5,decode_layer_5,1.7937
decode_top,1,1,6,decode_layer_6,1.7958
decode_top,1,1,7,decode_layer_7,1.7972
decode_top,1,1,8,decode_layer_8,1.7925
decode_top,1,1,9,decode_layer_9,1.7940
decode_top,1,1,10,decode_layer_10,1.7961
decode_top,1,1,11,decode_layer_11,1.7940
decode_top,1,1,-1,final_layernorm,0.0081
decode_top,1,1,-1,vocab_gemm,0.7038
decode_top,1,1,-1,logits_d2h,0.0555
decode_top,1,1,-1,argmax_cpu,0.0648
decode_top,1,1,-1,make_response,0.0008
decode_top,1,1,-1,prepare_input_host,0.0008
decode_top,1,1,-1,input_h2d,0.0115
decode_top,1,1,-1,embedding,0.0077
decode_top,1,1,0,decode_layer_0,1.7959
decode_top,1,1,1,decode_layer_1,1.7969
decode_top,1,1,2,decode_layer_2,1.7960
decode_top,1,1,3,decode_layer_3,1.7947
decode_top,1,1,4,decode_layer_4,1.7925
decode_top,1,1,5,decode_layer_5,1.7954
decode_top,1,1,6,decode_layer_6,1.7960
decode_top,1,1,7,decode_layer_7,1.7957
decode_top,1,1,8,decode_layer_8,1.7947
decode_top,1,1,9,decode_layer_9,1.7956
decode_top,1,1,10,decode_layer_10,1.7970
decode_top,1,1,11,decode_layer_11,1.7966
decode_top,1,1,-1,final_layernorm,0.0083
decode_top,1,1,-1,vocab_gemm,0.7686
decode_top,1,1,-1,logits_d2h,0.0560
decode_top,1,1,-1,argmax_cpu,0.0650
decode_top,1,1,-1,make_response,0.0009
decode_top,1,1,-1,prepare_input_host,0.0008
decode_top,1,1,-1,input_h2d,0.0113
decode_top,1,1,-1,embedding,0.0079
decode_top,1,1,0,decode_layer_0,1.7926
decode_top,1,1,1,decode_layer_1,1.7970
decode_top,1,1,2,decode_layer_2,1.7958
decode_top,1,1,3,decode_layer_3,1.7969
decode_top,1,1,4,decode_layer_4,1.7947
decode_top,1,1,5,decode_layer_5,1.7969
decode_top,1,1,6,decode_layer_6,1.7975
decode_top,1,1,7,decode_layer_7,1.7951
decode_top,1,1,8,decode_layer_8,1.7931
decode_top,1,1,9,decode_layer_9,1.7977
decode_top,1,1,10,decode_layer_10,1.7987
decode_top,1,1,11,decode_layer_11,1.7961
decode_top,1,1,-1,final_layernorm,0.0084
decode_top,1,1,-1,vocab_gemm,0.6982
decode_top,1,1,-1,logits_d2h,0.0553
decode_top,1,1,-1,argmax_cpu,0.0650
decode_top,1,1,-1,make_response,0.0008
decode_top,1,1,-1,prepare_input_host,0.0008
decode_top,1,1,-1,input_h2d,0.0112
decode_top,1,1,-1,embedding,0.0078
decode_top,1,1,0,decode_layer_0,1.7931
decode_top,1,1,1,decode_layer_1,1.7934
decode_top,1,1,2,decode_layer_2,1.7921
decode_top,1,1,3,decode_layer_3,1.7933
decode_top,1,1,4,decode_layer_4,1.7923
decode_top,1,1,5,decode_layer_5,1.7954
decode_top,1,1,6,decode_layer_6,1.7904
decode_top,1,1,7,decode_layer_7,1.8006
decode_top,1,1,8,decode_layer_8,1.7923
decode_top,1,1,9,decode_layer_9,1.7949
decode_top,1,1,10,decode_layer_10,1.7956
decode_top,1,1,11,decode_layer_11,1.7917
decode_top,1,1,-1,final_layernorm,0.0080
decode_top,1,1,-1,vocab_gemm,0.7003
decode_top,1,1,-1,logits_d2h,0.0561
decode_top,1,1,-1,argmax_cpu,0.0649
decode_top,1,1,-1,make_response,0.0009
decode_top,1,1,-1,prepare_input_host,0.0008
decode_top,1,1,-1,input_h2d,0.0113
decode_top,1,1,-1,embedding,0.0079
decode_top,1,1,0,decode_layer_0,1.7905
decode_top,1,1,1,decode_layer_1,1.7960
decode_top,1,1,2,decode_layer_2,1.8024
decode_top,1,1,3,decode_layer_3,1.7943
decode_top,1,1,4,decode_layer_4,1.7913
decode_top,1,1,5,decode_layer_5,1.7978
decode_top,1,1,6,decode_layer_6,1.7926
decode_top,1,1,7,decode_layer_7,1.7926
decode_top,1,1,8,decode_layer_8,1.7956
decode_top,1,1,9,decode_layer_9,1.7956
decode_top,1,1,10,decode_layer_10,1.7939
decode_top,1,1,11,decode_layer_11,1.7946
decode_top,1,1,-1,final_layernorm,0.0084
decode_top,1,1,-1,vocab_gemm,0.7008
decode_top,1,1,-1,logits_d2h,0.0596
decode_top,1,1,-1,argmax_cpu,0.0650
decode_top,1,1,-1,make_response,0.0009
decode_top,1,1,-1,prepare_input_host,0.0008
decode_top,1,1,-1,input_h2d,0.0113
decode_top,1,1,-1,embedding,0.0080
decode_top,1,1,0,decode_layer_0,1.7942
decode_top,1,1,1,decode_layer_1,1.7935
decode_top,1,1,2,decode_layer_2,1.7916
decode_top,1,1,3,decode_layer_3,1.7925
decode_top,1,1,4,decode_layer_4,1.7923
decode_top,1,1,5,decode_layer_5,1.7969
decode_top,1,1,6,decode_layer_6,1.7929
decode_top,1,1,7,decode_layer_7,1.7929
decode_top,1,1,8,decode_layer_8,1.7951
decode_top,1,1,9,decode_layer_9,1.7961
decode_top,1,1,10,decode_layer_10,1.7957
decode_top,1,1,11,decode_layer_11,1.7924
decode_top,1,1,-1,final_layernorm,0.0079
decode_top,1,1,-1,vocab_gemm,0.7005
decode_top,1,1,-1,logits_d2h,0.0554
decode_top,1,1,-1,argmax_cpu,0.0650
decode_top,1,1,-1,make_response,0.0009
decode_top,1,1,-1,prepare_input_host,0.0008
decode_top,1,1,-1,input_h2d,0.0113
decode_top,1,1,-1,embedding,0.0077
decode_top,1,1,0,decode_layer_0,1.7901
decode_top,1,1,1,decode_layer_1,1.7936
decode_top,1,1,2,decode_layer_2,1.7917
decode_top,1,1,3,decode_layer_3,1.7954
decode_top,1,1,4,decode_layer_4,1.7931
decode_top,1,1,5,decode_layer_5,1.7982
decode_top,1,1,6,decode_layer_6,1.7966
decode_top,1,1,7,decode_layer_7,1.7945
decode_top,1,1,8,decode_layer_8,1.7924
decode_top,1,1,9,decode_layer_9,1.7940
decode_top,1,1,10,decode_layer_10,1.7937
decode_top,1,1,11,decode_layer_11,1.7927
decode_top,1,1,-1,final_layernorm,0.0081
decode_top,1,1,-1,vocab_gemm,0.6599
decode_top,1,1,-1,logits_d2h,0.0550
decode_top,1,1,-1,argmax_cpu,0.0647
decode_top,1,1,-1,make_response,0.0009
decode_top,1,1,-1,prepare_input_host,0.0008
decode_top,1,1,-1,input_h2d,0.0112
decode_top,1,1,-1,embedding,0.0077
decode_top,1,1,0,decode_layer_0,1.7928
decode_top,1,1,1,decode_layer_1,1.7960
decode_top,1,1,2,decode_layer_2,1.7920
decode_top,1,1,3,decode_layer_3,1.7953
decode_top,1,1,4,decode_layer_4,1.7940
decode_top,1,1,5,decode_layer_5,1.7987
decode_top,1,1,6,decode_layer_6,1.7975
decode_top,1,1,7,decode_layer_7,1.7925
decode_top,1,1,8,decode_layer_8,1.7947
decode_top,1,1,9,decode_layer_9,1.7962
decode_top,1,1,10,decode_layer_10,1.7947
decode_top,1,1,11,decode_layer_11,1.7937
decode_top,1,1,-1,final_layernorm,0.0083
decode_top,1,1,-1,vocab_gemm,0.7006
decode_top,1,1,-1,logits_d2h,0.0556
decode_top,1,1,-1,argmax_cpu,0.0647
decode_top,1,1,-1,make_response,0.0009
decode_top,1,1,-1,prepare_input_host,0.0008
decode_top,1,1,-1,input_h2d,0.0118
decode_top,1,1,-1,embedding,0.0079
decode_top,1,1,0,decode_layer_0,1.7958
decode_top,1,1,1,decode_layer_1,1.7962
decode_top,1,1,2,decode_layer_2,1.7944
decode_top,1,1,3,decode_layer_3,1.7930
decode_top,1,1,4,decode_layer_4,1.7965
decode_top,1,1,5,decode_layer_5,1.7986
decode_top,1,1,6,decode_layer_6,1.7944
decode_top,1,1,7,decode_layer_7,1.7954
decode_top,1,1,8,decode_layer_8,1.8095
decode_top,1,1,9,decode_layer_9,1.8141
decode_top,1,1,10,decode_layer_10,1.8184
decode_top,1,1,11,decode_layer_11,1.7972
decode_top,1,1,-1,final_layernorm,0.0087
decode_top,1,1,-1,vocab_gemm,0.6625
decode_top,1,1,-1,logits_d2h,0.0737
decode_top,1,1,-1,argmax_cpu,0.0650
decode_top,1,1,-1,make_response,0.0009
decode_top,1,1,-1,prepare_input_host,0.0009
decode_top,1,1,-1,input_h2d,0.0115
decode_top,1,1,-1,embedding,0.0079
decode_top,1,1,0,decode_layer_0,1.7947
decode_top,1,1,1,decode_layer_1,1.7968
decode_top,1,1,2,decode_layer_2,1.7954
decode_top,1,1,3,decode_layer_3,1.7966
decode_top,1,1,4,decode_layer_4,1.7946
decode_top,1,1,5,decode_layer_5,1.7954
decode_top,1,1,6,decode_layer_6,1.7936
decode_top,1,1,7,decode_layer_7,1.7942
decode_top,1,1,8,decode_layer_8,1.7949
decode_top,1,1,9,decode_layer_9,1.8032
decode_top,1,1,10,decode_layer_10,1.7948
decode_top,1,1,11,decode_layer_11,1.7948
decode_top,1,1,-1,final_layernorm,0.0086
decode_top,1,1,-1,vocab_gemm,0.7047
decode_top,1,1,-1,logits_d2h,0.0621
decode_top,1,1,-1,argmax_cpu,0.0653
decode_top,1,1,-1,make_response,0.0008
decode_top,1,1,-1,prepare_input_host,0.0009
decode_top,1,1,-1,input_h2d,0.0111
decode_top,1,1,-1,embedding,0.0079
decode_top,1,1,0,decode_layer_0,1.7916
decode_top,1,1,1,decode_layer_1,1.7957
decode_top,1,1,2,decode_layer_2,1.7903
decode_top,1,1,3,decode_layer_3,1.7942
decode_top,1,1,4,decode_layer_4,1.7913
decode_top,1,1,5,decode_layer_5,1.7942
decode_top,1,1,6,decode_layer_6,1.7913
decode_top,1,1,7,decode_layer_7,1.7930
decode_top,1,1,8,decode_layer_8,1.7928
decode_top,1,1,9,decode_layer_9,1.7945
decode_top,1,1,10,decode_layer_10,1.7926
decode_top,1,1,11,decode_layer_11,1.7953
decode_top,1,1,-1,final_layernorm,0.0080
decode_top,1,1,-1,vocab_gemm,0.7033
decode_top,1,1,-1,logits_d2h,0.0569
decode_top,1,1,-1,argmax_cpu,0.0648
decode_top,1,1,-1,make_response,0.0009
decode_top,1,1,-1,prepare_input_host,0.0008
decode_top,1,1,-1,input_h2d,0.0114
decode_top,1,1,-1,embedding,0.0081
decode_top,1,1,0,decode_layer_0,1.7939
decode_top,1,1,1,decode_layer_1,1.7961
decode_top,1,1,2,decode_layer_2,1.7951
decode_top,1,1,3,decode_layer_3,1.7953
decode_top,1,1,4,decode_layer_4,1.7943
decode_top,1,1,5,decode_layer_5,1.7945
decode_top,1,1,6,decode_layer_6,1.7926
decode_top,1,1,7,decode_layer_7,1.7955
decode_top,1,1,8,decode_layer_8,1.7924
decode_top,1,1,9,decode_layer_9,1.7942
decode_top,1,1,10,decode_layer_10,1.7932
decode_top,1,1,11,decode_layer_11,1.7963
decode_top,1,1,-1,final_layernorm,0.0080
decode_top,1,1,-1,vocab_gemm,0.7001
decode_top,1,1,-1,logits_d2h,0.0576
decode_top,1,1,-1,argmax_cpu,0.0645
decode_top,1,1,-1,make_response,0.0009
decode_top,1,1,-1,prepare_input_host,0.0008
decode_top,1,1,-1,input_h2d,0.0117
decode_top,1,1,-1,embedding,0.0077
decode_top,1,1,0,decode_layer_0,1.7945
decode_top,1,1,1,decode_layer_1,1.7955
decode_top,1,1,2,decode_layer_2,1.7923
decode_top,1,1,3,decode_layer_3,1.7951
decode_top,1,1,4,decode_layer_4,1.7912
decode_top,1,1,5,decode_layer_5,1.7951
decode_top,1,1,6,decode_layer_6,1.7924
decode_top,1,1,7,decode_layer_7,1.7950
decode_top,1,1,8,decode_layer_8,1.7927
decode_top,1,1,9,decode_layer_9,1.7964
decode_top,1,1,10,decode_layer_10,1.7946
decode_top,1,1,11,decode_layer_11,1.7982
decode_top,1,1,-1,final_layernorm,0.0081
decode_top,1,1,-1,vocab_gemm,0.6995
decode_top,1,1,-1,logits_d2h,0.0621
decode_top,1,1,-1,argmax_cpu,0.0647
decode_top,1,1,-1,make_response,0.0008
decode_top,1,1,-1,prepare_input_host,0.0008
decode_top,1,1,-1,input_h2d,0.0110
decode_top,1,1,-1,embedding,0.0078
decode_top,1,1,0,decode_layer_0,1.7939
decode_top,1,1,1,decode_layer_1,1.7937
decode_top,1,1,2,decode_layer_2,1.7942
decode_top,1,1,3,decode_layer_3,1.7961
decode_top,1,1,4,decode_layer_4,1.7944
decode_top,1,1,5,decode_layer_5,1.7936
decode_top,1,1,6,decode_layer_6,1.7936
decode_top,1,1,7,decode_layer_7,1.7950
decode_top,1,1,8,decode_layer_8,1.7952
decode_top,1,1,9,decode_layer_9,1.7918
decode_top,1,1,10,decode_layer_10,1.7978
decode_top,1,1,11,decode_layer_11,1.7954
decode_top,1,1,-1,final_layernorm,0.0080
decode_top,1,1,-1,vocab_gemm,0.7007
decode_top,1,1,-1,logits_d2h,0.0565
decode_top,1,1,-1,argmax_cpu,0.0645
decode_top,1,1,-1,make_response,0.0008
decode_top,1,1,-1,prepare_input_host,0.0008
decode_top,1,1,-1,input_h2d,0.0273
decode_top,1,1,-1,embedding,0.0080
decode_top,1,1,0,decode_layer_0,1.7953
decode_top,1,1,1,decode_layer_1,1.7933
decode_top,1,1,2,decode_layer_2,1.7933
decode_top,1,1,3,decode_layer_3,1.7957
decode_top,1,1,4,decode_layer_4,1.7960
decode_top,1,1,5,decode_layer_5,1.7957
decode_top,1,1,6,decode_layer_6,1.7950
decode_top,1,1,7,decode_layer_7,1.7953
decode_top,1,1,8,decode_layer_8,1.7984
decode_top,1,1,9,decode_layer_9,1.7957
decode_top,1,1,10,decode_layer_10,1.7958
decode_top,1,1,11,decode_layer_11,1.7955
decode_top,1,1,-1,final_layernorm,0.0081
decode_top,1,1,-1,vocab_gemm,0.6986
decode_top,1,1,-1,logits_d2h,0.0546
decode_top,1,1,-1,argmax_cpu,0.0651
decode_top,1,1,-1,make_response,0.0008
decode_top,1,1,-1,prepare_input_host,0.0009
decode_top,1,1,-1,input_h2d,0.0112
decode_top,1,1,-1,embedding,0.0079
decode_top,1,1,0,decode_layer_0,1.7951
decode_top,1,1,1,decode_layer_1,1.7940
decode_top,1,1,2,decode_layer_2,1.7949
decode_top,1,1,3,decode_layer_3,1.7957
decode_top,1,1,4,decode_layer_4,1.7953
decode_top,1,1,5,decode_layer_5,1.7948
decode_top,1,1,6,decode_layer_6,1.7937
decode_top,1,1,7,decode_layer_7,1.7971
decode_top,1,1,8,decode_layer_8,1.7977
decode_top,1,1,9,decode_layer_9,1.7923
decode_top,1,1,10,decode_layer_10,1.7946
decode_top,1,1,11,decode_layer_11,1.7941
decode_top,1,1,-1,final_layernorm,0.0081
decode_top,1,1,-1,vocab_gemm,0.7038
decode_top,1,1,-1,logits_d2h,0.0585
decode_top,1,1,-1,argmax_cpu,0.0650
decode_top,1,1,-1,make_response,0.0008
decode_top,1,1,-1,prepare_input_host,0.0009
decode_top,1,1,-1,input_h2d,0.0115
decode_top,1,1,-1,embedding,0.0079
decode_top,1,1,0,decode_layer_0,1.7949
decode_top,1,1,1,decode_layer_1,1.7947
decode_top,1,1,2,decode_layer_2,1.7952
decode_top,1,1,3,decode_layer_3,1.7979
decode_top,1,1,4,decode_layer_4,1.7954
decode_top,1,1,5,decode_layer_5,1.7943
decode_top,1,1,6,decode_layer_6,1.7971
decode_top,1,1,7,decode_layer_7,1.7963
decode_top,1,1,8,decode_layer_8,1.7952
decode_top,1,1,9,decode_layer_9,1.7944
decode_top,1,1,10,decode_layer_10,1.7953
decode_top,1,1,11,decode_layer_11,1.7949
decode_top,1,1,-1,final_layernorm,0.0081
decode_top,1,1,-1,vocab_gemm,0.6595
decode_top,1,1,-1,logits_d2h,0.0562
decode_top,1,1,-1,argmax_cpu,0.0646
decode_top,1,1,-1,make_response,0.0008
decode_top,1,1,-1,prepare_input_host,0.0009
decode_top,1,1,-1,input_h2d,0.0113
decode_top,1,1,-1,embedding,0.0079
decode_top,1,1,0,decode_layer_0,1.7917
decode_top,1,1,1,decode_layer_1,1.7947
decode_top,1,1,2,decode_layer_2,1.7920
decode_top,1,1,3,decode_layer_3,1.7935
decode_top,1,1,4,decode_layer_4,1.7893
decode_top,1,1,5,decode_layer_5,1.7948
decode_top,1,1,6,decode_layer_6,1.7920
decode_top,1,1,7,decode_layer_7,1.7949
decode_top,1,1,8,decode_layer_8,1.7929
decode_top,1,1,9,decode_layer_9,1.7947
decode_top,1,1,10,decode_layer_10,1.7923
decode_top,1,1,11,decode_layer_11,1.7933
decode_top,1,1,-1,final_layernorm,0.0080
decode_top,1,1,-1,vocab_gemm,0.7004
decode_top,1,1,-1,logits_d2h,0.0587
decode_top,1,1,-1,argmax_cpu,0.0649
decode_top,1,1,-1,make_response,0.0008
decode_top,1,1,-1,prepare_input_host,0.0009
decode_top,1,1,-1,input_h2d,0.0113
decode_top,1,1,-1,embedding,0.0077
decode_top,1,1,0,decode_layer_0,1.7933
decode_top,1,1,1,decode_layer_1,1.7936
decode_top,1,1,2,decode_layer_2,1.7918
decode_top,1,1,3,decode_layer_3,1.7942
decode_top,1,1,4,decode_layer_4,1.7934
decode_top,1,1,5,decode_layer_5,1.7960
decode_top,1,1,6,decode_layer_6,1.7929
decode_top,1,1,7,decode_layer_7,1.7911
decode_top,1,1,8,decode_layer_8,1.7948
decode_top,1,1,9,decode_layer_9,1.7919
decode_top,1,1,10,decode_layer_10,1.7932
decode_top,1,1,11,decode_layer_11,1.7941
decode_top,1,1,-1,final_layernorm,0.0080
decode_top,1,1,-1,vocab_gemm,0.6977
decode_top,1,1,-1,logits_d2h,0.0585
decode_top,1,1,-1,argmax_cpu,0.0648
decode_top,1,1,-1,make_response,0.0008
decode_top,1,1,-1,prepare_input_host,0.0008
decode_top,1,1,-1,input_h2d,0.0113
decode_top,1,1,-1,embedding,0.0078
decode_top,1,1,0,decode_layer_0,1.7927
decode_top,1,1,1,decode_layer_1,1.7963
decode_top,1,1,2,decode_layer_2,1.7925
decode_top,1,1,3,decode_layer_3,1.7962
decode_top,1,1,4,decode_layer_4,1.7964
decode_top,1,1,5,decode_layer_5,1.7943
decode_top,1,1,6,decode_layer_6,1.7934
decode_top,1,1,7,decode_layer_7,1.7956
decode_top,1,1,8,decode_layer_8,1.7937
decode_top,1,1,9,decode_layer_9,1.7958
decode_top,1,1,10,decode_layer_10,1.7927
decode_top,1,1,11,decode_layer_11,1.7950
decode_top,1,1,-1,final_layernorm,0.0081
decode_top,1,1,-1,vocab_gemm,0.6992
decode_top,1,1,-1,logits_d2h,0.0570
decode_top,1,1,-1,argmax_cpu,0.0653
decode_top,1,1,-1,make_response,0.0008
decode_top,1,1,-1,prepare_input_host,0.0008
decode_top,1,1,-1,input_h2d,0.0119
decode_top,1,1,-1,embedding,0.0077
decode_top,1,1,0,decode_layer_0,1.7922
decode_top,1,1,1,decode_layer_1,1.7944
decode_top,1,1,2,decode_layer_2,1.7912
decode_top,1,1,3,decode_layer_3,1.7982
decode_top,1,1,4,decode_layer_4,1.7923
decode_top,1,1,5,decode_layer_5,1.7944
decode_top,1,1,6,decode_layer_6,1.7922
decode_top,1,1,7,decode_layer_7,1.7952
decode_top,1,1,8,decode_layer_8,1.7927
decode_top,1,1,9,decode_layer_9,1.7957
decode_top,1,1,10,decode_layer_10,1.7930
decode_top,1,1,11,decode_layer_11,1.7954
decode_top,1,1,-1,final_layernorm,0.0081
decode_top,1,1,-1,vocab_gemm,0.6969
decode_top,1,1,-1,logits_d2h,0.0562
decode_top,1,1,-1,argmax_cpu,0.0648
decode_top,1,1,-1,make_response,0.0008
decode_top,1,1,-1,prepare_input_host,0.0008
decode_top,1,1,-1,input_h2d,0.0120
decode_top,1,1,-1,embedding,0.0079
decode_top,1,1,0,decode_layer_0,1.7948
decode_top,1,1,1,decode_layer_1,1.7959
decode_top,1,1,2,decode_layer_2,1.7930
decode_top,1,1,3,decode_layer_3,1.7955
decode_top,1,1,4,decode_layer_4,1.7954
decode_top,1,1,5,decode_layer_5,1.7942
decode_top,1,1,6,decode_layer_6,1.7950
decode_top,1,1,7,decode_layer_7,1.7932
decode_top,1,1,8,decode_layer_8,1.7968
decode_top,1,1,9,decode_layer_9,1.7939
decode_top,1,1,10,decode_layer_10,1.7952
decode_top,1,1,11,decode_layer_11,1.7942
decode_top,1,1,-1,final_layernorm,0.0080
decode_top,1,1,-1,vocab_gemm,0.7023
decode_top,1,1,-1,logits_d2h,0.0573
decode_top,1,1,-1,argmax_cpu,0.0646
decode_top,1,1,-1,make_response,0.0009
decode_top,1,1,-1,prepare_input_host,0.0009
decode_top,1,1,-1,input_h2d,0.0115
decode_top,1,1,-1,embedding,0.0078
decode_top,1,1,0,decode_layer_0,1.8007
decode_top,1,1,1,decode_layer_1,1.7950
decode_top,1,1,2,decode_layer_2,1.7965
decode_top,1,1,3,decode_layer_3,1.7951
decode_top,1,1,4,decode_layer_4,1.7945
decode_top,1,1,5,decode_layer_5,1.7929
decode_top,1,1,6,decode_layer_6,1.7953
decode_top,1,1,7,decode_layer_7,1.7947
decode_top,1,1,8,decode_layer_8,1.7953
decode_top,1,1,9,decode_layer_9,1.7917
decode_top,1,1,10,decode_layer_10,1.7948
decode_top,1,1,11,decode_layer_11,1.7982
decode_top,1,1,-1,final_layernorm,0.0083
decode_top,1,1,-1,vocab_gemm,0.6979
decode_top,1,1,-1,logits_d2h,0.0545
decode_top,1,1,-1,argmax_cpu,0.0651
decode_top,1,1,-1,make_response,0.0009
decode_top,1,1,-1,prepare_input_host,0.0008
decode_top,1,1,-1,input_h2d,0.0113
decode_top,1,1,-1,embedding,0.0077
decode_top,1,1,0,decode_layer_0,1.7959
decode_top,1,1,1,decode_layer_1,1.7937
decode_top,1,1,2,decode_layer_2,1.7944
decode_top,1,1,3,decode_layer_3,1.7966
decode_top,1,1,4,decode_layer_4,1.7948
decode_top,1,1,5,decode_layer_5,1.7967
decode_top,1,1,6,decode_layer_6,1.7945
decode_top,1,1,7,decode_layer_7,1.7953
decode_top,1,1,8,decode_layer_8,1.7955
decode_top,1,1,9,decode_layer_9,1.7947
decode_top,1,1,10,decode_layer_10,1.7968
decode_top,1,1,11,decode_layer_11,1.7954
decode_top,1,1,-1,final_layernorm,0.0080
decode_top,1,1,-1,vocab_gemm,0.7118
decode_top,1,1,-1,logits_d2h,0.0546
decode_top,1,1,-1,argmax_cpu,0.0647
decode_top,1,1,-1,make_response,0.0009
decode_top,8,8,-1,prepare_input_host,0.0009
decode_top,8,8,-1,input_h2d,0.0138
decode_top,8,8,-1,embedding,0.0097
decode_top,8,8,0,decode_layer_0,1.8261
decode_top,8,8,1,decode_layer_1,1.8244
decode_top,8,8,2,decode_layer_2,1.8268
decode_top,8,8,3,decode_layer_3,1.8288
decode_top,8,8,4,decode_layer_4,1.8246
decode_top,8,8,5,decode_layer_5,1.8278
decode_top,8,8,6,decode_layer_6,1.8273
decode_top,8,8,7,decode_layer_7,1.8290
decode_top,8,8,8,decode_layer_8,1.8254
decode_top,8,8,9,decode_layer_9,1.8295
decode_top,8,8,10,decode_layer_10,1.8237
decode_top,8,8,11,decode_layer_11,1.8283
decode_top,8,8,-1,final_layernorm,0.0082
decode_top,8,8,-1,vocab_gemm,0.7817
decode_top,8,8,-1,logits_d2h,0.4760
decode_top,8,8,-1,argmax_cpu,0.5203
decode_top,8,8,-1,make_response,0.0010
decode_top,8,8,-1,prepare_input_host,0.0009
decode_top,8,8,-1,input_h2d,0.0129
decode_top,8,8,-1,embedding,0.0093
decode_top,8,8,0,decode_layer_0,1.8270
decode_top,8,8,1,decode_layer_1,1.8279
decode_top,8,8,2,decode_layer_2,1.8275
decode_top,8,8,3,decode_layer_3,1.8315
decode_top,8,8,4,decode_layer_4,1.8280
decode_top,8,8,5,decode_layer_5,1.8305
decode_top,8,8,6,decode_layer_6,1.8285
decode_top,8,8,7,decode_layer_7,1.8290
decode_top,8,8,8,decode_layer_8,1.8257
decode_top,8,8,9,decode_layer_9,1.8305
decode_top,8,8,10,decode_layer_10,1.8268
decode_top,8,8,11,decode_layer_11,1.8300
decode_top,8,8,-1,final_layernorm,0.0081
decode_top,8,8,-1,vocab_gemm,0.7808
decode_top,8,8,-1,logits_d2h,0.4783
decode_top,8,8,-1,argmax_cpu,0.5201
decode_top,8,8,-1,make_response,0.0009
decode_top,8,8,-1,prepare_input_host,0.0009
decode_top,8,8,-1,input_h2d,0.0129
decode_top,8,8,-1,embedding,0.0094
decode_top,8,8,0,decode_layer_0,1.8296
decode_top,8,8,1,decode_layer_1,1.8278
decode_top,8,8,2,decode_layer_2,1.8306
decode_top,8,8,3,decode_layer_3,1.8298
decode_top,8,8,4,decode_layer_4,1.8271
decode_top,8,8,5,decode_layer_5,1.8307
decode_top,8,8,6,decode_layer_6,1.8274
decode_top,8,8,7,decode_layer_7,1.8266
decode_top,8,8,8,decode_layer_8,1.8247
decode_top,8,8,9,decode_layer_9,1.8309
decode_top,8,8,10,decode_layer_10,1.8421
decode_top,8,8,11,decode_layer_11,1.8277
decode_top,8,8,-1,final_layernorm,0.0081
decode_top,8,8,-1,vocab_gemm,0.7839
decode_top,8,8,-1,logits_d2h,0.4677
decode_top,8,8,-1,argmax_cpu,0.5285
decode_top,8,8,-1,make_response,0.0009
decode_top,8,8,-1,prepare_input_host,0.0008
decode_top,8,8,-1,input_h2d,0.0145
decode_top,8,8,-1,embedding,0.0096
decode_top,8,8,0,decode_layer_0,1.8289
decode_top,8,8,1,decode_layer_1,1.8281
decode_top,8,8,2,decode_layer_2,1.8281
decode_top,8,8,3,decode_layer_3,1.8280
decode_top,8,8,4,decode_layer_4,1.8293
decode_top,8,8,5,decode_layer_5,1.8299
decode_top,8,8,6,decode_layer_6,1.8269
decode_top,8,8,7,decode_layer_7,1.8267
decode_top,8,8,8,decode_layer_8,1.8261
decode_top,8,8,9,decode_layer_9,1.8302
decode_top,8,8,10,decode_layer_10,1.8290
decode_top,8,8,11,decode_layer_11,1.8278
decode_top,8,8,-1,final_layernorm,0.0081
decode_top,8,8,-1,vocab_gemm,0.7825
decode_top,8,8,-1,logits_d2h,0.4676
decode_top,8,8,-1,argmax_cpu,0.5295
decode_top,8,8,-1,make_response,0.0009
decode_top,8,8,-1,prepare_input_host,0.0009
decode_top,8,8,-1,input_h2d,0.0127
decode_top,8,8,-1,embedding,0.0090
decode_top,8,8,0,decode_layer_0,1.8281
decode_top,8,8,1,decode_layer_1,1.8301
decode_top,8,8,2,decode_layer_2,1.8285
decode_top,8,8,3,decode_layer_3,1.8284
decode_top,8,8,4,decode_layer_4,1.8283
decode_top,8,8,5,decode_layer_5,1.8303
decode_top,8,8,6,decode_layer_6,1.8272
decode_top,8,8,7,decode_layer_7,1.8276
decode_top,8,8,8,decode_layer_8,1.8257
decode_top,8,8,9,decode_layer_9,1.8334
decode_top,8,8,10,decode_layer_10,1.8256
decode_top,8,8,11,decode_layer_11,1.8260
decode_top,8,8,-1,final_layernorm,0.0083
decode_top,8,8,-1,vocab_gemm,0.7216
decode_top,8,8,-1,logits_d2h,0.4686
decode_top,8,8,-1,argmax_cpu,0.5184
decode_top,8,8,-1,make_response,0.0009
decode_top,8,8,-1,prepare_input_host,0.0009
decode_top,8,8,-1,input_h2d,0.0129
decode_top,8,8,-1,embedding,0.0087
decode_top,8,8,0,decode_layer_0,1.8286
decode_top,8,8,1,decode_layer_1,1.8287
decode_top,8,8,2,decode_layer_2,1.8278
decode_top,8,8,3,decode_layer_3,1.8297
decode_top,8,8,4,decode_layer_4,1.8291
decode_top,8,8,5,decode_layer_5,1.8323
decode_top,8,8,6,decode_layer_6,1.8291
decode_top,8,8,7,decode_layer_7,1.8309
decode_top,8,8,8,decode_layer_8,1.8282
decode_top,8,8,9,decode_layer_9,1.8318
decode_top,8,8,10,decode_layer_10,1.8285
decode_top,8,8,11,decode_layer_11,1.8275
decode_top,8,8,-1,final_layernorm,0.0082
decode_top,8,8,-1,vocab_gemm,0.7301
decode_top,8,8,-1,logits_d2h,0.4709
decode_top,8,8,-1,argmax_cpu,0.5491
decode_top,8,8,-1,make_response,0.0011
decode_top,8,8,-1,prepare_input_host,0.0009
decode_top,8,8,-1,input_h2d,0.0129
decode_top,8,8,-1,embedding,0.0095
decode_top,8,8,0,decode_layer_0,1.8282
decode_top,8,8,1,decode_layer_1,1.8319
decode_top,8,8,2,decode_layer_2,1.8267
decode_top,8,8,3,decode_layer_3,1.8287
decode_top,8,8,4,decode_layer_4,1.8284
decode_top,8,8,5,decode_layer_5,1.8350
decode_top,8,8,6,decode_layer_6,1.8295
decode_top,8,8,7,decode_layer_7,1.8278
decode_top,8,8,8,decode_layer_8,1.8286
decode_top,8,8,9,decode_layer_9,1.8317
decode_top,8,8,10,decode_layer_10,1.8292
decode_top,8,8,11,decode_layer_11,1.8306
decode_top,8,8,-1,final_layernorm,0.0081
decode_top,8,8,-1,vocab_gemm,0.7266
decode_top,8,8,-1,logits_d2h,0.4669
decode_top,8,8,-1,argmax_cpu,0.5179
decode_top,8,8,-1,make_response,0.0010
decode_top,1,1,-1,prepare_input_host,0.0009
decode_top,1,1,-1,input_h2d,0.0114
decode_top,1,1,-1,embedding,0.0082
decode_top,1,1,0,decode_layer_0,1.7954
decode_top,1,1,1,decode_layer_1,1.7950
decode_top,1,1,2,decode_layer_2,1.7915
decode_top,1,1,3,decode_layer_3,1.7943
decode_top,1,1,4,decode_layer_4,1.7959
decode_top,1,1,5,decode_layer_5,1.7975
decode_top,1,1,6,decode_layer_6,1.7930
decode_top,1,1,7,decode_layer_7,1.7958
decode_top,1,1,8,decode_layer_8,1.7935
decode_top,1,1,9,decode_layer_9,1.7921
decode_top,1,1,10,decode_layer_10,1.7915
decode_top,1,1,11,decode_layer_11,1.7945
decode_top,1,1,-1,final_layernorm,0.0081
decode_top,1,1,-1,vocab_gemm,0.7066
decode_top,1,1,-1,logits_d2h,0.0604
decode_top,1,1,-1,argmax_cpu,0.0646
decode_top,1,1,-1,make_response,0.0009
decode_top,1,1,-1,prepare_input_host,0.0009
decode_top,1,1,-1,input_h2d,0.0113
decode_top,1,1,-1,embedding,0.0078
decode_top,1,1,0,decode_layer_0,1.7927
decode_top,1,1,1,decode_layer_1,1.7955
decode_top,1,1,2,decode_layer_2,1.7952
decode_top,1,1,3,decode_layer_3,1.7972
decode_top,1,1,4,decode_layer_4,1.7943
decode_top,1,1,5,decode_layer_5,1.7929
decode_top,1,1,6,decode_layer_6,1.7962
decode_top,1,1,7,decode_layer_7,1.7953
decode_top,1,1,8,decode_layer_8,1.7951
decode_top,1,1,9,decode_layer_9,1.7943
decode_top,1,1,10,decode_layer_10,1.7963
decode_top,1,1,11,decode_layer_11,1.7946
decode_top,1,1,-1,final_layernorm,0.0081
decode_top,1,1,-1,vocab_gemm,0.7037
decode_top,1,1,-1,logits_d2h,0.0553
decode_top,1,1,-1,argmax_cpu,0.0648
decode_top,1,1,-1,make_response,0.0008
decode_top,1,1,-1,prepare_input_host,0.0008
decode_top,1,1,-1,input_h2d,0.0115
decode_top,1,1,-1,embedding,0.0078
decode_top,1,1,0,decode_layer_0,1.7957
decode_top,1,1,1,decode_layer_1,1.7962
decode_top,1,1,2,decode_layer_2,1.7981
decode_top,1,1,3,decode_layer_3,1.7959
decode_top,1,1,4,decode_layer_4,1.7951
decode_top,1,1,5,decode_layer_5,1.7953
decode_top,1,1,6,decode_layer_6,1.7955
decode_top,1,1,7,decode_layer_7,1.7944
decode_top,1,1,8,decode_layer_8,1.7938
decode_top,1,1,9,decode_layer_9,1.7959
decode_top,1,1,10,decode_layer_10,1.7952
decode_top,1,1,11,decode_layer_11,1.7950
decode_top,1,1,-1,final_layernorm,0.0084
decode_top,1,1,-1,vocab_gemm,0.7009
decode_top,1,1,-1,logits_d2h,0.0547
decode_top,1,1,-1,argmax_cpu,0.0646
decode_top,1,1,-1,make_response,0.0009
decode_top,1,1,-1,prepare_input_host,0.0008
decode_top,1,1,-1,input_h2d,0.0113
decode_top,1,1,-1,embedding,0.0080
decode_top,1,1,0,decode_layer_0,1.7927
decode_top,1,1,1,decode_layer_1,1.7983
decode_top,1,1,2,decode_layer_2,1.7942
decode_top,1,1,3,decode_layer_3,1.7948
decode_top,1,1,4,decode_layer_4,1.7946
decode_top,1,1,5,decode_layer_5,1.7949
decode_top,1,1,6,decode_layer_6,1.7946
decode_top,1,1,7,decode_layer_7,1.7957
decode_top,1,1,8,decode_layer_8,1.7929
decode_top,1,1,9,decode_layer_9,1.7929
decode_top,1,1,10,decode_layer_10,1.7969
decode_top,1,1,11,decode_layer_11,1.7946
decode_top,1,1,-1,final_layernorm,0.0092
decode_top,1,1,-1,vocab_gemm,0.7004
decode_top,1,1,-1,logits_d2h,0.0558
decode_top,1,1,-1,argmax_cpu,0.0648
decode_top,1,1,-1,make_response,0.0009
decode_top,1,1,-1,prepare_input_host,0.0008
decode_top,1,1,-1,input_h2d,0.0118
decode_top,1,1,-1,embedding,0.0088
decode_top,1,1,0,decode_layer_0,1.7987
decode_top,1,1,1,decode_layer_1,1.8107
decode_top,1,1,2,decode_layer_2,1.7927
decode_top,1,1,3,decode_layer_3,1.7947
decode_top,1,1,4,decode_layer_4,1.7936
decode_top,1,1,5,decode_layer_5,1.7983
decode_top,1,1,6,decode_layer_6,1.7953
decode_top,1,1,7,decode_layer_7,1.7947
decode_top,1,1,8,decode_layer_8,1.7939
decode_top,1,1,9,decode_layer_9,1.7962
decode_top,1,1,10,decode_layer_10,1.7970
decode_top,1,1,11,decode_layer_11,1.7979
decode_top,1,1,-1,final_layernorm,0.0081
decode_top,1,1,-1,vocab_gemm,0.7010
decode_top,1,1,-1,logits_d2h,0.0565
decode_top,1,1,-1,argmax_cpu,0.0650
decode_top,1,1,-1,make_response,0.0009
decode_top,1,1,-1,prepare_input_host,0.0009
decode_top,1,1,-1,input_h2d,0.0113
decode_top,1,1,-1,embedding,0.0080
decode_top,1,1,0,decode_layer_0,1.7941
decode_top,1,1,1,decode_layer_1,1.7976
decode_top,1,1,2,decode_layer_2,1.7947
decode_top,1,1,3,decode_layer_3,1.7958
decode_top,1,1,4,decode_layer_4,1.7947
decode_top,1,1,5,decode_layer_5,1.7961
decode_top,1,1,6,decode_layer_6,1.7929
decode_top,1,1,7,decode_layer_7,1.7959
decode_top,1,1,8,decode_layer_8,1.7978
decode_top,1,1,9,decode_layer_9,1.7966
decode_top,1,1,10,decode_layer_10,1.7916
decode_top,1,1,11,decode_layer_11,1.7953
decode_top,1,1,-1,final_layernorm,0.0081
decode_top,1,1,-1,vocab_gemm,0.7007
decode_top,1,1,-1,logits_d2h,0.0567
decode_top,1,1,-1,argmax_cpu,0.0647
decode_top,1,1,-1,make_response,0.0009
decode_top,1,1,-1,prepare_input_host,0.0008
decode_top,1,1,-1,input_h2d,0.0116
decode_top,1,1,-1,embedding,0.0079
decode_top,1,1,0,decode_layer_0,1.7939
decode_top,1,1,1,decode_layer_1,1.7968
decode_top,1,1,2,decode_layer_2,1.7943
decode_top,1,1,3,decode_layer_3,1.7963
decode_top,1,1,4,decode_layer_4,1.7957
decode_top,1,1,5,decode_layer_5,1.7987
decode_top,1,1,6,decode_layer_6,1.7976
decode_top,1,1,7,decode_layer_7,1.7952
decode_top,1,1,8,decode_layer_8,1.7966
decode_top,1,1,9,decode_layer_9,1.7959
decode_top,1,1,10,decode_layer_10,1.7958
decode_top,1,1,11,decode_layer_11,1.7951
decode_top,1,1,-1,final_layernorm,0.0081
decode_top,1,1,-1,vocab_gemm,0.6998
decode_top,1,1,-1,logits_d2h,0.0548
decode_top,1,1,-1,argmax_cpu,0.0646
decode_top,1,1,-1,make_response,0.0008
decode_top,1,1,-1,prepare_input_host,0.0008
decode_top,1,1,-1,input_h2d,0.0112
decode_top,1,1,-1,embedding,0.0079
decode_top,1,1,0,decode_layer_0,1.7914
decode_top,1,1,1,decode_layer_1,1.7924
decode_top,1,1,2,decode_layer_2,1.7912
decode_top,1,1,3,decode_layer_3,1.7936
decode_top,1,1,4,decode_layer_4,1.7897
decode_top,1,1,5,decode_layer_5,1.7894
decode_top,1,1,6,decode_layer_6,1.7902
decode_top,1,1,7,decode_layer_7,1.7926
decode_top,1,1,8,decode_layer_8,1.7966
decode_top,1,1,9,decode_layer_9,1.7917
decode_top,1,1,10,decode_layer_10,1.7919
decode_top,1,1,11,decode_layer_11,1.7932
decode_top,1,1,-1,final_layernorm,0.0081
decode_top,1,1,-1,vocab_gemm,0.7042
decode_top,1,1,-1,logits_d2h,0.0571
decode_top,1,1,-1,argmax_cpu,0.0650
decode_top,1,1,-1,make_response,0.0009
decode_top,1,1,-1,prepare_input_host,0.0008
decode_top,1,1,-1,input_h2d,0.0113
decode_top,1,1,-1,embedding,0.0078
decode_top,1,1,0,decode_layer_0,1.7925
decode_top,1,1,1,decode_layer_1,1.7921
decode_top,1,1,2,decode_layer_2,1.7912
decode_top,1,1,3,decode_layer_3,1.7946
decode_top,1,1,4,decode_layer_4,1.7935
decode_top,1,1,5,decode_layer_5,1.7929
decode_top,1,1,6,decode_layer_6,1.7933
decode_top,1,1,7,decode_layer_7,1.7942
decode_top,1,1,8,decode_layer_8,1.7929
decode_top,1,1,9,decode_layer_9,1.7934
decode_top,1,1,10,decode_layer_10,1.7936
decode_top,1,1,11,decode_layer_11,1.7939
decode_top,1,1,-1,final_layernorm,0.0082
decode_top,1,1,-1,vocab_gemm,0.6994
decode_top,1,1,-1,logits_d2h,0.0555
decode_top,1,1,-1,argmax_cpu,0.0648
decode_top,1,1,-1,make_response,0.0008
decode_top,1,1,-1,prepare_input_host,0.0009
decode_top,1,1,-1,input_h2d,0.0113
decode_top,1,1,-1,embedding,0.0077
decode_top,1,1,0,decode_layer_0,1.7936
decode_top,1,1,1,decode_layer_1,1.7935
decode_top,1,1,2,decode_layer_2,1.7932
decode_top,1,1,3,decode_layer_3,1.7951
decode_top,1,1,4,decode_layer_4,1.7930
decode_top,1,1,5,decode_layer_5,1.7919
decode_top,1,1,6,decode_layer_6,1.7946
decode_top,1,1,7,decode_layer_7,1.7937
decode_top,1,1,8,decode_layer_8,1.7923
decode_top,1,1,9,decode_layer_9,1.7937
decode_top,1,1,10,decode_layer_10,1.7940
decode_top,1,1,11,decode_layer_11,1.7960
decode_top,1,1,-1,final_layernorm,0.0083
decode_top,1,1,-1,vocab_gemm,0.7003
decode_top,1,1,-1,logits_d2h,0.0578
decode_top,1,1,-1,argmax_cpu,0.0689
decode_top,1,1,-1,make_response,0.0009
decode_top,1,1,-1,prepare_input_host,0.0009
decode_top,1,1,-1,input_h2d,0.0121
decode_top,1,1,-1,embedding,0.0079
decode_top,1,1,0,decode_layer_0,1.7938
decode_top,1,1,1,decode_layer_1,1.7933
decode_top,1,1,2,decode_layer_2,1.7912
decode_top,1,1,3,decode_layer_3,1.7953
decode_top,1,1,4,decode_layer_4,1.7928
decode_top,1,1,5,decode_layer_5,1.7962
decode_top,1,1,6,decode_layer_6,1.7935
decode_top,1,1,7,decode_layer_7,1.7941
decode_top,1,1,8,decode_layer_8,1.7924
decode_top,1,1,9,decode_layer_9,1.7943
decode_top,1,1,10,decode_layer_10,1.7936
decode_top,1,1,11,decode_layer_11,1.7951
decode_top,1,1,-1,final_layernorm,0.0082
decode_top,1,1,-1,vocab_gemm,0.7025
decode_top,1,1,-1,logits_d2h,0.0557
decode_top,1,1,-1,argmax_cpu,0.0646
decode_top,1,1,-1,make_response,0.0008
decode_top,1,1,-1,prepare_input_host,0.0008
decode_top,1,1,-1,input_h2d,0.0113
decode_top,1,1,-1,embedding,0.0076
decode_top,1,1,0,decode_layer_0,1.7953
decode_top,1,1,1,decode_layer_1,1.7930
decode_top,1,1,2,decode_layer_2,1.7953
decode_top,1,1,3,decode_layer_3,1.7963
decode_top,1,1,4,decode_layer_4,1.7926
decode_top,1,1,5,decode_layer_5,1.7946
decode_top,1,1,6,decode_layer_6,1.7925
decode_top,1,1,7,decode_layer_7,1.7947
decode_top,1,1,8,decode_layer_8,1.7928
decode_top,1,1,9,decode_layer_9,1.7927
decode_top,1,1,10,decode_layer_10,1.7945
decode_top,1,1,11,decode_layer_11,1.7955
decode_top,1,1,-1,final_layernorm,0.0081
decode_top,1,1,-1,vocab_gemm,0.6997
decode_top,1,1,-1,logits_d2h,0.0560
decode_top,1,1,-1,argmax_cpu,0.0648
decode_top,1,1,-1,make_response,0.0008
decode_top,1,1,-1,prepare_input_host,0.0008
decode_top,1,1,-1,input_h2d,0.0112
decode_top,1,1,-1,embedding,0.0077
decode_top,1,1,0,decode_layer_0,1.7918
decode_top,1,1,1,decode_layer_1,1.7933
decode_top,1,1,2,decode_layer_2,1.7954
decode_top,1,1,3,decode_layer_3,1.7959
decode_top,1,1,4,decode_layer_4,1.7945
decode_top,1,1,5,decode_layer_5,1.7952
decode_top,1,1,6,decode_layer_6,1.7930
decode_top,1,1,7,decode_layer_7,1.7951
decode_top,1,1,8,decode_layer_8,1.7946
decode_top,1,1,9,decode_layer_9,1.7942
decode_top,1,1,10,decode_layer_10,1.7942
decode_top,1,1,11,decode_layer_11,1.7962
decode_top,1,1,-1,final_layernorm,0.0084
decode_top,1,1,-1,vocab_gemm,0.6944
decode_top,1,1,-1,logits_d2h,0.0553
decode_top,1,1,-1,argmax_cpu,0.0647
decode_top,1,1,-1,make_response,0.0008
decode_top,1,1,-1,prepare_input_host,0.0008
decode_top,1,1,-1,input_h2d,0.0120
decode_top,1,1,-1,embedding,0.0081
decode_top,1,1,0,decode_layer_0,1.7953
decode_top,1,1,1,decode_layer_1,1.7954
decode_top,1,1,2,decode_layer_2,1.7963
decode_top,1,1,3,decode_layer_3,1.7987
decode_top,1,1,4,decode_layer_4,1.7946
decode_top,1,1,5,decode_layer_5,1.7952
decode_top,1,1,6,decode_layer_6,1.7957
decode_top,1,1,7,decode_layer_7,1.7948
decode_top,1,1,8,decode_layer_8,1.7958
decode_top,1,1,9,decode_layer_9,1.7923
decode_top,1,1,10,decode_layer_10,1.7938
decode_top,1,1,11,decode_layer_11,1.7954
decode_top,1,1,-1,final_layernorm,0.0092
decode_top,1,1,-1,vocab_gemm,0.7068
decode_top,1,1,-1,logits_d2h,0.0550
decode_top,1,1,-1,argmax_cpu,0.0646
decode_top,1,1,-1,make_response,0.0009
decode_top,1,1,-1,prepare_input_host,0.0009
decode_top,1,1,-1,input_h2d,0.0112
decode_top,1,1,-1,embedding,0.0077
decode_top,1,1,0,decode_layer_0,1.7933
decode_top,1,1,1,decode_layer_1,1.7965
decode_top,1,1,2,decode_layer_2,1.7911
decode_top,1,1,3,decode_layer_3,1.7938
decode_top,1,1,4,decode_layer_4,1.7937
decode_top,1,1,5,decode_layer_5,1.7946
decode_top,1,1,6,decode_layer_6,1.7906
decode_top,1,1,7,decode_layer_7,1.7934
decode_top,1,1,8,decode_layer_8,1.7911
decode_top,1,1,9,decode_layer_9,1.7938
decode_top,1,1,10,decode_layer_10,1.7931
decode_top,1,1,11,decode_layer_11,1.7935
decode_top,1,1,-1,final_layernorm,0.0085
decode_top,1,1,-1,vocab_gemm,0.7044
decode_top,1,1,-1,logits_d2h,0.0563
decode_top,1,1,-1,argmax_cpu,0.0647
decode_top,1,1,-1,make_response,0.0008
decode_top,1,1,-1,prepare_input_host,0.0008
decode_top,1,1,-1,input_h2d,0.0122
decode_top,1,1,-1,embedding,0.0076
decode_top,1,1,0,decode_layer_0,1.7918
decode_top,1,1,1,decode_layer_1,1.7961
decode_top,1,1,2,decode_layer_2,1.7922
decode_top,1,1,3,decode_layer_3,1.7951
decode_top,1,1,4,decode_layer_4,1.7919
decode_top,1,1,5,decode_layer_5,1.7968
decode_top,1,1,6,decode_layer_6,1.7939
decode_top,1,1,7,decode_layer_7,1.7945
decode_top,1,1,8,decode_layer_8,1.7922
decode_top,1,1,9,decode_layer_9,1.7954
decode_top,1,1,10,decode_layer_10,1.7951
decode_top,1,1,11,decode_layer_11,1.7958
decode_top,1,1,-1,final_layernorm,0.0080
decode_top,1,1,-1,vocab_gemm,0.7020
decode_top,1,1,-1,logits_d2h,0.0549
decode_top,1,1,-1,argmax_cpu,0.0647
decode_top,1,1,-1,make_response,0.0009
decode_top,1,1,-1,prepare_input_host,0.0008
decode_top,1,1,-1,input_h2d,0.0113
decode_top,1,1,-1,embedding,0.0078
decode_top,1,1,0,decode_layer_0,1.7945
decode_top,1,1,1,decode_layer_1,1.7981
decode_top,1,1,2,decode_layer_2,1.7928
decode_top,1,1,3,decode_layer_3,1.7950
decode_top,1,1,4,decode_layer_4,1.7934
decode_top,1,1,5,decode_layer_5,1.7947
decode_top,1,1,6,decode_layer_6,1.7929
decode_top,1,1,7,decode_layer_7,1.7963
decode_top,1,1,8,decode_layer_8,1.7926
decode_top,1,1,9,decode_layer_9,1.7956
decode_top,1,1,10,decode_layer_10,1.7959
decode_top,1,1,11,decode_layer_11,1.7944
decode_top,1,1,-1,final_layernorm,0.0082
decode_top,1,1,-1,vocab_gemm,0.7022
decode_top,1,1,-1,logits_d2h,0.0554
decode_top,1,1,-1,argmax_cpu,0.0651
decode_top,1,1,-1,make_response,0.0009
decode_top,1,1,-1,prepare_input_host,0.0008
decode_top,1,1,-1,input_h2d,0.0113
decode_top,1,1,-1,embedding,0.0078
decode_top,1,1,0,decode_layer_0,1.7921
decode_top,1,1,1,decode_layer_1,1.7954
decode_top,1,1,2,decode_layer_2,1.7909
decode_top,1,1,3,decode_layer_3,1.7957
decode_top,1,1,4,decode_layer_4,1.7945
decode_top,1,1,5,decode_layer_5,1.7933
decode_top,1,1,6,decode_layer_6,1.7926
decode_top,1,1,7,decode_layer_7,1.7937
decode_top,1,1,8,decode_layer_8,1.7961
decode_top,1,1,9,decode_layer_9,1.7950
decode_top,1,1,10,decode_layer_10,1.7918
decode_top,1,1,11,decode_layer_11,1.7959
decode_top,1,1,-1,final_layernorm,0.0084
decode_top,1,1,-1,vocab_gemm,0.6927
decode_top,1,1,-1,logits_d2h,0.0572
decode_top,1,1,-1,argmax_cpu,0.0649
decode_top,1,1,-1,make_response,0.0008
decode_top,1,1,-1,prepare_input_host,0.0008
decode_top,1,1,-1,input_h2d,0.0113
decode_top,1,1,-1,embedding,0.0078
decode_top,1,1,0,decode_layer_0,1.7926
decode_top,1,1,1,decode_layer_1,1.7958
decode_top,1,1,2,decode_layer_2,1.7940
decode_top,1,1,3,decode_layer_3,1.7957
decode_top,1,1,4,decode_layer_4,1.7955
decode_top,1,1,5,decode_layer_5,1.7965
decode_top,1,1,6,decode_layer_6,1.7932
decode_top,1,1,7,decode_layer_7,1.7976
decode_top,1,1,8,decode_layer_8,1.7943
decode_top,1,1,9,decode_layer_9,1.7961
decode_top,1,1,10,decode_layer_10,1.7947
decode_top,1,1,11,decode_layer_11,1.7943
decode_top,1,1,-1,final_layernorm,0.0081
decode_top,1,1,-1,vocab_gemm,0.7075
decode_top,1,1,-1,logits_d2h,0.0553
decode_top,1,1,-1,argmax_cpu,0.0647
decode_top,1,1,-1,make_response,0.0009
decode_top,1,1,-1,prepare_input_host,0.0008
decode_top,1,1,-1,input_h2d,0.0113
decode_top,1,1,-1,embedding,0.0079
decode_top,1,1,0,decode_layer_0,1.7946
decode_top,1,1,1,decode_layer_1,1.7958
decode_top,1,1,2,decode_layer_2,1.7929
decode_top,1,1,3,decode_layer_3,1.7961
decode_top,1,1,4,decode_layer_4,1.7925
decode_top,1,1,5,decode_layer_5,1.7971
decode_top,1,1,6,decode_layer_6,1.7939
decode_top,1,1,7,decode_layer_7,1.7953
decode_top,1,1,8,decode_layer_8,1.7924
decode_top,1,1,9,decode_layer_9,1.7965
decode_top,1,1,10,decode_layer_10,1.7959
decode_top,1,1,11,decode_layer_11,1.7981
decode_top,1,1,-1,final_layernorm,0.0081
decode_top,1,1,-1,vocab_gemm,0.7001
decode_top,1,1,-1,logits_d2h,0.0604
decode_top,1,1,-1,argmax_cpu,0.0645
decode_top,1,1,-1,make_response,0.0009
decode_top,1,1,-1,prepare_input_host,0.0008
decode_top,1,1,-1,input_h2d,0.0115
decode_top,1,1,-1,embedding,0.0080
decode_top,1,1,0,decode_layer_0,1.7959
decode_top,1,1,1,decode_layer_1,1.7983
decode_top,1,1,2,decode_layer_2,1.7956
decode_top,1,1,3,decode_layer_3,1.7973
decode_top,1,1,4,decode_layer_4,1.7941
decode_top,1,1,5,decode_layer_5,1.7993
decode_top,1,1,6,decode_layer_6,1.7943
decode_top,1,1,7,decode_layer_7,1.7970
decode_top,1,1,8,decode_layer_8,1.7943
decode_top,1,1,9,decode_layer_9,1.7960
decode_top,1,1,10,decode_layer_10,1.7959
decode_top,1,1,11,decode_layer_11,1.7958
decode_top,1,1,-1,final_layernorm,0.0085
decode_top,1,1,-1,vocab_gemm,0.7019
decode_top,1,1,-1,logits_d2h,0.0560
decode_top,1,1,-1,argmax_cpu,0.0649
decode_top,1,1,-1,make_response,0.0008
decode_top,1,1,-1,prepare_input_host,0.0008
decode_top,1,1,-1,input_h2d,0.0113
decode_top,1,1,-1,embedding,0.0078
decode_top,1,1,0,decode_layer_0,1.7941
decode_top,1,1,1,decode_layer_1,1.7934
decode_top,1,1,2,decode_layer_2,1.7932
decode_top,1,1,3,decode_layer_3,1.7926
decode_top,1,1,4,decode_layer_4,1.7939
decode_top,1,1,5,decode_layer_5,1.7974
decode_top,1,1,6,decode_layer_6,1.7949
decode_top,1,1,7,decode_layer_7,1.7929
decode_top,1,1,8,decode_layer_8,1.7949
decode_top,1,1,9,decode_layer_9,1.7901
decode_top,1,1,10,decode_layer_10,1.7932
decode_top,1,1,11,decode_layer_11,1.7934
decode_top,1,1,-1,final_layernorm,0.0080
decode_top,1,1,-1,vocab_gemm,0.7012
decode_top,1,1,-1,logits_d2h,0.0566
decode_top,1,1,-1,argmax_cpu,0.0650
decode_top,1,1,-1,make_response,0.0009
decode_top,1,1,-1,prepare_input_host,0.0009
decode_top,1,1,-1,input_h2d,0.0113
decode_top,1,1,-1,embedding,0.0076
decode_top,1,1,0,decode_layer_0,2.0077
decode_top,1,1,1,decode_layer_1,1.7922
decode_top,1,1,2,decode_layer_2,1.7953
decode_top,1,1,3,decode_layer_3,1.7955
decode_top,1,1,4,decode_layer_4,1.7956
decode_top,1,1,5,decode_layer_5,1.7916
decode_top,1,1,6,decode_layer_6,1.7939
decode_top,1,1,7,decode_layer_7,1.7918
decode_top,1,1,8,decode_layer_8,1.7977
decode_top,1,1,9,decode_layer_9,1.7927
decode_top,1,1,10,decode_layer_10,1.7942
decode_top,1,1,11,decode_layer_11,1.7924
decode_top,1,1,-1,final_layernorm,0.0082
decode_top,1,1,-1,vocab_gemm,0.7019
decode_top,1,1,-1,logits_d2h,0.1500
decode_top,1,1,-1,argmax_cpu,0.0649
decode_top,1,1,-1,make_response,0.0009
decode_top,1,1,-1,prepare_input_host,0.0036
decode_top,1,1,-1,input_h2d,0.0165
decode_top,1,1,-1,embedding,0.0120
decode_top,1,1,0,decode_layer_0,1.7960
decode_top,1,1,1,decode_layer_1,1.7934
decode_top,1,1,2,decode_layer_2,1.7957
decode_top,1,1,3,decode_layer_3,1.7938
decode_top,1,1,4,decode_layer_4,1.7929
decode_top,1,1,5,decode_layer_5,1.7947
decode_top,1,1,6,decode_layer_6,1.7928
decode_top,1,1,7,decode_layer_7,1.7931
decode_top,1,1,8,decode_layer_8,1.7933
decode_top,1,1,9,decode_layer_9,1.7923
decode_top,1,1,10,decode_layer_10,1.7926
decode_top,1,1,11,decode_layer_11,1.7943
decode_top,1,1,-1,final_layernorm,0.0080
decode_top,1,1,-1,vocab_gemm,0.7004
decode_top,1,1,-1,logits_d2h,0.0604
decode_top,1,1,-1,argmax_cpu,0.0647
decode_top,1,1,-1,make_response,0.0008
decode_top,1,1,-1,prepare_input_host,0.0008
decode_top,1,1,-1,input_h2d,0.0114
decode_top,1,1,-1,embedding,0.0078
decode_top,1,1,0,decode_layer_0,1.7939
decode_top,1,1,1,decode_layer_1,1.7967
decode_top,1,1,2,decode_layer_2,1.7944
decode_top,1,1,3,decode_layer_3,1.7935
decode_top,1,1,4,decode_layer_4,1.7952
decode_top,1,1,5,decode_layer_5,1.7930
decode_top,1,1,6,decode_layer_6,1.7947
decode_top,1,1,7,decode_layer_7,1.7926
decode_top,1,1,8,decode_layer_8,1.7958
decode_top,1,1,9,decode_layer_9,1.7926
decode_top,1,1,10,decode_layer_10,1.7950
decode_top,1,1,11,decode_layer_11,1.7943
decode_top,1,1,-1,final_layernorm,0.0083
decode_top,1,1,-1,vocab_gemm,0.7001
decode_top,1,1,-1,logits_d2h,0.0572
decode_top,1,1,-1,argmax_cpu,0.0647
decode_top,1,1,-1,make_response,0.0009
decode_top,1,1,-1,prepare_input_host,0.0009
decode_top,1,1,-1,input_h2d,0.0117
decode_top,1,1,-1,embedding,0.0080
decode_top,1,1,0,decode_layer_0,1.7955
decode_top,1,1,1,decode_layer_1,1.7918
decode_top,1,1,2,decode_layer_2,1.7938
decode_top,1,1,3,decode_layer_3,1.7933
decode_top,1,1,4,decode_layer_4,1.7948
decode_top,1,1,5,decode_layer_5,1.7953
decode_top,1,1,6,decode_layer_6,1.7941
decode_top,1,1,7,decode_layer_7,1.7936
decode_top,1,1,8,decode_layer_8,1.7952
decode_top,1,1,9,decode_layer_9,1.8066
decode_top,1,1,10,decode_layer_10,1.7956
decode_top,1,1,11,decode_layer_11,1.7948
decode_top,1,1,-1,final_layernorm,0.0080
decode_top,1,1,-1,vocab_gemm,0.6948
decode_top,1,1,-1,logits_d2h,0.0583
decode_top,1,1,-1,argmax_cpu,0.0651
decode_top,1,1,-1,make_response,0.0008
decode_top,1,1,-1,prepare_input_host,0.0008
decode_top,1,1,-1,input_h2d,0.0115
decode_top,1,1,-1,embedding,0.0077
decode_top,1,1,0,decode_layer_0,1.7940
decode_top,1,1,1,decode_layer_1,1.7940
decode_top,1,1,2,decode_layer_2,1.7953
decode_top,1,1,3,decode_layer_3,1.7929
decode_top,1,1,4,decode_layer_4,1.7955
decode_top,1,1,5,decode_layer_5,1.7931
decode_top,1,1,6,decode_layer_6,1.7952
decode_top,1,1,7,decode_layer_7,1.7917
decode_top,1,1,8,decode_layer_8,1.7958
decode_top,1,1,9,decode_layer_9,1.7962
decode_top,1,1,10,decode_layer_10,1.7967
decode_top,1,1,11,decode_layer_11,1.7951
decode_top,1,1,-1,final_layernorm,0.0083
decode_top,1,1,-1,vocab_gemm,0.7012
decode_top,1,1,-1,logits_d2h,0.0558
decode_top,1,1,-1,argmax_cpu,0.0690
decode_top,1,1,-1,make_response,0.0009
decode_top,1,1,-1,prepare_input_host,0.0009
decode_top,1,1,-1,input_h2d,0.0114
decode_top,1,1,-1,embedding,0.0081
decode_top,1,1,0,decode_layer_0,1.7964
decode_top,1,1,1,decode_layer_1,1.7935
decode_top,1,1,2,decode_layer_2,1.7971
decode_top,1,1,3,decode_layer_3,1.7946
decode_top,1,1,4,decode_layer_4,1.7972
decode_top,1,1,5,decode_layer_5,1.7920
decode_top,1,1,6,decode_layer_6,1.7956
decode_top,1,1,7,decode_layer_7,1.7942
decode_top,1,1,8,decode_layer_8,1.7957
decode_top,1,1,9,decode_layer_9,1.7933
decode_top,1,1,10,decode_layer_10,1.7948
decode_top,1,1,11,decode_layer_11,1.7953
decode_top,1,1,-1,final_layernorm,0.0081
decode_top,1,1,-1,vocab_gemm,0.6563
decode_top,1,1,-1,logits_d2h,0.0553
decode_top,1,1,-1,argmax_cpu,0.0649
decode_top,1,1,-1,make_response,0.0008
decode_top,1,1,-1,prepare_input_host,0.0009
decode_top,1,1,-1,input_h2d,0.0115
decode_top,1,1,-1,embedding,0.0078
decode_top,1,1,0,decode_layer_0,1.7928
decode_top,1,1,1,decode_layer_1,1.7942
decode_top,1,1,2,decode_layer_2,1.7939
decode_top,1,1,3,decode_layer_3,1.7954
decode_top,1,1,4,decode_layer_4,1.7918
decode_top,1,1,5,decode_layer_5,1.7938
decode_top,1,1,6,decode_layer_6,1.7921
decode_top,1,1,7,decode_layer_7,1.7938
decode_top,1,1,8,decode_layer_8,1.7920
decode_top,1,1,9,decode_layer_9,1.7950
decode_top,1,1,10,decode_layer_10,1.7950
decode_top,1,1,11,decode_layer_11,1.7920
decode_top,1,1,-1,final_layernorm,0.0081
decode_top,1,1,-1,vocab_gemm,0.7032
decode_top,1,1,-1,logits_d2h,0.0551
decode_top,1,1,-1,argmax_cpu,0.0650
decode_top,1,1,-1,make_response,0.0008
decode_top,1,1,-1,prepare_input_host,0.0008
decode_top,1,1,-1,input_h2d,0.0112
decode_top,1,1,-1,embedding,0.0076
decode_top,1,1,0,decode_layer_0,1.7968
decode_top,1,1,1,decode_layer_1,1.7935
decode_top,1,1,2,decode_layer_2,1.7957
decode_top,1,1,3,decode_layer_3,1.7945
decode_top,1,1,4,decode_layer_4,1.7940
decode_top,1,1,5,decode_layer_5,1.7933
decode_top,1,1,6,decode_layer_6,1.7938
decode_top,1,1,7,decode_layer_7,1.7967
decode_top,1,1,8,decode_layer_8,1.7937
decode_top,1,1,9,decode_layer_9,1.7919
decode_top,1,1,10,decode_layer_10,1.7960
decode_top,1,1,11,decode_layer_11,1.7947
decode_top,1,1,-1,final_layernorm,0.0084
decode_top,1,1,-1,vocab_gemm,0.7200
decode_top,1,1,-1,logits_d2h,0.0574
decode_top,1,1,-1,argmax_cpu,0.0647
decode_top,1,1,-1,make_response,0.0009
decode_top,1,1,-1,prepare_input_host,0.0008
decode_top,1,1,-1,input_h2d,0.0115
decode_top,1,1,-1,embedding,0.0077
decode_top,1,1,0,decode_layer_0,1.7951
decode_top,1,1,1,decode_layer_1,1.7917
decode_top,1,1,2,decode_layer_2,1.7957
decode_top,1,1,3,decode_layer_3,1.7945
decode_top,1,1,4,decode_layer_4,1.7936
decode_top,1,1,5,decode_layer_5,1.7931
decode_top,1,1,6,decode_layer_6,1.7996
decode_top,1,1,7,decode_layer_7,1.7928
decode_top,1,1,8,decode_layer_8,1.7944
decode_top,1,1,9,decode_layer_9,1.7944
decode_top,1,1,10,decode_layer_10,1.7962
decode_top,1,1,11,decode_layer_11,1.7933
decode_top,1,1,-1,final_layernorm,0.0083
decode_top,1,1,-1,vocab_gemm,0.6978
decode_top,1,1,-1,logits_d2h,0.0587
decode_top,1,1,-1,argmax_cpu,0.0648
decode_top,1,1,-1,make_response,0.0009
decode_top,1,1,-1,prepare_input_host,0.0008
decode_top,1,1,-1,input_h2d,0.0112
decode_top,1,1,-1,embedding,0.0081
decode_top,1,1,0,decode_layer_0,1.7954
decode_top,1,1,1,decode_layer_1,1.7935
decode_top,1,1,2,decode_layer_2,1.7938
decode_top,1,1,3,decode_layer_3,1.7938
decode_top,1,1,4,decode_layer_4,1.7967
decode_top,1,1,5,decode_layer_5,1.7954
decode_top,1,1,6,decode_layer_6,1.7945
decode_top,1,1,7,decode_layer_7,1.7953
decode_top,1,1,8,decode_layer_8,1.7957
decode_top,1,1,9,decode_layer_9,1.7935
decode_top,1,1,10,decode_layer_10,1.7963
decode_top,1,1,11,decode_layer_11,1.7927
decode_top,1,1,-1,final_layernorm,0.0084
decode_top,1,1,-1,vocab_gemm,0.7022
decode_top,1,1,-1,logits_d2h,0.0595
decode_top,1,1,-1,argmax_cpu,0.0649
decode_top,1,1,-1,make_response,0.0008
decode_top,1,1,-1,prepare_input_host,0.0009
decode_top,1,1,-1,input_h2d,0.0112
decode_top,1,1,-1,embedding,0.0075
decode_top,1,1,0,decode_layer_0,1.7934
decode_top,1,1,1,decode_layer_1,1.7935
decode_top,1,1,2,decode_layer_2,1.7965
decode_top,1,1,3,decode_layer_3,1.7970
decode_top,1,1,4,decode_layer_4,1.7945
decode_top,1,1,5,decode_layer_5,1.7949
decode_top,1,1,6,decode_layer_6,1.7972
decode_top,1,1,7,decode_layer_7,1.7933
decode_top,1,1,8,decode_layer_8,1.7945
decode_top,1,1,9,decode_layer_9,1.7943
decode_top,1,1,10,decode_layer_10,1.7962
decode_top,1,1,11,decode_layer_11,1.7936
decode_top,1,1,-1,final_layernorm,0.0080
decode_top,1,1,-1,vocab_gemm,0.6570
decode_top,1,1,-1,logits_d2h,0.0543
decode_top,1,1,-1,argmax_cpu,0.0647
decode_top,1,1,-1,make_response,0.0008
decode_top,1,1,-1,prepare_input_host,0.0008
decode_top,1,1,-1,input_h2d,0.0119
decode_top,1,1,-1,embedding,0.0080
decode_top,1,1,0,decode_layer_0,1.7972
decode_top,1,1,1,decode_layer_1,1.7946
decode_top,1,1,2,decode_layer_2,1.7968
decode_top,1,1,3,decode_layer_3,1.7956
decode_top,1,1,4,decode_layer_4,1.7931
decode_top,1,1,5,decode_layer_5,1.7951
decode_top,1,1,6,decode_layer_6,1.7932
decode_top,1,1,7,decode_layer_7,1.7946
decode_top,1,1,8,decode_layer_8,1.7960
decode_top,1,1,9,decode_layer_9,1.7939
decode_top,1,1,10,decode_layer_10,1.7955
decode_top,1,1,11,decode_layer_11,1.7930
decode_top,1,1,-1,final_layernorm,0.0080
decode_top,1,1,-1,vocab_gemm,0.7061
decode_top,1,1,-1,logits_d2h,0.0553
decode_top,1,1,-1,argmax_cpu,0.0647
decode_top,1,1,-1,make_response,0.0009
decode_top,1,1,-1,prepare_input_host,0.0008
decode_top,1,1,-1,input_h2d,0.0117
decode_top,1,1,-1,embedding,0.0077
decode_top,1,1,0,decode_layer_0,1.8005
decode_top,1,1,1,decode_layer_1,1.7941
decode_top,1,1,2,decode_layer_2,1.7947
decode_top,1,1,3,decode_layer_3,1.7960
decode_top,1,1,4,decode_layer_4,1.7947
decode_top,1,1,5,decode_layer_5,1.7944
decode_top,1,1,6,decode_layer_6,1.7985
decode_top,1,1,7,decode_layer_7,1.7943
decode_top,1,1,8,decode_layer_8,1.7951
decode_top,1,1,9,decode_layer_9,1.7946
decode_top,1,1,10,decode_layer_10,1.7973
decode_top,1,1,11,decode_layer_11,1.7928
decode_top,1,1,-1,final_layernorm,0.0081
decode_top,1,1,-1,vocab_gemm,0.6648
decode_top,1,1,-1,logits_d2h,0.0555
decode_top,1,1,-1,argmax_cpu,0.0646
decode_top,1,1,-1,make_response,0.0009
decode_top,1,1,-1,prepare_input_host,0.0009
decode_top,1,1,-1,input_h2d,0.0113
decode_top,1,1,-1,embedding,0.0079
decode_top,1,1,0,decode_layer_0,1.7942
decode_top,1,1,1,decode_layer_1,1.7937
decode_top,1,1,2,decode_layer_2,1.8037
decode_top,1,1,3,decode_layer_3,1.7947
decode_top,1,1,4,decode_layer_4,1.7959
decode_top,1,1,5,decode_layer_5,1.7914
decode_top,1,1,6,decode_layer_6,1.7946
decode_top,1,1,7,decode_layer_7,1.7930
decode_top,1,1,8,decode_layer_8,1.7931
decode_top,1,1,9,decode_layer_9,1.7901
decode_top,1,1,10,decode_layer_10,1.7918
decode_top,1,1,11,decode_layer_11,1.7933
decode_top,1,1,-1,final_layernorm,0.0080
decode_top,1,1,-1,vocab_gemm,0.6607
decode_top,1,1,-1,logits_d2h,0.0637
decode_top,1,1,-1,argmax_cpu,0.0689
decode_top,1,1,-1,make_response,0.0009
decode_top,1,1,-1,prepare_input_host,0.0009
decode_top,1,1,-1,input_h2d,0.0116
decode_top,1,1,-1,embedding,0.0080
decode_top,1,1,0,decode_layer_0,1.7962
decode_top,1,1,1,decode_layer_1,1.7946
decode_top,1,1,2,decode_layer_2,1.7924
decode_top,1,1,3,decode_layer_3,1.7954
decode_top,1,1,4,decode_layer_4,1.7925
decode_top,1,1,5,decode_layer_5,1.7943
decode_top,1,1,6,decode_layer_6,1.7937
decode_top,1,1,7,decode_layer_7,1.7926
decode_top,1,1,8,decode_layer_8,1.7954
decode_top,1,1,9,decode_layer_9,1.7938
decode_top,1,1,10,decode_layer_10,1.7939
decode_top,1,1,11,decode_layer_11,1.7969
decode_top,1,1,-1,final_layernorm,0.0081
decode_top,1,1,-1,vocab_gemm,0.6589
decode_top,1,1,-1,logits_d2h,0.0579
decode_top,1,1,-1,argmax_cpu,0.0646
decode_top,1,1,-1,make_response,0.0009
decode_top,1,1,-1,prepare_input_host,0.0008
decode_top,1,1,-1,input_h2d,0.0116
decode_top,1,1,-1,embedding,0.0080
decode_top,1,1,0,decode_layer_0,1.7945
decode_top,1,1,1,decode_layer_1,1.7926
decode_top,1,1,2,decode_layer_2,1.7934
decode_top,1,1,3,decode_layer_3,1.7954
decode_top,1,1,4,decode_layer_4,1.7947
decode_top,1,1,5,decode_layer_5,1.7923
decode_top,1,1,6,decode_layer_6,1.7946
decode_top,1,1,7,decode_layer_7,1.7949
decode_top,1,1,8,decode_layer_8,1.7933
decode_top,1,1,9,decode_layer_9,1.7967
decode_top,1,1,10,decode_layer_10,1.7955
decode_top,1,1,11,decode_layer_11,1.7986
decode_top,1,1,-1,final_layernorm,0.0081
decode_top,1,1,-1,vocab_gemm,0.7018
decode_top,1,1,-1,logits_d2h,0.0559
decode_top,1,1,-1,argmax_cpu,0.0647
decode_top,1,1,-1,make_response,0.0009
decode_top,1,1,-1,prepare_input_host,0.0008
decode_top,1,1,-1,input_h2d,0.0115
decode_top,1,1,-1,embedding,0.0079
decode_top,1,1,0,decode_layer_0,1.7921
decode_top,1,1,1,decode_layer_1,1.7959
decode_top,1,1,2,decode_layer_2,1.7924
decode_top,1,1,3,decode_layer_3,1.7949
decode_top,1,1,4,decode_layer_4,1.7921
decode_top,1,1,5,decode_layer_5,1.7942
decode_top,1,1,6,decode_layer_6,1.7927
decode_top,1,1,7,decode_layer_7,1.7949
decode_top,1,1,8,decode_layer_8,1.7942
decode_top,1,1,9,decode_layer_9,1.7955
decode_top,1,1,10,decode_layer_10,1.7943
decode_top,1,1,11,decode_layer_11,1.7951
decode_top,1,1,-1,final_layernorm,0.0083
decode_top,1,1,-1,vocab_gemm,0.7006
decode_top,1,1,-1,logits_d2h,0.0548
decode_top,1,1,-1,argmax_cpu,0.0651
decode_top,1,1,-1,make_response,0.0009
decode_top,1,1,-1,prepare_input_host,0.0008
decode_top,1,1,-1,input_h2d,0.0112
decode_top,1,1,-1,embedding,0.0078
decode_top,1,1,0,decode_layer_0,1.7935
decode_top,1,1,1,decode_layer_1,1.7957
decode_top,1,1,2,decode_layer_2,1.7926
decode_top,1,1,3,decode_layer_3,1.7950
decode_top,1,1,4,decode_layer_4,1.7929
decode_top,1,1,5,decode_layer_5,1.7946
decode_top,1,1,6,decode_layer_6,1.7927
decode_top,1,1,7,decode_layer_7,1.7977
decode_top,1,1,8,decode_layer_8,1.7924
decode_top,1,1,9,decode_layer_9,1.7930
decode_top,1,1,10,decode_layer_10,1.7921
decode_top,1,1,11,decode_layer_11,1.7965
decode_top,1,1,-1,final_layernorm,0.0080
decode_top,1,1,-1,vocab_gemm,0.6985
decode_top,1,1,-1,logits_d2h,0.0551
decode_top,1,1,-1,argmax_cpu,0.0651
decode_top,1,1,-1,make_response,0.0008
decode_top,1,1,-1,prepare_input_host,0.0008
decode_top,1,1,-1,input_h2d,0.0112
decode_top,1,1,-1,embedding,0.0079
decode_top,1,1,0,decode_layer_0,1.7942
decode_top,1,1,1,decode_layer_1,1.7955
decode_top,1,1,2,decode_layer_2,1.7944
decode_top,1,1,3,decode_layer_3,1.7963
decode_top,1,1,4,decode_layer_4,1.7954
decode_top,1,1,5,decode_layer_5,1.7955
decode_top,1,1,6,decode_layer_6,1.7952
decode_top,1,1,7,decode_layer_7,1.7946
decode_top,1,1,8,decode_layer_8,1.7923
decode_top,1,1,9,decode_layer_9,1.7946
decode_top,1,1,10,decode_layer_10,1.7952
decode_top,1,1,11,decode_layer_11,1.7951
decode_top,1,1,-1,final_layernorm,0.0080
decode_top,1,1,-1,vocab_gemm,0.6991
decode_top,1,1,-1,logits_d2h,0.0545
decode_top,1,1,-1,argmax_cpu,0.0647
decode_top,1,1,-1,make_response,0.0009
decode_top,1,1,-1,prepare_input_host,0.0008
decode_top,1,1,-1,input_h2d,0.0118
decode_top,1,1,-1,embedding,0.0080
decode_top,1,1,0,decode_layer_0,1.7944
decode_top,1,1,1,decode_layer_1,1.7979
decode_top,1,1,2,decode_layer_2,1.7919
decode_top,1,1,3,decode_layer_3,1.7966
decode_top,1,1,4,decode_layer_4,1.7948
decode_top,1,1,5,decode_layer_5,1.7969
decode_top,1,1,6,decode_layer_6,1.7946
decode_top,1,1,7,decode_layer_7,1.7949
decode_top,1,1,8,decode_layer_8,1.7936
decode_top,1,1,9,decode_layer_9,1.7976
decode_top,1,1,10,decode_layer_10,1.7938
decode_top,1,1,11,decode_layer_11,1.7951
decode_top,1,1,-1,final_layernorm,0.0082
decode_top,1,1,-1,vocab_gemm,0.6538
decode_top,1,1,-1,logits_d2h,0.0569
decode_top,1,1,-1,argmax_cpu,0.0648
decode_top,1,1,-1,make_response,0.0009
decode_top,1,1,-1,prepare_input_host,0.0009
decode_top,1,1,-1,input_h2d,0.0112
decode_top,1,1,-1,embedding,0.0077
decode_top,1,1,0,decode_layer_0,1.7928
decode_top,1,1,1,decode_layer_1,1.7959
decode_top,1,1,2,decode_layer_2,1.7916
decode_top,1,1,3,decode_layer_3,1.7969
decode_top,1,1,4,decode_layer_4,1.7952
decode_top,1,1,5,decode_layer_5,1.7959
decode_top,1,1,6,decode_layer_6,1.7927
decode_top,1,1,7,decode_layer_7,1.7938
decode_top,1,1,8,decode_layer_8,1.7913
decode_top,1,1,9,decode_layer_9,1.7925
decode_top,1,1,10,decode_layer_10,1.7933
decode_top,1,1,11,decode_layer_11,1.7923
decode_top,1,1,-1,final_layernorm,0.0081
decode_top,1,1,-1,vocab_gemm,0.6572
decode_top,1,1,-1,logits_d2h,0.0580
decode_top,1,1,-1,argmax_cpu,0.0648
decode_top,1,1,-1,make_response,0.0009
decode_top,1,1,-1,prepare_input_host,0.0008
decode_top,1,1,-1,input_h2d,0.0113
decode_top,1,1,-1,embedding,0.0080
decode_top,1,1,0,decode_layer_0,1.7926
decode_top,1,1,1,decode_layer_1,1.7910
decode_top,1,1,2,decode_layer_2,1.7937
decode_top,1,1,3,decode_layer_3,1.7966
decode_top,1,1,4,decode_layer_4,1.7936
decode_top,1,1,5,decode_layer_5,1.7917
decode_top,1,1,6,decode_layer_6,1.7916
decode_top,1,1,7,decode_layer_7,1.7940
decode_top,1,1,8,decode_layer_8,1.7925
decode_top,1,1,9,decode_layer_9,1.7921
decode_top,1,1,10,decode_layer_10,1.7919
decode_top,1,1,11,decode_layer_11,1.7954
decode_top,1,1,-1,final_layernorm,0.0081
decode_top,1,1,-1,vocab_gemm,0.6559
decode_top,1,1,-1,logits_d2h,0.0576
decode_top,1,1,-1,argmax_cpu,0.0648
decode_top,1,1,-1,make_response,0.0009
decode_top,1,1,-1,prepare_input_host,0.0008
decode_top,1,1,-1,input_h2d,0.0113
decode_top,1,1,-1,embedding,0.0079
decode_top,1,1,0,decode_layer_0,1.7938
decode_top,1,1,1,decode_layer_1,1.7929
decode_top,1,1,2,decode_layer_2,1.7932
decode_top,1,1,3,decode_layer_3,1.7958
decode_top,1,1,4,decode_layer_4,1.7922
decode_top,1,1,5,decode_layer_5,1.7942
decode_top,1,1,6,decode_layer_6,1.7955
decode_top,1,1,7,decode_layer_7,1.7939
decode_top,1,1,8,decode_layer_8,1.7912
decode_top,1,1,9,decode_layer_9,1.7919
decode_top,1,1,10,decode_layer_10,1.7920
decode_top,1,1,11,decode_layer_11,1.7953
decode_top,1,1,-1,final_layernorm,0.0081
decode_top,1,1,-1,vocab_gemm,0.6577
decode_top,1,1,-1,logits_d2h,0.0561
decode_top,1,1,-1,argmax_cpu,0.0646
decode_top,1,1,-1,make_response,0.0008
decode_top,1,1,-1,prepare_input_host,0.0008
decode_top,1,1,-1,input_h2d,0.0113
decode_top,1,1,-1,embedding,0.0078
decode_top,1,1,0,decode_layer_0,1.7939
decode_top,1,1,1,decode_layer_1,1.7945
decode_top,1,1,2,decode_layer_2,1.7919
decode_top,1,1,3,decode_layer_3,1.7970
decode_top,1,1,4,decode_layer_4,1.7926
decode_top,1,1,5,decode_layer_5,1.7942
decode_top,1,1,6,decode_layer_6,1.7929
decode_top,1,1,7,decode_layer_7,1.7945
decode_top,1,1,8,decode_layer_8,1.7930
decode_top,1,1,9,decode_layer_9,1.7939
decode_top,1,1,10,decode_layer_10,1.7945
decode_top,1,1,11,decode_layer_11,1.7948
decode_top,1,1,-1,final_layernorm,0.0084
decode_top,1,1,-1,vocab_gemm,0.7004
decode_top,1,1,-1,logits_d2h,0.0564
decode_top,1,1,-1,argmax_cpu,0.0645
decode_top,1,1,-1,make_response,0.0009
decode_top,1,1,-1,prepare_input_host,0.0009
decode_top,1,1,-1,input_h2d,0.0112
decode_top,1,1,-1,embedding,0.0078
decode_top,1,1,0,decode_layer_0,1.7924
decode_top,1,1,1,decode_layer_1,1.7932
decode_top,1,1,2,decode_layer_2,1.7914
decode_top,1,1,3,decode_layer_3,1.7944
decode_top,1,1,4,decode_layer_4,1.7922
decode_top,1,1,5,decode_layer_5,1.7936
decode_top,1,1,6,decode_layer_6,1.7939
decode_top,1,1,7,decode_layer_7,1.7962
decode_top,1,1,8,decode_layer_8,1.7941
decode_top,1,1,9,decode_layer_9,1.7965
decode_top,1,1,10,decode_layer_10,1.7971
decode_top,1,1,11,decode_layer_11,1.7948
decode_top,1,1,-1,final_layernorm,0.0080
decode_top,1,1,-1,vocab_gemm,0.6620
decode_top,1,1,-1,logits_d2h,0.0584
decode_top,1,1,-1,argmax_cpu,0.0646
decode_top,1,1,-1,make_response,0.0008
decode_top,1,1,-1,prepare_input_host,0.0008
decode_top,1,1,-1,input_h2d,0.0113
decode_top,1,1,-1,embedding,0.0076
decode_top,1,1,0,decode_layer_0,1.7948
decode_top,1,1,1,decode_layer_1,1.7918
decode_top,1,1,2,decode_layer_2,1.7934
decode_top,1,1,3,decode_layer_3,1.7978
decode_top,1,1,4,decode_layer_4,1.7926
decode_top,1,1,5,decode_layer_5,1.7940
decode_top,1,1,6,decode_layer_6,1.7938
decode_top,1,1,7,decode_layer_7,1.7960
decode_top,1,1,8,decode_layer_8,1.7940
decode_top,1,1,9,decode_layer_9,1.7940
decode_top,1,1,10,decode_layer_10,1.7938
decode_top,1,1,11,decode_layer_11,1.7955
decode_top,1,1,-1,final_layernorm,0.0080
decode_top,1,1,-1,vocab_gemm,0.6602
decode_top,1,1,-1,logits_d2h,0.0569
decode_top,1,1,-1,argmax_cpu,0.0649
decode_top,1,1,-1,make_response,0.0009
decode_top,1,1,-1,prepare_input_host,0.0008
decode_top,1,1,-1,input_h2d,0.0112
decode_top,1,1,-1,embedding,0.0077
decode_top,1,1,0,decode_layer_0,1.7944
decode_top,1,1,1,decode_layer_1,1.7926
decode_top,1,1,2,decode_layer_2,1.7933
decode_top,1,1,3,decode_layer_3,1.7962
decode_top,1,1,4,decode_layer_4,1.7937
decode_top,1,1,5,decode_layer_5,1.7941
decode_top,1,1,6,decode_layer_6,1.7948
decode_top,1,1,7,decode_layer_7,1.7929
decode_top,1,1,8,decode_layer_8,1.7941
decode_top,1,1,9,decode_layer_9,1.7938
decode_top,1,1,10,decode_layer_10,1.7951
decode_top,1,1,11,decode_layer_11,1.7953
decode_top,1,1,-1,final_layernorm,0.0080
decode_top,1,1,-1,vocab_gemm,0.6584
decode_top,1,1,-1,logits_d2h,0.0549
decode_top,1,1,-1,argmax_cpu,0.0647
decode_top,1,1,-1,make_response,0.0009
decode_top,1,1,-1,prepare_input_host,0.0008
decode_top,1,1,-1,input_h2d,0.0116
decode_top,1,1,-1,embedding,0.0079
decode_top,1,1,0,decode_layer_0,1.7916
decode_top,1,1,1,decode_layer_1,1.7935
decode_top,1,1,2,decode_layer_2,1.7909
decode_top,1,1,3,decode_layer_3,1.7934
decode_top,1,1,4,decode_layer_4,1.7913
decode_top,1,1,5,decode_layer_5,1.7947
decode_top,1,1,6,decode_layer_6,1.7904
decode_top,1,1,7,decode_layer_7,1.7936
decode_top,1,1,8,decode_layer_8,1.7974
decode_top,1,1,9,decode_layer_9,1.7950
decode_top,1,1,10,decode_layer_10,1.7925
decode_top,1,1,11,decode_layer_11,1.7925
decode_top,1,1,-1,final_layernorm,0.0080
decode_top,1,1,-1,vocab_gemm,0.6988
decode_top,1,1,-1,logits_d2h,0.0565
decode_top,1,1,-1,argmax_cpu,0.0651
decode_top,1,1,-1,make_response,0.0009
decode_top,1,1,-1,prepare_input_host,0.0008
decode_top,1,1,-1,input_h2d,0.0113
decode_top,1,1,-1,embedding,0.0077
decode_top,1,1,0,decode_layer_0,1.7960
decode_top,1,1,1,decode_layer_1,1.7935
decode_top,1,1,2,decode_layer_2,1.7939
decode_top,1,1,3,decode_layer_3,1.7940
decode_top,1,1,4,decode_layer_4,1.7964
decode_top,1,1,5,decode_layer_5,1.7932
decode_top,1,1,6,decode_layer_6,1.7938
decode_top,1,1,7,decode_layer_7,1.7955
decode_top,1,1,8,decode_layer_8,1.7962
decode_top,1,1,9,decode_layer_9,1.7929
decode_top,1,1,10,decode_layer_10,1.7936
decode_top,1,1,11,decode_layer_11,1.7945
decode_top,1,1,-1,final_layernorm,0.0080
decode_top,1,1,-1,vocab_gemm,0.6960
decode_top,1,1,-1,logits_d2h,0.0548
decode_top,1,1,-1,argmax_cpu,0.0649
decode_top,1,1,-1,make_response,0.0009
decode_top,1,1,-1,prepare_input_host,0.0008
decode_top,1,1,-1,input_h2d,0.0114
decode_top,1,1,-1,embedding,0.0076
decode_top,1,1,0,decode_layer_0,1.7936
decode_top,1,1,1,decode_layer_1,1.7954
decode_top,1,1,2,decode_layer_2,1.7924
decode_top,1,1,3,decode_layer_3,1.7947
decode_top,1,1,4,decode_layer_4,1.7966
decode_top,1,1,5,decode_layer_5,1.7951
decode_top,1,1,6,decode_layer_6,1.7927
decode_top,1,1,7,decode_layer_7,1.7941
decode_top,1,1,8,decode_layer_8,1.7950
decode_top,1,1,9,decode_layer_9,1.7944
decode_top,1,1,10,decode_layer_10,1.7925
decode_top,1,1,11,decode_layer_11,1.7947
decode_top,1,1,-1,final_layernorm,0.0082
decode_top,1,1,-1,vocab_gemm,0.7012
decode_top,1,1,-1,logits_d2h,0.0578
decode_top,1,1,-1,argmax_cpu,0.0685
decode_top,1,1,-1,make_response,0.0009
decode_top,1,1,-1,prepare_input_host,0.0009
decode_top,1,1,-1,input_h2d,0.0115
decode_top,1,1,-1,embedding,0.0078
decode_top,1,1,0,decode_layer_0,1.7959
decode_top,1,1,1,decode_layer_1,1.7962
decode_top,1,1,2,decode_layer_2,1.7915
decode_top,1,1,3,decode_layer_3,1.7947
decode_top,1,1,4,decode_layer_4,1.7966
decode_top,1,1,5,decode_layer_5,1.7955
decode_top,1,1,6,decode_layer_6,1.7928
decode_top,1,1,7,decode_layer_7,1.7958
decode_top,1,1,8,decode_layer_8,1.7949
decode_top,1,1,9,decode_layer_9,1.7964
decode_top,1,1,10,decode_layer_10,1.7942
decode_top,1,1,11,decode_layer_11,1.7946
decode_top,1,1,-1,final_layernorm,0.0087
decode_top,1,1,-1,vocab_gemm,0.7103
decode_top,1,1,-1,logits_d2h,0.0551
decode_top,1,1,-1,argmax_cpu,0.0650
decode_top,1,1,-1,make_response,0.0009
decode_top,1,1,-1,prepare_input_host,0.0009
decode_top,1,1,-1,input_h2d,0.0113
decode_top,1,1,-1,embedding,0.0076
decode_top,1,1,0,decode_layer_0,1.7916
decode_top,1,1,1,decode_layer_1,1.7958
decode_top,1,1,2,decode_layer_2,1.7945
decode_top,1,1,3,decode_layer_3,1.7953
decode_top,1,1,4,decode_layer_4,1.7931
decode_top,1,1,5,decode_layer_5,1.7961
decode_top,1,1,6,decode_layer_6,1.7943
decode_top,1,1,7,decode_layer_7,1.7940
decode_top,1,1,8,decode_layer_8,1.7932
decode_top,1,1,9,decode_layer_9,1.7947
decode_top,1,1,10,decode_layer_10,1.7942
decode_top,1,1,11,decode_layer_11,1.7940
decode_top,1,1,-1,final_layernorm,0.0079
decode_top,1,1,-1,vocab_gemm,0.6969
decode_top,1,1,-1,logits_d2h,0.0548
decode_top,1,1,-1,argmax_cpu,0.0645
decode_top,1,1,-1,make_response,0.0009
decode_top,1,1,-1,prepare_input_host,0.0008
decode_top,1,1,-1,input_h2d,0.0120
decode_top,1,1,-1,embedding,0.0078
decode_top,1,1,0,decode_layer_0,1.7930
decode_top,1,1,1,decode_layer_1,1.7978
decode_top,1,1,2,decode_layer_2,1.7958
decode_top,1,1,3,decode_layer_3,1.7941
decode_top,1,1,4,decode_layer_4,1.7908
decode_top,1,1,5,decode_layer_5,1.7952
decode_top,1,1,6,decode_layer_6,1.7971
decode_top,1,1,7,decode_layer_7,1.7942
decode_top,1,1,8,decode_layer_8,1.7928
decode_top,1,1,9,decode_layer_9,1.7966
decode_top,1,1,10,decode_layer_10,1.7949
decode_top,1,1,11,decode_layer_11,1.7938
decode_top,1,1,-1,final_layernorm,0.0080
decode_top,1,1,-1,vocab_gemm,0.7002
decode_top,1,1,-1,logits_d2h,0.0552
decode_top,1,1,-1,argmax_cpu,0.0646
decode_top,1,1,-1,make_response,0.0009
decode_top,1,1,-1,prepare_input_host,0.0008
decode_top,1,1,-1,input_h2d,0.0112
decode_top,1,1,-1,embedding,0.0078
decode_top,1,1,0,decode_layer_0,1.7945
decode_top,1,1,1,decode_layer_1,1.7933
decode_top,1,1,2,decode_layer_2,1.7968
decode_top,1,1,3,decode_layer_3,1.7958
decode_top,1,1,4,decode_layer_4,1.7954
decode_top,1,1,5,decode_layer_5,1.7970
decode_top,1,1,6,decode_layer_6,1.7956
decode_top,1,1,7,decode_layer_7,1.7960
decode_top,1,1,8,decode_layer_8,1.7942
decode_top,1,1,9,decode_layer_9,1.7944
decode_top,1,1,10,decode_layer_10,1.7962
decode_top,1,1,11,decode_layer_11,1.7973
decode_top,1,1,-1,final_layernorm,0.0084
decode_top,1,1,-1,vocab_gemm,0.6960
decode_top,1,1,-1,logits_d2h,0.0565
decode_top,1,1,-1,argmax_cpu,0.0649
decode_top,1,1,-1,make_response,0.0009
decode_top,1,1,-1,prepare_input_host,0.0009
decode_top,1,1,-1,input_h2d,0.0111
decode_top,1,1,-1,embedding,0.0077
decode_top,1,1,0,decode_layer_0,1.7931
decode_top,1,1,1,decode_layer_1,1.7942
decode_top,1,1,2,decode_layer_2,1.7927
decode_top,1,1,3,decode_layer_3,1.7924
decode_top,1,1,4,decode_layer_4,1.7950
decode_top,1,1,5,decode_layer_5,1.7937
decode_top,1,1,6,decode_layer_6,1.7950
decode_top,1,1,7,decode_layer_7,1.7924
decode_top,1,1,8,decode_layer_8,1.7926
decode_top,1,1,9,decode_layer_9,1.7949
decode_top,1,1,10,decode_layer_10,1.7933
decode_top,1,1,11,decode_layer_11,1.7913
decode_top,1,1,-1,final_layernorm,0.0089
decode_top,1,1,-1,vocab_gemm,0.6976
decode_top,1,1,-1,logits_d2h,0.0586
decode_top,1,1,-1,argmax_cpu,0.0646
decode_top,1,1,-1,make_response,0.0008
decode_top,1,1,-1,prepare_input_host,0.0008
decode_top,1,1,-1,input_h2d,0.0255
decode_top,1,1,-1,embedding,0.0080
decode_top,1,1,0,decode_layer_0,1.7952
decode_top,1,1,1,decode_layer_1,1.7957
decode_top,1,1,2,decode_layer_2,1.7944
decode_top,1,1,3,decode_layer_3,1.7927
decode_top,1,1,4,decode_layer_4,1.7930
decode_top,1,1,5,decode_layer_5,1.7945
decode_top,1,1,6,decode_layer_6,1.7929
decode_top,1,1,7,decode_layer_7,1.7919
decode_top,1,1,8,decode_layer_8,1.7939
decode_top,1,1,9,decode_layer_9,1.7948
decode_top,1,1,10,decode_layer_10,1.7939
decode_top,1,1,11,decode_layer_11,1.7941
decode_top,1,1,-1,final_layernorm,0.0083
decode_top,1,1,-1,vocab_gemm,0.7023
decode_top,1,1,-1,logits_d2h,0.0588
decode_top,1,1,-1,argmax_cpu,0.0648
decode_top,1,1,-1,make_response,0.0009
decode_top,1,1,-1,prepare_input_host,0.0008
decode_top,1,1,-1,input_h2d,0.0113
decode_top,1,1,-1,embedding,0.0077
decode_top,1,1,0,decode_layer_0,1.7950
decode_top,1,1,1,decode_layer_1,1.7961
decode_top,1,1,2,decode_layer_2,1.7947
decode_top,1,1,3,decode_layer_3,1.7941
decode_top,1,1,4,decode_layer_4,1.7945
decode_top,1,1,5,decode_layer_5,1.7979
decode_top,1,1,6,decode_layer_6,1.7935
decode_top,1,1,7,decode_layer_7,1.7926
decode_top,1,1,8,decode_layer_8,1.7940
decode_top,1,1,9,decode_layer_9,1.7998
decode_top,1,1,10,decode_layer_10,1.7950
decode_top,1,1,11,decode_layer_11,1.7952
decode_top,1,1,-1,final_layernorm,0.0080
decode_top,1,1,-1,vocab_gemm,0.6629
decode_top,1,1,-1,logits_d2h,0.0552
decode_top,1,1,-1,argmax_cpu,0.0650
decode_top,1,1,-1,make_response,0.0009
decode_top,1,1,-1,prepare_input_host,0.0008
decode_top,1,1,-1,input_h2d,0.0113
decode_top,1,1,-1,embedding,0.0077
decode_top,1,1,0,decode_layer_0,1.7970
decode_top,1,1,1,decode_layer_1,1.7938
decode_top,1,1,2,decode_layer_2,1.7933
decode_top,1,1,3,decode_layer_3,1.7940
decode_top,1,1,4,decode_layer_4,1.7958
decode_top,1,1,5,decode_layer_5,1.7972
decode_top,1,1,6,decode_layer_6,1.7948
decode_top,1,1,7,decode_layer_7,1.7936
decode_top,1,1,8,decode_layer_8,1.7959
decode_top,1,1,9,decode_layer_9,1.7966
decode_top,1,1,10,decode_layer_10,1.7950
decode_top,1,1,11,decode_layer_11,1.7962
decode_top,1,1,-1,final_layernorm,0.0080
decode_top,1,1,-1,vocab_gemm,0.6614
decode_top,1,1,-1,logits_d2h,0.0548
decode_top,1,1,-1,argmax_cpu,0.0645
decode_top,1,1,-1,make_response,0.0009
decode_top,1,1,-1,prepare_input_host,0.0008
decode_top,1,1,-1,input_h2d,0.0116
decode_top,1,1,-1,embedding,0.0078
decode_top,1,1,0,decode_layer_0,1.7944
decode_top,1,1,1,decode_layer_1,1.7967
decode_top,1,1,2,decode_layer_2,1.7946
decode_top,1,1,3,decode_layer_3,1.7954
decode_top,1,1,4,decode_layer_4,1.7952
decode_top,1,1,5,decode_layer_5,1.7942
decode_top,1,1,6,decode_layer_6,1.7948
decode_top,1,1,7,decode_layer_7,1.7958
decode_top,1,1,8,decode_layer_8,1.7941
decode_top,1,1,9,decode_layer_9,1.7959
decode_top,1,1,10,decode_layer_10,1.7957
decode_top,1,1,11,decode_layer_11,1.7946
decode_top,1,1,-1,final_layernorm,0.0081
decode_top,1,1,-1,vocab_gemm,0.7048
decode_top,1,1,-1,logits_d2h,0.0547
decode_top,1,1,-1,argmax_cpu,0.0651
decode_top,1,1,-1,make_response,0.0009
decode_top,1,1,-1,prepare_input_host,0.0009
decode_top,1,1,-1,input_h2d,0.0115
decode_top,1,1,-1,embedding,0.0078
decode_top,1,1,0,decode_layer_0,1.7959
decode_top,1,1,1,decode_layer_1,1.7939
decode_top,1,1,2,decode_layer_2,1.7938
decode_top,1,1,3,decode_layer_3,1.7963
decode_top,1,1,4,decode_layer_4,1.7963
decode_top,1,1,5,decode_layer_5,1.7973
decode_top,1,1,6,decode_layer_6,1.7963
decode_top,1,1,7,decode_layer_7,1.7960
decode_top,1,1,8,decode_layer_8,1.7961
decode_top,1,1,9,decode_layer_9,1.7953
decode_top,1,1,10,decode_layer_10,1.7940
decode_top,1,1,11,decode_layer_11,1.7961
decode_top,1,1,-1,final_layernorm,0.0083
decode_top,1,1,-1,vocab_gemm,0.6984
decode_top,1,1,-1,logits_d2h,0.0558
decode_top,1,1,-1,argmax_cpu,0.0649
decode_top,1,1,-1,make_response,0.0008
decode_top,1,1,-1,prepare_input_host,0.0008
decode_top,1,1,-1,input_h2d,0.0113
decode_top,1,1,-1,embedding,0.0078
decode_top,1,1,0,decode_layer_0,1.7965
decode_top,1,1,1,decode_layer_1,1.7938
decode_top,1,1,2,decode_layer_2,1.7945
decode_top,1,1,3,decode_layer_3,1.7986
decode_top,1,1,4,decode_layer_4,1.7960
decode_top,1,1,5,decode_layer_5,1.7938
decode_top,1,1,6,decode_layer_6,1.7950
decode_top,1,1,7,decode_layer_7,1.7928
decode_top,1,1,8,decode_layer_8,1.7943
decode_top,1,1,9,decode_layer_9,1.7946
decode_top,1,1,10,decode_layer_10,1.7958
decode_top,1,1,11,decode_layer_11,1.7950
decode_top,1,1,-1,final_layernorm,0.0080
decode_top,1,1,-1,vocab_gemm,0.6996
decode_top,1,1,-1,logits_d2h,0.0585
decode_top,1,1,-1,argmax_cpu,0.0651
decode_top,1,1,-1,make_response,0.0009
decode_top,1,1,-1,prepare_input_host,0.0008
decode_top,1,1,-1,input_h2d,0.0112
decode_top,1,1,-1,embedding,0.0079
decode_top,1,1,0,decode_layer_0,1.7917
decode_top,1,1,1,decode_layer_1,1.7949
decode_top,1,1,2,decode_layer_2,1.7917
decode_top,1,1,3,decode_layer_3,1.7929
decode_top,1,1,4,decode_layer_4,1.7945
decode_top,1,1,5,decode_layer_5,1.7977
decode_top,1,1,6,decode_layer_6,1.7898
decode_top,1,1,7,decode_layer_7,1.7913
decode_top,1,1,8,decode_layer_8,1.7934
decode_top,1,1,9,decode_layer_9,1.7930
decode_top,1,1,10,decode_layer_10,1.7911
decode_top,1,1,11,decode_layer_11,1.7914
decode_top,1,1,-1,final_layernorm,0.0080
decode_top,1,1,-1,vocab_gemm,0.7061
decode_top,1,1,-1,logits_d2h,0.0560
decode_top,1,1,-1,argmax_cpu,0.0649
decode_top,1,1,-1,make_response,0.0008
decode_top,1,1,-1,prepare_input_host,0.0008
decode_top,1,1,-1,input_h2d,0.0113
decode_top,1,1,-1,embedding,0.0076
decode_top,1,1,0,decode_layer_0,1.7957
decode_top,1,1,1,decode_layer_1,1.7953
decode_top,1,1,2,decode_layer_2,1.7935
decode_top,1,1,3,decode_layer_3,1.7970
decode_top,1,1,4,decode_layer_4,1.7925
decode_top,1,1,5,decode_layer_5,1.7957
decode_top,1,1,6,decode_layer_6,1.7925
decode_top,1,1,7,decode_layer_7,1.7947
decode_top,1,1,8,decode_layer_8,1.7928
decode_top,1,1,9,decode_layer_9,1.7940
decode_top,1,1,10,decode_layer_10,1.7933
decode_top,1,1,11,decode_layer_11,1.7946
decode_top,1,1,-1,final_layernorm,0.0081
decode_top,1,1,-1,vocab_gemm,0.7047
decode_top,1,1,-1,logits_d2h,0.0546
decode_top,1,1,-1,argmax_cpu,0.0646
decode_top,1,1,-1,make_response,0.0009
decode_top,1,1,-1,prepare_input_host,0.0008
decode_top,1,1,-1,input_h2d,0.0112
decode_top,1,1,-1,embedding,0.0079
decode_top,1,1,0,decode_layer_0,1.7941
decode_top,1,1,1,decode_layer_1,1.7942
decode_top,1,1,2,decode_layer_2,1.7938
decode_top,1,1,3,decode_layer_3,1.7936
decode_top,1,1,4,decode_layer_4,1.7938
decode_top,1,1,5,decode_layer_5,1.7968
decode_top,1,1,6,decode_layer_6,1.7931
decode_top,1,1,7,decode_layer_7,1.7929
decode_top,1,1,8,decode_layer_8,1.7956
decode_top,1,1,9,decode_layer_9,1.7957
decode_top,1,1,10,decode_layer_10,1.7927
decode_top,1,1,11,decode_layer_11,1.7917
decode_top,1,1,-1,final_layernorm,0.0080
decode_top,1,1,-1,vocab_gemm,0.7070
decode_top,1,1,-1,logits_d2h,0.0545
decode_top,1,1,-1,argmax_cpu,0.0651
decode_top,1,1,-1,make_response,0.0008
decode_top,1,1,-1,prepare_input_host,0.0008
decode_top,1,1,-1,input_h2d,0.0113
decode_top,1,1,-1,embedding,0.0078
decode_top,1,1,0,decode_layer_0,1.7945
decode_top,1,1,1,decode_layer_1,1.7981
decode_top,1,1,2,decode_layer_2,1.7961
decode_top,1,1,3,decode_layer_3,1.7937
decode_top,1,1,4,decode_layer_4,1.7947
decode_top,1,1,5,decode_layer_5,1.7947
decode_top,1,1,6,decode_layer_6,1.7940
decode_top,1,1,7,decode_layer_7,1.7923
decode_top,1,1,8,decode_layer_8,1.7952
decode_top,1,1,9,decode_layer_9,1.7952
decode_top,1,1,10,decode_layer_10,1.7959
decode_top,1,1,11,decode_layer_11,1.7948
decode_top,1,1,-1,final_layernorm,0.0081
decode_top,1,1,-1,vocab_gemm,0.7066
decode_top,1,1,-1,logits_d2h,0.0550
decode_top,1,1,-1,argmax_cpu,0.0651
decode_top,1,1,-1,make_response,0.0009
decode_top,1,1,-1,prepare_input_host,0.0008
decode_top,1,1,-1,input_h2d,0.0112
decode_top,1,1,-1,embedding,0.0078
decode_top,1,1,0,decode_layer_0,1.7959
decode_top,1,1,1,decode_layer_1,1.7956
decode_top,1,1,2,decode_layer_2,1.7935
decode_top,1,1,3,decode_layer_3,1.7944
decode_top,1,1,4,decode_layer_4,1.7961
decode_top,1,1,5,decode_layer_5,1.7967
decode_top,1,1,6,decode_layer_6,1.7928
decode_top,1,1,7,decode_layer_7,1.7931
decode_top,1,1,8,decode_layer_8,1.7963
decode_top,1,1,9,decode_layer_9,1.7970
decode_top,1,1,10,decode_layer_10,1.7970
decode_top,1,1,11,decode_layer_11,1.7929
decode_top,1,1,-1,final_layernorm,0.0083
decode_top,1,1,-1,vocab_gemm,0.7012
decode_top,1,1,-1,logits_d2h,0.0554
decode_top,1,1,-1,argmax_cpu,0.0647
decode_top,1,1,-1,make_response,0.0008
decode_top,1,1,-1,prepare_input_host,0.0008
decode_top,1,1,-1,input_h2d,0.0112
decode_top,1,1,-1,embedding,0.0076
decode_top,1,1,0,decode_layer_0,1.7968
decode_top,1,1,1,decode_layer_1,1.7954
decode_top,1,1,2,decode_layer_2,1.7957
decode_top,1,1,3,decode_layer_3,1.7938
decode_top,1,1,4,decode_layer_4,1.7956
decode_top,1,1,5,decode_layer_5,1.7940
decode_top,1,1,6,decode_layer_6,1.7945
decode_top,1,1,7,decode_layer_7,1.7930
decode_top,1,1,8,decode_layer_8,1.7954
decode_top,1,1,9,decode_layer_9,1.7975
decode_top,1,1,10,decode_layer_10,1.7972
decode_top,1,1,11,decode_layer_11,1.7932
decode_top,1,1,-1,final_layernorm,0.0083
decode_top,1,1,-1,vocab_gemm,0.7056
decode_top,1,1,-1,logits_d2h,0.0558
decode_top,1,1,-1,argmax_cpu,0.0647
decode_top,1,1,-1,make_response,0.0008
decode_top,1,1,-1,prepare_input_host,0.0008
decode_top,1,1,-1,input_h2d,0.0120
decode_top,1,1,-1,embedding,0.0079
decode_top,1,1,0,decode_layer_0,1.7954
decode_top,1,1,1,decode_layer_1,1.7958
decode_top,1,1,2,decode_layer_2,1.7951
decode_top,1,1,3,decode_layer_3,1.7943
decode_top,1,1,4,decode_layer_4,1.7969
decode_top,1,1,5,decode_layer_5,1.7960
decode_top,1,1,6,decode_layer_6,1.7948
decode_top,1,1,7,decode_layer_7,1.7955
decode_top,1,1,8,decode_layer_8,1.7998
decode_top,1,1,9,decode_layer_9,1.7958
decode_top,1,1,10,decode_layer_10,1.7943
decode_top,1,1,11,decode_layer_11,1.7945
decode_top,1,1,-1,final_layernorm,0.0080
decode_top,1,1,-1,vocab_gemm,0.7035
decode_top,1,1,-1,logits_d2h,0.0554
decode_top,1,1,-1,argmax_cpu,0.0647
decode_top,1,1,-1,make_response,0.0008
decode_top,1,1,-1,prepare_input_host,0.0009
decode_top,1,1,-1,input_h2d,0.0118
decode_top,1,1,-1,embedding,0.0078
decode_top,1,1,0,decode_layer_0,1.7923
decode_top,1,1,1,decode_layer_1,1.7955
decode_top,1,1,2,decode_layer_2,1.7953
decode_top,1,1,3,decode_layer_3,1.7938
decode_top,1,1,4,decode_layer_4,1.7926
decode_top,1,1,5,decode_layer_5,1.7921
decode_top,1,1,6,decode_layer_6,1.7939
decode_top,1,1,7,decode_layer_7,1.7942
decode_top,1,1,8,decode_layer_8,1.7936
decode_top,1,1,9,decode_layer_9,1.7929
decode_top,1,1,10,decode_layer_10,1.7943
decode_top,1,1,11,decode_layer_11,1.7925
decode_top,1,1,-1,final_layernorm,0.0083
decode_top,1,1,-1,vocab_gemm,0.7058
decode_top,1,1,-1,logits_d2h,0.0542
decode_top,1,1,-1,argmax_cpu,0.0651
decode_top,1,1,-1,make_response,0.0009
decode_top,1,1,-1,prepare_input_host,0.0009
decode_top,1,1,-1,input_h2d,0.0115
decode_top,1,1,-1,embedding,0.0077
decode_top,1,1,0,decode_layer_0,1.7917
decode_top,1,1,1,decode_layer_1,1.7951
decode_top,1,1,2,decode_layer_2,1.7958
decode_top,1,1,3,decode_layer_3,1.7950
decode_top,1,1,4,decode_layer_4,1.7924
decode_top,1,1,5,decode_layer_5,1.7944
decode_top,1,1,6,decode_layer_6,1.7949
decode_top,1,1,7,decode_layer_7,1.7960
decode_top,1,1,8,decode_layer_8,1.7917
decode_top,1,1,9,decode_layer_9,1.7947
decode_top,1,1,10,decode_layer_10,1.7965
decode_top,1,1,11,decode_layer_11,1.7926
decode_top,1,1,-1,final_layernorm,0.0082
decode_top,1,1,-1,vocab_gemm,0.7001
decode_top,1,1,-1,logits_d2h,0.0570
decode_top,1,1,-1,argmax_cpu,0.0646
decode_top,1,1,-1,make_response,0.0009
decode_top,1,1,-1,prepare_input_host,0.0008
decode_top,1,1,-1,input_h2d,0.0112
decode_top,1,1,-1,embedding,0.0076
decode_top,1,1,0,decode_layer_0,1.7952
decode_top,1,1,1,decode_layer_1,1.7945
decode_top,1,1,2,decode_layer_2,1.7951
decode_top,1,1,3,decode_layer_3,1.7932
decode_top,1,1,4,decode_layer_4,1.7943
decode_top,1,1,5,decode_layer_5,1.7948
decode_top,1,1,6,decode_layer_6,1.7938
decode_top,1,1,7,decode_layer_7,1.7920
decode_top,1,1,8,decode_layer_8,1.7954
decode_top,1,1,9,decode_layer_9,1.7939
decode_top,1,1,10,decode_layer_10,1.7958
decode_top,1,1,11,decode_layer_11,1.7943
decode_top,1,1,-1,final_layernorm,0.0081
decode_top,1,1,-1,vocab_gemm,0.7014
decode_top,1,1,-1,logits_d2h,0.0568
decode_top,1,1,-1,argmax_cpu,0.0822
decode_top,1,1,-1,make_response,0.0009
decode_top,1,1,-1,prepare_input_host,0.0009
decode_top,1,1,-1,input_h2d,0.0116
decode_top,1,1,-1,embedding,0.0081
decode_top,1,1,0,decode_layer_0,1.7956
decode_top,1,1,1,decode_layer_1,1.7947
decode_top,1,1,2,decode_layer_2,1.7955
decode_top,1,1,3,decode_layer_3,1.7946
decode_top,1,1,4,decode_layer_4,1.7977
decode_top,1,1,5,decode_layer_5,1.7952
decode_top,1,1,6,decode_layer_6,1.7974
decode_top,1,1,7,decode_layer_7,1.7927
decode_top,1,1,8,decode_layer_8,1.7961
decode_top,1,1,9,decode_layer_9,1.7940
decode_top,1,1,10,decode_layer_10,1.7960
decode_top,1,1,11,decode_layer_11,1.7943
decode_top,1,1,-1,final_layernorm,0.0081
decode_top,1,1,-1,vocab_gemm,0.7091
decode_top,1,1,-1,logits_d2h,0.0579
decode_top,1,1,-1,argmax_cpu,0.0644
decode_top,1,1,-1,make_response,0.0009
decode_top,1,1,-1,prepare_input_host,0.0009
decode_top,1,1,-1,input_h2d,0.0113
decode_top,1,1,-1,embedding,0.0076
decode_top,1,1,0,decode_layer_0,1.7965
decode_top,1,1,1,decode_layer_1,1.7953
decode_top,1,1,2,decode_layer_2,1.7947
decode_top,1,1,3,decode_layer_3,1.7953
decode_top,1,1,4,decode_layer_4,1.7962
decode_top,1,1,5,decode_layer_5,1.7947
decode_top,1,1,6,decode_layer_6,1.7957
decode_top,1,1,7,decode_layer_7,1.7931
decode_top,1,1,8,decode_layer_8,1.7944
decode_top,1,1,9,decode_layer_9,1.7930
decode_top,1,1,10,decode_layer_10,1.7952
decode_top,1,1,11,decode_layer_11,1.7961
decode_top,1,1,-1,final_layernorm,0.0082
decode_top,1,1,-1,vocab_gemm,0.6886
decode_top,1,1,-1,logits_d2h,0.0587
decode_top,1,1,-1,argmax_cpu,0.0646
decode_top,1,1,-1,make_response,0.0008
decode_top,1,1,-1,prepare_input_host,0.0008
decode_top,1,1,-1,input_h2d,0.0113
decode_top,1,1,-1,embedding,0.0080
decode_top,1,1,0,decode_layer_0,1.7966
decode_top,1,1,1,decode_layer_1,1.8041
decode_top,1,1,2,decode_layer_2,1.8572
decode_top,1,1,3,decode_layer_3,1.7957
decode_top,1,1,4,decode_layer_4,1.7953
decode_top,1,1,5,decode_layer_5,1.7942
decode_top,1,1,6,decode_layer_6,1.7978
decode_top,1,1,7,decode_layer_7,1.7928
decode_top,1,1,8,decode_layer_8,1.7948
decode_top,1,1,9,decode_layer_9,1.7940
decode_top,1,1,10,decode_layer_10,1.7955
decode_top,1,1,11,decode_layer_11,1.7931
decode_top,1,1,-1,final_layernorm,0.0081
decode_top,1,1,-1,vocab_gemm,0.7036
decode_top,1,1,-1,logits_d2h,0.1466
decode_top,1,1,-1,argmax_cpu,0.0647
decode_top,1,1,-1,make_response,0.0009
decode_top,1,1,-1,prepare_input_host,0.0035
decode_top,1,1,-1,input_h2d,0.0156
decode_top,1,1,-1,embedding,0.0120
decode_top,1,1,0,decode_layer_0,1.7994
decode_top,1,1,1,decode_layer_1,1.7923
decode_top,1,1,2,decode_layer_2,1.7978
decode_top,1,1,3,decode_layer_3,1.7955
decode_top,1,1,4,decode_layer_4,1.7945
decode_top,1,1,5,decode_layer_5,1.7960
decode_top,1,1,6,decode_layer_6,1.7982
decode_top,1,1,7,decode_layer_7,1.7949
decode_top,1,1,8,decode_layer_8,1.7936
decode_top,1,1,9,decode_layer_9,1.7948
decode_top,1,1,10,decode_layer_10,1.7953
decode_top,1,1,11,decode_layer_11,1.7964
decode_top,1,1,-1,final_layernorm,0.0081
decode_top,1,1,-1,vocab_gemm,0.7038
decode_top,1,1,-1,logits_d2h,0.0610
decode_top,1,1,-1,argmax_cpu,0.0651
decode_top,1,1,-1,make_response,0.0009
decode_top,1,1,-1,prepare_input_host,0.0009
decode_top,1,1,-1,input_h2d,0.0114
decode_top,1,1,-1,embedding,0.0084
decode_top,1,1,0,decode_layer_0,1.7940
decode_top,1,1,1,decode_layer_1,1.7968
decode_top,1,1,2,decode_layer_2,1.7942
decode_top,1,1,3,decode_layer_3,1.7949
decode_top,1,1,4,decode_layer_4,1.7927
decode_top,1,1,5,decode_layer_5,1.7933
decode_top,1,1,6,decode_layer_6,1.7934
decode_top,1,1,7,decode_layer_7,1.7925
decode_top,1,1,8,decode_layer_8,1.7943
decode_top,1,1,9,decode_layer_9,1.7936
decode_top,1,1,10,decode_layer_10,1.7956
decode_top,1,1,11,decode_layer_11,1.7918
decode_top,1,1,-1,final_layernorm,0.0084
decode_top,1,1,-1,vocab_gemm,0.6590
decode_top,1,1,-1,logits_d2h,0.0609
decode_top,1,1,-1,argmax_cpu,0.0648
decode_top,1,1,-1,make_response,0.0009
decode_top,1,1,-1,prepare_input_host,0.0009
decode_top,1,1,-1,input_h2d,0.0118
decode_top,1,1,-1,embedding,0.0077
decode_top,1,1,0,decode_layer_0,1.7967
decode_top,1,1,1,decode_layer_1,1.7946
decode_top,1,1,2,decode_layer_2,1.7966
decode_top,1,1,3,decode_layer_3,1.7930
decode_top,1,1,4,decode_layer_4,1.7953
decode_top,1,1,5,decode_layer_5,1.7925
decode_top,1,1,6,decode_layer_6,1.7944
decode_top,1,1,7,decode_layer_7,1.7915
decode_top,1,1,8,decode_layer_8,1.7949
decode_top,1,1,9,decode_layer_9,1.7918
decode_top,1,1,10,decode_layer_10,1.7979
decode_top,1,1,11,decode_layer_11,1.7946
decode_top,1,1,-1,final_layernorm,0.0080
decode_top,1,1,-1,vocab_gemm,0.7014
decode_top,1,1,-1,logits_d2h,0.0589
decode_top,1,1,-1,argmax_cpu,0.0649
decode_top,1,1,-1,make_response,0.0008
decode_top,1,1,-1,prepare_input_host,0.0009
decode_top,1,1,-1,input_h2d,0.0112
decode_top,1,1,-1,embedding,0.0077
decode_top,1,1,0,decode_layer_0,1.7934
decode_top,1,1,1,decode_layer_1,1.7958
decode_top,1,1,2,decode_layer_2,1.7955
decode_top,1,1,3,decode_layer_3,1.7941
decode_top,1,1,4,decode_layer_4,1.7937
decode_top,1,1,5,decode_layer_5,1.7968
decode_top,1,1,6,decode_layer_6,1.7953
decode_top,1,1,7,decode_layer_7,1.7932
decode_top,1,1,8,decode_layer_8,1.7932
decode_top,1,1,9,decode_layer_9,1.7976
decode_top,1,1,10,decode_layer_10,1.7943
decode_top,1,1,11,decode_layer_11,1.7953
decode_top,1,1,-1,final_layernorm,0.0083
decode_top,1,1,-1,vocab_gemm,0.6981
decode_top,1,1,-1,logits_d2h,0.0556
decode_top,1,1,-1,argmax_cpu,0.0648
decode_top,1,1,-1,make_response,0.0009
decode_top,1,1,-1,prepare_input_host,0.0008
decode_top,1,1,-1,input_h2d,0.0114
decode_top,1,1,-1,embedding,0.0077
decode_top,1,1,0,decode_layer_0,1.7923
decode_top,1,1,1,decode_layer_1,1.7952
decode_top,1,1,2,decode_layer_2,1.7941
decode_top,1,1,3,decode_layer_3,1.7947
decode_top,1,1,4,decode_layer_4,1.7926
decode_top,1,1,5,decode_layer_5,1.7956
decode_top,1,1,6,decode_layer_6,1.7953
decode_top,1,1,7,decode_layer_7,1.7945
decode_top,1,1,8,decode_layer_8,1.7968
decode_top,1,1,9,decode_layer_9,1.7948
decode_top,1,1,10,decode_layer_10,1.7949
decode_top,1,1,11,decode_layer_11,1.7954
decode_top,1,1,-1,final_layernorm,0.0083
decode_top,1,1,-1,vocab_gemm,0.7055
decode_top,1,1,-1,logits_d2h,0.0545
decode_top,1,1,-1,argmax_cpu,0.0649
decode_top,1,1,-1,make_response,0.0008
decode_top,1,1,-1,prepare_input_host,0.0008
decode_top,1,1,-1,input_h2d,0.0114
decode_top,1,1,-1,embedding,0.0079
decode_top,1,1,0,decode_layer_0,1.7945
decode_top,1,1,1,decode_layer_1,1.7949
decode_top,1,1,2,decode_layer_2,1.7934
decode_top,1,1,3,decode_layer_3,1.7947
decode_top,1,1,4,decode_layer_4,1.7954
decode_top,1,1,5,decode_layer_5,1.7969
decode_top,1,1,6,decode_layer_6,1.7940
decode_top,1,1,7,decode_layer_7,1.7951
decode_top,1,1,8,decode_layer_8,1.7949
decode_top,1,1,9,decode_layer_9,1.7943
decode_top,1,1,10,decode_layer_10,1.7923
decode_top,1,1,11,decode_layer_11,1.7926
decode_top,1,1,-1,final_layernorm,0.0083
decode_top,1,1,-1,vocab_gemm,0.6998
decode_top,1,1,-1,logits_d2h,0.0543
decode_top,1,1,-1,argmax_cpu,0.0650
decode_top,1,1,-1,make_response,0.0008
decode_top,1,1,-1,prepare_input_host,0.0008
decode_top,1,1,-1,input_h2d,0.0117
decode_top,1,1,-1,embedding,0.0076
decode_top,1,1,0,decode_layer_0,1.7940
decode_top,1,1,1,decode_layer_1,1.7948
decode_top,1,1,2,decode_layer_2,1.7934
decode_top,1,1,3,decode_layer_3,1.7949
decode_top,1,1,4,decode_layer_4,1.7948
decode_top,1,1,5,decode_layer_5,1.7968
decode_top,1,1,6,decode_layer_6,1.7932
decode_top,1,1,7,decode_layer_7,1.7967
decode_top,1,1,8,decode_layer_8,1.7960
decode_top,1,1,9,decode_layer_9,1.7945
decode_top,1,1,10,decode_layer_10,1.7953
decode_top,1,1,11,decode_layer_11,1.7942
decode_top,1,1,-1,final_layernorm,0.0081
decode_top,1,1,-1,vocab_gemm,0.6986
decode_top,1,1,-1,logits_d2h,0.0578
decode_top,1,1,-1,argmax_cpu,0.0647
decode_top,1,1,-1,make_response,0.0009
decode_top,1,1,-1,prepare_input_host,0.0008
decode_top,1,1,-1,input_h2d,0.0116
decode_top,1,1,-1,embedding,0.0077
decode_top,1,1,0,decode_layer_0,1.7940
decode_top,1,1,1,decode_layer_1,1.7970
decode_top,1,1,2,decode_layer_2,1.7935
decode_top,1,1,3,decode_layer_3,1.7948
decode_top,1,1,4,decode_layer_4,1.8003
decode_top,1,1,5,decode_layer_5,1.7959
decode_top,1,1,6,decode_layer_6,1.7940
decode_top,1,1,7,decode_layer_7,1.7970
decode_top,1,1,8,decode_layer_8,1.7957
decode_top,1,1,9,decode_layer_9,1.7955
decode_top,1,1,10,decode_layer_10,1.7947
decode_top,1,1,11,decode_layer_11,1.7962
decode_top,1,1,-1,final_layernorm,0.0081
decode_top,1,1,-1,vocab_gemm,0.7035
decode_top,1,1,-1,logits_d2h,0.0634
decode_top,1,1,-1,argmax_cpu,0.0648
decode_top,1,1,-1,make_response,0.0009
decode_top,1,1,-1,prepare_input_host,0.0009
decode_top,1,1,-1,input_h2d,0.0120
decode_top,1,1,-1,embedding,0.0078
decode_top,1,1,0,decode_layer_0,1.7908
decode_top,1,1,1,decode_layer_1,1.7927
decode_top,1,1,2,decode_layer_2,1.7937
decode_top,1,1,3,decode_layer_3,1.7918
decode_top,1,1,4,decode_layer_4,1.7940
decode_top,1,1,5,decode_layer_5,1.7938
decode_top,1,1,6,decode_layer_6,1.7943
decode_top,1,1,7,decode_layer_7,1.7911
decode_top,1,1,8,decode_layer_8,1.7944
decode_top,1,1,9,decode_layer_9,1.7929
decode_top,1,1,10,decode_layer_10,1.7938
decode_top,1,1,11,decode_layer_11,1.7911
decode_top,1,1,-1,final_layernorm,0.0082
decode_top,1,1,-1,vocab_gemm,0.6582
decode_top,1,1,-1,logits_d2h,0.0577
decode_top,1,1,-1,argmax_cpu,0.0646
decode_top,1,1,-1,make_response,0.0008
decode_top,1,1,-1,prepare_input_host,0.0008
decode_top,1,1,-1,input_h2d,0.0113
decode_top,1,1,-1,embedding,0.0077
decode_top,1,1,0,decode_layer_0,1.7917
decode_top,1,1,1,decode_layer_1,1.7929
decode_top,1,1,2,decode_layer_2,1.7957
decode_top,1,1,3,decode_layer_3,1.7944
decode_top,1,1,4,decode_layer_4,1.7919
decode_top,1,1,5,decode_layer_5,1.7938
decode_top,1,1,6,decode_layer_6,1.7955
decode_top,1,1,7,decode_layer_7,1.7924
decode_top,1,1,8,decode_layer_8,1.7928
decode_top,1,1,9,decode_layer_9,1.7948
decode_top,1,1,10,decode_layer_10,1.7968
decode_top,1,1,11,decode_layer_11,1.7938
decode_top,1,1,-1,final_layernorm,0.0083
decode_top,1,1,-1,vocab_gemm,0.6997
decode_top,1,1,-1,logits_d2h,0.0576
decode_top,1,1,-1,argmax_cpu,0.0650
decode_top,1,1,-1,make_response,0.0009
decode_top,1,1,-1,prepare_input_host,0.0008
decode_top,1,1,-1,input_h2d,0.0113
decode_top,1,1,-1,embedding,0.0077
decode_top,1,1,0,decode_layer_0,1.7921
decode_top,1,1,1,decode_layer_1,1.7951
decode_top,1,1,2,decode_layer_2,1.7980
decode_top,1,1,3,decode_layer_3,1.7923
decode_top,1,1,4,decode_layer_4,1.7937
decode_top,1,1,5,decode_layer_5,1.7950
decode_top,1,1,6,decode_layer_6,1.7955
decode_top,1,1,7,decode_layer_7,1.7920
decode_top,1,1,8,decode_layer_8,1.7942
decode_top,1,1,9,decode_layer_9,1.7950
decode_top,1,1,10,decode_layer_10,1.7959
decode_top,1,1,11,decode_layer_11,1.7944
decode_top,1,1,-1,final_layernorm,0.0080
decode_top,1,1,-1,vocab_gemm,0.6993
decode_top,1,1,-1,logits_d2h,0.0557
decode_top,1,1,-1,argmax_cpu,0.0683
decode_top,1,1,-1,make_response,0.0009
decode_top,1,1,-1,prepare_input_host,0.0009
decode_top,1,1,-1,input_h2d,0.0123
decode_top,1,1,-1,embedding,0.0089
decode_top,1,1,0,decode_layer_0,1.7936
decode_top,1,1,1,decode_layer_1,1.7934
decode_top,1,1,2,decode_layer_2,1.7961
decode_top,1,1,3,decode_layer_3,1.7918
decode_top,1,1,4,decode_layer_4,1.7924
decode_top,1,1,5,decode_layer_5,1.7940
decode_top,1,1,6,decode_layer_6,1.7959
decode_top,1,1,7,decode_layer_7,1.7931
decode_top,1,1,8,decode_layer_8,1.7943
decode_top,1,1,9,decode_layer_9,1.7947
decode_top,1,1,10,decode_layer_10,1.7953
decode_top,1,1,11,decode_layer_11,1.7946
decode_top,1,1,-1,final_layernorm,0.0081
decode_top,1,1,-1,vocab_gemm,0.6968
decode_top,1,1,-1,logits_d2h,0.0551
decode_top,1,1,-1,argmax_cpu,0.0650
decode_top,1,1,-1,make_response,0.0009
decode_top,1,1,-1,prepare_input_host,0.0008
decode_top,1,1,-1,input_h2d,0.0113
decode_top,1,1,-1,embedding,0.0078
decode_top,1,1,0,decode_layer_0,1.7937
decode_top,1,1,1,decode_layer_1,1.7930
decode_top,1,1,2,decode_layer_2,1.7962
decode_top,1,1,3,decode_layer_3,1.7949
decode_top,1,1,4,decode_layer_4,1.7922
decode_top,1,1,5,decode_layer_5,1.7943
decode_top,1,1,6,decode_layer_6,1.7958
decode_top,1,1,7,decode_layer_7,1.7932
decode_top,1,1,8,decode_layer_8,1.7935
decode_top,1,1,9,decode_layer_9,1.7940
decode_top,1,1,10,decode_layer_10,1.7969
decode_top,1,1,11,decode_layer_11,1.7943
decode_top,1,1,-1,final_layernorm,0.0082
decode_top,1,1,-1,vocab_gemm,0.7026
decode_top,1,1,-1,logits_d2h,0.0624
decode_top,1,1,-1,argmax_cpu,0.0689
decode_top,1,1,-1,make_response,0.0009
decode_top,1,1,-1,prepare_input_host,0.0009
decode_top,1,1,-1,input_h2d,0.0119
decode_top,1,1,-1,embedding,0.0084
decode_top,1,1,0,decode_layer_0,1.7961
decode_top,1,1,1,decode_layer_1,1.7928
decode_top,1,1,2,decode_layer_2,1.7951
decode_top,1,1,3,decode_layer_3,1.7952
decode_top,1,1,4,decode_layer_4,1.7949
decode_top,1,1,5,decode_layer_5,1.7933
decode_top,1,1,6,decode_layer_6,1.7971
decode_top,1,1,7,decode_layer_7,1.7953
decode_top,1,1,8,decode_layer_8,1.7940
decode_top,1,1,9,decode_layer_9,1.7970
decode_top,1,1,10,decode_layer_10,1.7959
decode_top,1,1,11,decode_layer_11,1.7952
decode_top,1,1,-1,final_layernorm,0.0080
decode_top,1,1,-1,vocab_gemm,0.6941
decode_top,1,1,-1,logits_d2h,0.0567
decode_top,1,1,-1,argmax_cpu,0.0646
decode_top,1,1,-1,make_response,0.0008
decode_top,1,1,-1,prepare_input_host,0.0008
decode_top,1,1,-1,input_h2d,0.0112
decode_top,1,1,-1,embedding,0.0075
decode_top,1,1,0,decode_layer_0,1.7925
decode_top,1,1,1,decode_layer_1,1.7926
decode_top,1,1,2,decode_layer_2,1.7962
decode_top,1,1,3,decode_layer_3,1.7955
decode_top,1,1,4,decode_layer_4,1.7941
decode_top,1,1,5,decode_layer_5,1.7935
decode_top,1,1,6,decode_layer_6,1.7967
decode_top,1,1,7,decode_layer_7,1.7945
decode_top,1,1,8,decode_layer_8,1.7959
decode_top,1,1,9,decode_layer_9,1.7945
decode_top,1,1,10,decode_layer_10,1.7980
decode_top,1,1,11,decode_layer_11,1.7944
decode_top,1,1,-1,final_layernorm,0.0083
decode_top,1,1,-1,vocab_gemm,0.7010
decode_top,1,1,-1,logits_d2h,0.0565
decode_top,1,1,-1,argmax_cpu,0.0644
decode_top,1,1,-1,make_response,0.0009
decode_top,1,1,-1,prepare_input_host,0.0009
decode_top,1,1,-1,input_h2d,0.0120
decode_top,1,1,-1,embedding,0.0077
decode_top,1,1,0,decode_layer_0,1.7926
decode_top,1,1,1,decode_layer_1,1.7933
decode_top,1,1,2,decode_layer_2,1.7917
decode_top,1,1,3,decode_layer_3,1.7926
decode_top,1,1,4,decode_layer_4,1.7927
decode_top,1,1,5,decode_layer_5,1.7961
decode_top,1,1,6,decode_layer_6,1.7917
decode_top,1,1,7,decode_layer_7,1.7914
decode_top,1,1,8,decode_layer_8,1.7941
decode_top,1,1,9,decode_layer_9,1.7939
decode_top,1,1,10,decode_layer_10,1.7919
decode_top,1,1,11,decode_layer_11,1.7929
decode_top,1,1,-1,final_layernorm,0.0082
decode_top,1,1,-1,vocab_gemm,0.7026
decode_top,1,1,-1,logits_d2h,0.0583
decode_top,1,1,-1,argmax_cpu,0.0646
decode_top,1,1,-1,make_response,0.0009
decode_top,1,1,-1,prepare_input_host,0.0009
decode_top,1,1,-1,input_h2d,0.0121
decode_top,1,1,-1,embedding,0.0078
decode_top,1,1,0,decode_layer_0,1.7921
decode_top,1,1,1,decode_layer_1,1.7953
decode_top,1,1,2,decode_layer_2,1.7927
decode_top,1,1,3,decode_layer_3,1.7947
decode_top,1,1,4,decode_layer_4,1.7930
decode_top,1,1,5,decode_layer_5,1.7961
decode_top,1,1,6,decode_layer_6,1.7959
decode_top,1,1,7,decode_layer_7,1.7936
decode_top,1,1,8,decode_layer_8,1.7928
decode_top,1,1,9,decode_layer_9,1.7949
decode_top,1,1,10,decode_layer_10,1.7935
decode_top,1,1,11,decode_layer_11,1.7933
decode_top,1,1,-1,final_layernorm,0.0081
decode_top,1,1,-1,vocab_gemm,0.6962
decode_top,1,1,-1,logits_d2h,0.0559
decode_top,1,1,-1,argmax_cpu,0.0648
decode_top,1,1,-1,make_response,0.0008
decode_top,1,1,-1,prepare_input_host,0.0008
decode_top,1,1,-1,input_h2d,0.0113
decode_top,1,1,-1,embedding,0.0078
decode_top,1,1,0,decode_layer_0,1.7935
decode_top,1,1,1,decode_layer_1,1.7957
decode_top,1,1,2,decode_layer_2,1.7921
decode_top,1,1,3,decode_layer_3,1.7932
decode_top,1,1,4,decode_layer_4,1.7923
decode_top,1,1,5,decode_layer_5,1.7984
decode_top,1,1,6,decode_layer_6,1.7943
decode_top,1,1,7,decode_layer_7,1.7932
decode_top,1,1,8,decode_layer_8,1.8092
decode_top,1,1,9,decode_layer_9,1.7969
decode_top,1,1,10,decode_layer_10,1.7921
decode_top,1,1,11,decode_layer_11,1.7948
decode_top,1,1,-1,final_layernorm,0.0081
decode_top,1,1,-1,vocab_gemm,0.6572
decode_top,1,1,-1,logits_d2h,0.0591
decode_top,1,1,-1,argmax_cpu,0.0650
decode_top,1,1,-1,make_response,0.0008
decode_top,1,1,-1,prepare_input_host,0.0009
decode_top,1,1,-1,input_h2d,0.0114
decode_top,1,1,-1,embedding,0.0080
decode_top,1,1,0,decode_layer_0,1.7933
decode_top,1,1,1,decode_layer_1,1.7962
decode_top,1,1,2,decode_layer_2,1.7925
decode_top,1,1,3,decode_layer_3,1.7949
decode_top,1,1,4,decode_layer_4,1.7960
decode_top,1,1,5,decode_layer_5,1.7974
decode_top,1,1,6,decode_layer_6,1.7934
decode_top,1,1,7,decode_layer_7,1.7937
decode_top,1,1,8,decode_layer_8,1.7937
decode_top,1,1,9,decode_layer_9,1.7969
decode_top,1,1,10,decode_layer_10,1.8003
decode_top,1,1,11,decode_layer_11,1.7937
decode_top,1,1,-1,final_layernorm,0.0083
decode_top,1,1,-1,vocab_gemm,0.7017
decode_top,1,1,-1,logits_d2h,0.0584
decode_top,1,1,-1,argmax_cpu,0.0646
decode_top,1,1,-1,make_response,0.0009
decode_top,1,1,-1,prepare_input_host,0.0008
decode_top,1,1,-1,input_h2d,0.0113
decode_top,1,1,-1,embedding,0.0078
decode_top,1,1,0,decode_layer_0,1.7932
decode_top,1,1,1,decode_layer_1,1.7951
decode_top,1,1,2,decode_layer_2,1.7934
decode_top,1,1,3,decode_layer_3,1.7969
decode_top,1,1,4,decode_layer_4,1.7937
decode_top,1,1,5,decode_layer_5,1.7966
decode_top,1,1,6,decode_layer_6,1.7945
decode_top,1,1,7,decode_layer_7,1.7945
decode_top,1,1,8,decode_layer_8,1.7933
decode_top,1,1,9,decode_layer_9,1.7958
decode_top,1,1,10,decode_layer_10,1.7941
decode_top,1,1,11,decode_layer_11,1.7928
decode_top,1,1,-1,final_layernorm,0.0081
decode_top,1,1,-1,vocab_gemm,0.7030
decode_top,1,1,-1,logits_d2h,0.0580
decode_top,1,1,-1,argmax_cpu,0.0652
decode_top,1,1,-1,make_response,0.0008
decode_top,1,1,-1,prepare_input_host,0.0008
decode_top,1,1,-1,input_h2d,0.0112
decode_top,1,1,-1,embedding,0.0077
decode_top,1,1,0,decode_layer_0,1.7947
decode_top,1,1,1,decode_layer_1,1.7971
decode_top,1,1,2,decode_layer_2,1.7951
decode_top,1,1,3,decode_layer_3,1.7973
decode_top,1,1,4,decode_layer_4,1.7928
decode_top,1,1,5,decode_layer_5,1.7952
decode_top,1,1,6,decode_layer_6,1.7941
decode_top,1,1,7,decode_layer_7,1.7995
decode_top,1,1,8,decode_layer_8,1.7932
decode_top,1,1,9,decode_layer_9,1.7958
decode_top,1,1,10,decode_layer_10,1.7937
decode_top,1,1,11,decode_layer_11,1.7952
decode_top,1,1,-1,final_layernorm,0.0086
decode_top,1,1,-1,vocab_gemm,0.6987
decode_top,1,1,-1,logits_d2h,0.0572
decode_top,1,1,-1,argmax_cpu,0.0650
decode_top,1,1,-1,make_response,0.0008
decode_top,1,1,-1,prepare_input_host,0.0008
decode_top,1,1,-1,input_h2d,0.0128
decode_top,1,1,-1,embedding,0.0076
decode_top,1,1,0,decode_layer_0,1.7935
decode_top,1,1,1,decode_layer_1,1.7950
decode_top,1,1,2,decode_layer_2,1.7955
decode_top,1,1,3,decode_layer_3,1.7960
decode_top,1,1,4,decode_layer_4,1.7944
decode_top,1,1,5,decode_layer_5,1.7963
decode_top,1,1,6,decode_layer_6,1.7941
decode_top,1,1,7,decode_layer_7,1.7959
decode_top,1,1,8,decode_layer_8,1.7934
decode_top,1,1,9,decode_layer_9,1.7933
decode_top,1,1,10,decode_layer_10,1.7940
decode_top,1,1,11,decode_layer_11,1.7990
decode_top,1,1,-1,final_layernorm,0.0081
decode_top,1,1,-1,vocab_gemm,0.6986
decode_top,1,1,-1,logits_d2h,0.0585
decode_top,1,1,-1,argmax_cpu,0.0649
decode_top,1,1,-1,make_response,0.0009
decode_top,1,1,-1,prepare_input_host,0.0009
decode_top,1,1,-1,input_h2d,0.0121
decode_top,1,1,-1,embedding,0.0078
decode_top,1,1,0,decode_layer_0,1.7941
decode_top,1,1,1,decode_layer_1,1.7925
decode_top,1,1,2,decode_layer_2,1.7940
decode_top,1,1,3,decode_layer_3,1.7946
decode_top,1,1,4,decode_layer_4,1.7911
decode_top,1,1,5,decode_layer_5,1.7921
decode_top,1,1,6,decode_layer_6,1.7946
decode_top,1,1,7,decode_layer_7,1.7920
decode_top,1,1,8,decode_layer_8,1.7920
decode_top,1,1,9,decode_layer_9,1.7914
decode_top,1,1,10,decode_layer_10,1.7929
decode_top,1,1,11,decode_layer_11,1.7935
decode_top,1,1,-1,final_layernorm,0.0089
decode_top,1,1,-1,vocab_gemm,0.7023
decode_top,1,1,-1,logits_d2h,0.0589
decode_top,1,1,-1,argmax_cpu,0.0650
decode_top,1,1,-1,make_response,0.0008
decode_top,1,1,-1,prepare_input_host,0.0008
decode_top,1,1,-1,input_h2d,0.0113
decode_top,1,1,-1,embedding,0.0079
decode_top,1,1,0,decode_layer_0,1.7918
decode_top,1,1,1,decode_layer_1,1.7928
decode_top,1,1,2,decode_layer_2,1.7944
decode_top,1,1,3,decode_layer_3,1.7931
decode_top,1,1,4,decode_layer_4,1.7928
decode_top,1,1,5,decode_layer_5,1.7928
decode_top,1,1,6,decode_layer_6,1.7945
decode_top,1,1,7,decode_layer_7,1.7968
decode_top,1,1,8,decode_layer_8,1.7938
decode_top,1,1,9,decode_layer_9,1.7940
decode_top,1,1,10,decode_layer_10,1.7952
decode_top,1,1,11,decode_layer_11,1.7942
decode_top,1,1,-1,final_layernorm,0.0082
decode_top,1,1,-1,vocab_gemm,0.7105
decode_top,1,1,-1,logits_d2h,0.0578
decode_top,1,1,-1,argmax_cpu,0.0650
decode_top,1,1,-1,make_response,0.0009
decode_top,1,1,-1,prepare_input_host,0.0008
decode_top,1,1,-1,input_h2d,0.0116
decode_top,1,1,-1,embedding,0.0077
decode_top,1,1,0,decode_layer_0,1.7932
decode_top,1,1,1,decode_layer_1,1.7938
decode_top,1,1,2,decode_layer_2,1.7946
decode_top,1,1,3,decode_layer_3,1.7942
decode_top,1,1,4,decode_layer_4,1.7934
decode_top,1,1,5,decode_layer_5,1.7938
decode_top,1,1,6,decode_layer_6,1.7949
decode_top,1,1,7,decode_layer_7,1.7935
decode_top,1,1,8,decode_layer_8,1.7943
decode_top,1,1,9,decode_layer_9,1.7948
decode_top,1,1,10,decode_layer_10,1.7961
decode_top,1,1,11,decode_layer_11,1.7925
decode_top,1,1,-1,final_layernorm,0.0081
decode_top,1,1,-1,vocab_gemm,0.7021
decode_top,1,1,-1,logits_d2h,0.0585
decode_top,1,1,-1,argmax_cpu,0.0649
decode_top,1,1,-1,make_response,0.0009
decode_top,1,1,-1,prepare_input_host,0.0008
decode_top,1,1,-1,input_h2d,0.0116
decode_top,1,1,-1,embedding,0.0083
decode_top,1,1,0,decode_layer_0,1.7909
decode_top,1,1,1,decode_layer_1,1.7937
decode_top,1,1,2,decode_layer_2,1.7953
decode_top,1,1,3,decode_layer_3,1.7920
decode_top,1,1,4,decode_layer_4,1.7902
decode_top,1,1,5,decode_layer_5,1.7947
decode_top,1,1,6,decode_layer_6,1.7935
decode_top,1,1,7,decode_layer_7,1.7972
decode_top,1,1,8,decode_layer_8,1.7936
decode_top,1,1,9,decode_layer_9,1.7935
decode_top,1,1,10,decode_layer_10,1.7954
decode_top,1,1,11,decode_layer_11,1.7939
decode_top,1,1,-1,final_layernorm,0.0081
decode_top,1,1,-1,vocab_gemm,0.7030
decode_top,1,1,-1,logits_d2h,0.0588
decode_top,1,1,-1,argmax_cpu,0.0648
decode_top,1,1,-1,make_response,0.0009
decode_top,1,1,-1,prepare_input_host,0.0008
decode_top,1,1,-1,input_h2d,0.0116
decode_top,1,1,-1,embedding,0.0076
decode_top,1,1,0,decode_layer_0,1.7946
decode_top,1,1,1,decode_layer_1,1.7939
decode_top,1,1,2,decode_layer_2,1.7939
decode_top,1,1,3,decode_layer_3,1.7954
decode_top,1,1,4,decode_layer_4,1.7957
decode_top,1,1,5,decode_layer_5,1.7951
decode_top,1,1,6,decode_layer_6,1.7943
decode_top,1,1,7,decode_layer_7,1.7930
decode_top,1,1,8,decode_layer_8,1.7942
decode_top,1,1,9,decode_layer_9,1.7930
decode_top,1,1,10,decode_layer_10,1.7931
decode_top,1,1,11,decode_layer_11,1.7934
decode_top,1,1,-1,final_layernorm,0.0082
decode_top,1,1,-1,vocab_gemm,0.7015
decode_top,1,1,-1,logits_d2h,0.0603
decode_top,1,1,-1,argmax_cpu,0.0648
decode_top,1,1,-1,make_response,0.0008
decode_top,1,1,-1,prepare_input_host,0.0008
decode_top,1,1,-1,input_h2d,0.0114
decode_top,1,1,-1,embedding,0.0079
decode_top,1,1,0,decode_layer_0,1.7940
decode_top,1,1,1,decode_layer_1,1.7951
decode_top,1,1,2,decode_layer_2,1.8024
decode_top,1,1,3,decode_layer_3,1.7944
decode_top,1,1,4,decode_layer_4,1.7944
decode_top,1,1,5,decode_layer_5,1.7970
decode_top,1,1,6,decode_layer_6,1.7938
decode_top,1,1,7,decode_layer_7,1.7925
decode_top,1,1,8,decode_layer_8,1.7934
decode_top,1,1,9,decode_layer_9,1.7911
decode_top,1,1,10,decode_layer_10,1.7924
decode_top,1,1,11,decode_layer_11,1.7939
decode_top,1,1,-1,final_layernorm,0.0080
decode_top,1,1,-1,vocab_gemm,0.6616
decode_top,1,1,-1,logits_d2h,0.0543
decode_top,1,1,-1,argmax_cpu,0.0650
decode_top,1,1,-1,make_response,0.0009
decode_top,1,1,-1,prepare_input_host,0.0008
decode_top,1,1,-1,input_h2d,0.0113
decode_top,1,1,-1,embedding,0.0076
decode_top,1,1,0,decode_layer_0,1.7938
decode_top,1,1,1,decode_layer_1,1.7947
decode_top,1,1,2,decode_layer_2,1.7932
decode_top,1,1,3,decode_layer_3,1.7946
decode_top,1,1,4,decode_layer_4,1.7989
decode_top,1,1,5,decode_layer_5,1.7949
decode_top,1,1,6,decode_layer_6,1.7936
decode_top,1,1,7,decode_layer_7,1.7939
decode_top,1,1,8,decode_layer_8,1.7933
decode_top,1,1,9,decode_layer_9,1.7957
decode_top,1,1,10,decode_layer_10,1.7941
decode_top,1,1,11,decode_layer_11,1.7931
decode_top,1,1,-1,final_layernorm,0.0082
decode_top,1,1,-1,vocab_gemm,0.6989
decode_top,1,1,-1,logits_d2h,0.0565
decode_top,1,1,-1,argmax_cpu,0.0646
decode_top,1,1,-1,make_response,0.0008
decode_top,1,1,-1,prepare_input_host,0.0009
decode_top,1,1,-1,input_h2d,0.0112
decode_top,1,1,-1,embedding,0.0078
decode_top,1,1,0,decode_layer_0,1.7935
decode_top,1,1,1,decode_layer_1,1.7926
decode_top,1,1,2,decode_layer_2,1.7917
decode_top,1,1,3,decode_layer_3,1.7942
decode_top,1,1,4,decode_layer_4,1.7953
decode_top,1,1,5,decode_layer_5,1.7901
decode_top,1,1,6,decode_layer_6,1.7915
decode_top,1,1,7,decode_layer_7,1.7917
decode_top,1,1,8,decode_layer_8,1.7947
decode_top,1,1,9,decode_layer_9,1.7924
decode_top,1,1,10,decode_layer_10,1.7918
decode_top,1,1,11,decode_layer_11,1.7928
decode_top,1,1,-1,final_layernorm,0.0094
decode_top,1,1,-1,vocab_gemm,0.7017
decode_top,1,1,-1,logits_d2h,0.0597
decode_top,1,1,-1,argmax_cpu,0.0647
decode_top,1,1,-1,make_response,0.0009
decode_top,1,1,-1,prepare_input_host,0.0008
decode_top,1,1,-1,input_h2d,0.0117
decode_top,1,1,-1,embedding,0.0076
decode_top,1,1,0,decode_layer_0,1.7950
decode_top,1,1,1,decode_layer_1,1.7929
decode_top,1,1,2,decode_layer_2,1.7911
decode_top,1,1,3,decode_layer_3,1.7969
decode_top,1,1,4,decode_layer_4,1.7941
decode_top,1,1,5,decode_layer_5,1.7945
decode_top,1,1,6,decode_layer_6,1.7920
decode_top,1,1,7,decode_layer_7,1.7937
decode_top,1,1,8,decode_layer_8,1.7942
decode_top,1,1,9,decode_layer_9,1.7950
decode_top,1,1,10,decode_layer_10,1.7920
decode_top,1,1,11,decode_layer_11,1.7948
decode_top,1,1,-1,final_layernorm,0.0081
decode_top,1,1,-1,vocab_gemm,0.6972
decode_top,1,1,-1,logits_d2h,0.0586
decode_top,1,1,-1,argmax_cpu,0.0650
decode_top,1,1,-1,make_response,0.0008
decode_top,1,1,-1,prepare_input_host,0.0008
decode_top,1,1,-1,input_h2d,0.0113
decode_top,1,1,-1,embedding,0.0079
decode_top,1,1,0,decode_layer_0,1.7954
decode_top,1,1,1,decode_layer_1,1.7967
decode_top,1,1,2,decode_layer_2,1.7935
decode_top,1,1,3,decode_layer_3,1.7933
decode_top,1,1,4,decode_layer_4,1.7914
decode_top,1,1,5,decode_layer_5,1.7957
decode_top,1,1,6,decode_layer_6,1.7930
decode_top,1,1,7,decode_layer_7,1.7920
decode_top,1,1,8,decode_layer_8,1.7960
decode_top,1,1,9,decode_layer_9,1.7934
decode_top,1,1,10,decode_layer_10,1.7910
decode_top,1,1,11,decode_layer_11,1.7947
decode_top,1,1,-1,final_layernorm,0.0082
decode_top,1,1,-1,vocab_gemm,0.7030
decode_top,1,1,-1,logits_d2h,0.0594
decode_top,1,1,-1,argmax_cpu,0.0649
decode_top,1,1,-1,make_response,0.0008
decode_top,1,1,-1,prepare_input_host,0.0009
decode_top,1,1,-1,input_h2d,0.0118
decode_top,1,1,-1,embedding,0.0087
decode_top,1,1,0,decode_layer_0,1.7980
decode_top,1,1,1,decode_layer_1,1.7921
decode_top,1,1,2,decode_layer_2,1.7916
decode_top,1,1,3,decode_layer_3,1.7944
decode_top,1,1,4,decode_layer_4,1.7956
decode_top,1,1,5,decode_layer_5,1.7948
decode_top,1,1,6,decode_layer_6,1.7944
decode_top,1,1,7,decode_layer_7,1.7927
decode_top,1,1,8,decode_layer_8,1.7948
decode_top,1,1,9,decode_layer_9,1.7944
decode_top,1,1,10,decode_layer_10,1.7939
decode_top,1,1,11,decode_layer_11,1.7974
decode_top,1,1,-1,final_layernorm,0.0080
decode_top,1,1,-1,vocab_gemm,0.7014
decode_top,1,1,-1,logits_d2h,0.0612
decode_top,1,1,-1,argmax_cpu,0.0650
decode_top,1,1,-1,make_response,0.0008
decode_top,1,1,-1,prepare_input_host,0.0009
decode_top,1,1,-1,input_h2d,0.0115
decode_top,1,1,-1,embedding,0.0079
decode_top,1,1,0,decode_layer_0,1.7960
decode_top,1,1,1,decode_layer_1,1.7921
decode_top,1,1,2,decode_layer_2,1.7952
decode_top,1,1,3,decode_layer_3,1.7942
decode_top,1,1,4,decode_layer_4,1.7948
decode_top,1,1,5,decode_layer_5,1.7936
decode_top,1,1,6,decode_layer_6,1.7929
decode_top,1,1,7,decode_layer_7,1.7942
decode_top,1,1,8,decode_layer_8,1.7972
decode_top,1,1,9,decode_layer_9,1.7950
decode_top,1,1,10,decode_layer_10,1.7957
decode_top,1,1,11,decode_layer_11,1.7941
decode_top,1,1,-1,final_layernorm,0.0083
decode_top,1,1,-1,vocab_gemm,0.6989
decode_top,1,1,-1,logits_d2h,0.0606
decode_top,1,1,-1,argmax_cpu,0.0899
decode_top,1,1,-1,make_response,0.0009
decode_top,1,1,-1,prepare_input_host,0.0009
decode_top,1,1,-1,input_h2d,0.0121
decode_top,1,1,-1,embedding,0.0081
decode_top,1,1,0,decode_layer_0,1.7963
decode_top,1,1,1,decode_layer_1,1.7947
decode_top,1,1,2,decode_layer_2,1.7953
decode_top,1,1,3,decode_layer_3,1.7949
decode_top,1,1,4,decode_layer_4,1.7963
decode_top,1,1,5,decode_layer_5,1.7945
decode_top,1,1,6,decode_layer_6,1.7941
decode_top,1,1,7,decode_layer_7,1.7944
decode_top,1,1,8,decode_layer_8,1.7974
decode_top,1,1,9,decode_layer_9,1.7964
decode_top,1,1,10,decode_layer_10,1.7936
decode_top,1,1,11,decode_layer_11,1.7947
decode_top,1,1,-1,final_layernorm,0.0082
decode_top,1,1,-1,vocab_gemm,0.7000
decode_top,1,1,-1,logits_d2h,0.0574
decode_top,1,1,-1,argmax_cpu,0.0685
decode_top,1,1,-1,make_response,0.0009
decode_top,1,1,-1,prepare_input_host,0.0009
decode_top,1,1,-1,input_h2d,0.0116
decode_top,1,1,-1,embedding,0.0078
decode_top,1,1,0,decode_layer_0,1.7952
decode_top,1,1,1,decode_layer_1,1.7939
decode_top,1,1,2,decode_layer_2,1.7961
decode_top,1,1,3,decode_layer_3,1.7963
decode_top,1,1,4,decode_layer_4,1.7964
decode_top,1,1,5,decode_layer_5,1.7951
decode_top,1,1,6,decode_layer_6,1.7948
decode_top,1,1,7,decode_layer_7,1.7955
decode_top,1,1,8,decode_layer_8,1.7953
decode_top,1,1,9,decode_layer_9,1.7941
decode_top,1,1,10,decode_layer_10,1.7949
decode_top,1,1,11,decode_layer_11,1.7932
decode_top,1,1,-1,final_layernorm,0.0081
decode_top,1,1,-1,vocab_gemm,0.7070
decode_top,1,1,-1,logits_d2h,0.0594
decode_top,1,1,-1,argmax_cpu,0.0649
decode_top,1,1,-1,make_response,0.0008
decode_top,16,16,-1,prepare_input_host,0.0009
decode_top,16,16,-1,input_h2d,0.0136
decode_top,16,16,-1,embedding,0.0099
decode_top,16,16,0,decode_layer_0,1.8997
decode_top,16,16,1,decode_layer_1,1.8970
decode_top,16,16,2,decode_layer_2,1.8999
decode_top,16,16,3,decode_layer_3,1.8933
decode_top,16,16,4,decode_layer_4,1.8943
decode_top,16,16,5,decode_layer_5,1.8959
decode_top,16,16,6,decode_layer_6,1.8977
decode_top,16,16,7,decode_layer_7,1.8974
decode_top,16,16,8,decode_layer_8,1.8997
decode_top,16,16,9,decode_layer_9,1.8988
decode_top,16,16,10,decode_layer_10,1.8991
decode_top,16,16,11,decode_layer_11,1.8980
decode_top,16,16,-1,final_layernorm,0.0082
decode_top,16,16,-1,vocab_gemm,0.7251
decode_top,16,16,-1,logits_d2h,0.9721
decode_top,16,16,-1,argmax_cpu,1.0278
decode_top,16,16,-1,make_response,0.0011
decode_top,16,16,-1,prepare_input_host,0.0009
decode_top,16,16,-1,input_h2d,0.0133
decode_top,16,16,-1,embedding,0.0095
decode_top,16,16,0,decode_layer_0,1.9018
decode_top,16,16,1,decode_layer_1,1.8958
decode_top,16,16,2,decode_layer_2,1.9005
decode_top,16,16,3,decode_layer_3,1.8953
decode_top,16,16,4,decode_layer_4,1.9014
decode_top,16,16,5,decode_layer_5,1.8979
decode_top,16,16,6,decode_layer_6,1.8984
decode_top,16,16,7,decode_layer_7,1.8959
decode_top,16,16,8,decode_layer_8,1.8992
decode_top,16,16,9,decode_layer_9,1.8988
decode_top,16,16,10,decode_layer_10,1.9031
decode_top,16,16,11,decode_layer_11,1.8964
decode_top,16,16,-1,final_layernorm,0.0082
decode_top,16,16,-1,vocab_gemm,0.7277
decode_top,16,16,-1,logits_d2h,0.9705
decode_top,16,16,-1,argmax_cpu,1.0282
decode_top,16,16,-1,make_response,0.0011
decode_top,16,16,-1,prepare_input_host,0.0009
decode_top,16,16,-1,input_h2d,0.0134
decode_top,16,16,-1,embedding,0.0097
decode_top,16,16,0,decode_layer_0,1.9030
decode_top,16,16,1,decode_layer_1,1.8973
decode_top,16,16,2,decode_layer_2,1.9013
decode_top,16,16,3,decode_layer_3,1.8973
decode_top,16,16,4,decode_layer_4,1.9030
decode_top,16,16,5,decode_layer_5,1.9008
decode_top,16,16,6,decode_layer_6,1.9024
decode_top,16,16,7,decode_layer_7,1.9009
decode_top,16,16,8,decode_layer_8,1.9003
decode_top,16,16,9,decode_layer_9,1.8983
decode_top,16,16,10,decode_layer_10,1.9029
decode_top,16,16,11,decode_layer_11,1.9001
decode_top,16,16,-1,final_layernorm,0.0082
decode_top,16,16,-1,vocab_gemm,0.7262
decode_top,16,16,-1,logits_d2h,0.9650
decode_top,16,16,-1,argmax_cpu,1.0306
decode_top,16,16,-1,make_response,0.0011
decode_top,16,16,-1,prepare_input_host,0.0009
decode_top,16,16,-1,input_h2d,0.0137
decode_top,16,16,-1,embedding,0.0098
decode_top,16,16,0,decode_layer_0,1.9016
decode_top,16,16,1,decode_layer_1,1.8984
decode_top,16,16,2,decode_layer_2,1.8999
decode_top,16,16,3,decode_layer_3,1.8979
decode_top,16,16,4,decode_layer_4,1.9041
decode_top,16,16,5,decode_layer_5,1.9006
decode_top,16,16,6,decode_layer_6,1.9009
decode_top,16,16,7,decode_layer_7,1.8982
decode_top,16,16,8,decode_layer_8,1.9016
decode_top,16,16,9,decode_layer_9,1.8960
decode_top,16,16,10,decode_layer_10,1.9014
decode_top,16,16,11,decode_layer_11,1.9025
decode_top,16,16,-1,final_layernorm,0.0082
decode_top,16,16,-1,vocab_gemm,0.7269
decode_top,16,16,-1,logits_d2h,0.9683
decode_top,16,16,-1,argmax_cpu,1.0406
decode_top,16,16,-1,make_response,0.0012
decode_top,16,16,-1,prepare_input_host,0.0009
decode_top,16,16,-1,input_h2d,0.0137
decode_top,16,16,-1,embedding,0.0097
decode_top,16,16,0,decode_layer_0,1.9006
decode_top,16,16,1,decode_layer_1,1.8993
decode_top,16,16,2,decode_layer_2,1.9027
decode_top,16,16,3,decode_layer_3,1.8973
decode_top,16,16,4,decode_layer_4,1.9015
decode_top,16,16,5,decode_layer_5,1.8996
decode_top,16,16,6,decode_layer_6,1.9026
decode_top,16,16,7,decode_layer_7,1.8982
decode_top,16,16,8,decode_layer_8,1.9017
decode_top,16,16,9,decode_layer_9,1.8983
decode_top,16,16,10,decode_layer_10,1.9014
decode_top,16,16,11,decode_layer_11,1.9021
decode_top,16,16,-1,final_layernorm,0.0084
decode_top,16,16,-1,vocab_gemm,0.7240
decode_top,16,16,-1,logits_d2h,0.9681
decode_top,16,16,-1,argmax_cpu,1.0307
decode_top,16,16,-1,make_response,0.0010
decode_top,16,16,-1,prepare_input_host,0.0009
decode_top,16,16,-1,input_h2d,0.0133
decode_top,16,16,-1,embedding,0.0096
decode_top,16,16,0,decode_layer_0,1.9040
decode_top,16,16,1,decode_layer_1,1.9001
decode_top,16,16,2,decode_layer_2,1.8997
decode_top,16,16,3,decode_layer_3,1.9020
decode_top,16,16,4,decode_layer_4,1.8990
decode_top,16,16,5,decode_layer_5,1.9000
decode_top,16,16,6,decode_layer_6,1.9020
decode_top,16,16,7,decode_layer_7,1.9000
decode_top,16,16,8,decode_layer_8,1.9012
decode_top,16,16,9,decode_layer_9,1.9012
decode_top,16,16,10,decode_layer_10,1.8993
decode_top,16,16,11,decode_layer_11,1.9009
decode_top,16,16,-1,final_layernorm,0.0082
decode_top,16,16,-1,vocab_gemm,0.7266
decode_top,16,16,-1,logits_d2h,0.9699
decode_top,16,16,-1,argmax_cpu,1.0283
decode_top,16,16,-1,make_response,0.0010
decode_top,16,16,-1,prepare_input_host,0.0009
decode_top,16,16,-1,input_h2d,0.0136
decode_top,16,16,-1,embedding,0.0096
decode_top,16,16,0,decode_layer_0,1.9019
decode_top,16,16,1,decode_layer_1,1.9001
decode_top,16,16,2,decode_layer_2,1.9029
decode_top,16,16,3,decode_layer_3,1.8992
decode_top,16,16,4,decode_layer_4,1.8993
decode_top,16,16,5,decode_layer_5,1.9012
decode_top,16,16,6,decode_layer_6,1.9011
decode_top,16,16,7,decode_layer_7,1.9013
decode_top,16,16,8,decode_layer_8,1.9037
decode_top,16,16,9,decode_layer_9,1.9023
decode_top,16,16,10,decode_layer_10,1.9025
decode_top,16,16,11,decode_layer_11,1.9022
decode_top,16,16,-1,final_layernorm,0.0082
decode_top,16,16,-1,vocab_gemm,0.7235
decode_top,16,16,-1,logits_d2h,0.9625
decode_top,16,16,-1,argmax_cpu,1.0291
decode_top,16,16,-1,make_response,0.0010
