kind,batch_size,total_tokens,layer,stage,ms
block_prefill_stage,1,256,0,ln1,0.0775
block_prefill_stage,1,256,0,qkv_projection,0.7458
block_prefill_stage,1,256,0,make_tables_h2d,0.0196
block_prefill_stage,1,256,0,append_prefill_kv,0.0770
block_prefill_stage,1,256,0,flashattention_prefill_total,1.2622
block_prefill_stage,1,256,0,attn_out_projection,0.5493
block_prefill_stage,1,256,0,residual_attn,0.0829
block_prefill_stage,1,256,0,ln2,0.0186
block_prefill_stage,1,256,0,fc1,0.8219
block_prefill_stage,1,256,0,gelu,0.0995
block_prefill_stage,1,256,0,fc2,2.0907
block_prefill_stage,1,256,0,residual_ffn,0.0157
block_prefill_stage,1,256,1,ln1,0.0180
block_prefill_stage,1,256,1,qkv_projection,0.6445
block_prefill_stage,1,256,1,make_tables_h2d,0.0200
block_prefill_stage,1,256,1,append_prefill_kv,0.0163
block_prefill_stage,1,256,1,flashattention_prefill_total,1.2178
block_prefill_stage,1,256,1,attn_out_projection,0.5422
block_prefill_stage,1,256,1,residual_attn,0.0144
block_prefill_stage,1,256,1,ln2,0.0182
block_prefill_stage,1,256,1,fc1,0.8099
block_prefill_stage,1,256,1,gelu,0.0254
block_prefill_stage,1,256,1,fc2,2.0881
block_prefill_stage,1,256,1,residual_ffn,0.0141
block_prefill_stage,1,256,2,ln1,0.0182
block_prefill_stage,1,256,2,qkv_projection,0.6405
block_prefill_stage,1,256,2,make_tables_h2d,0.0164
block_prefill_stage,1,256,2,append_prefill_kv,0.0162
block_prefill_stage,1,256,2,flashattention_prefill_total,1.2175
block_prefill_stage,1,256,2,attn_out_projection,0.5471
block_prefill_stage,1,256,2,residual_attn,0.0158
block_prefill_stage,1,256,2,ln2,0.0172
block_prefill_stage,1,256,2,fc1,0.8071
block_prefill_stage,1,256,2,gelu,0.0251
block_prefill_stage,1,256,2,fc2,2.0702
block_prefill_stage,1,256,2,residual_ffn,0.0137
block_prefill_stage,1,256,3,ln1,0.0178
block_prefill_stage,1,256,3,qkv_projection,0.6479
block_prefill_stage,1,256,3,make_tables_h2d,0.0165
block_prefill_stage,1,256,3,append_prefill_kv,0.0154
block_prefill_stage,1,256,3,flashattention_prefill_total,1.2185
block_prefill_stage,1,256,3,attn_out_projection,0.5522
block_prefill_stage,1,256,3,residual_attn,0.0146
block_prefill_stage,1,256,3,ln2,0.0171
block_prefill_stage,1,256,3,fc1,0.8096
block_prefill_stage,1,256,3,gelu,0.0248
block_prefill_stage,1,256,3,fc2,2.1072
block_prefill_stage,1,256,3,residual_ffn,0.0179
block_prefill_stage,1,256,4,ln1,0.0186
block_prefill_stage,1,256,4,qkv_projection,0.6425
block_prefill_stage,1,256,4,make_tables_h2d,0.0188
block_prefill_stage,1,256,4,append_prefill_kv,0.0153
block_prefill_stage,1,256,4,flashattention_prefill_total,1.2194
block_prefill_stage,1,256,4,attn_out_projection,0.5440
block_prefill_stage,1,256,4,residual_attn,0.0147
block_prefill_stage,1,256,4,ln2,0.0176
block_prefill_stage,1,256,4,fc1,0.8223
block_prefill_stage,1,256,4,gelu,0.0247
block_prefill_stage,1,256,4,fc2,2.0820
block_prefill_stage,1,256,4,residual_ffn,0.0144
block_prefill_stage,1,256,5,ln1,0.0181
block_prefill_stage,1,256,5,qkv_projection,0.6483
block_prefill_stage,1,256,5,make_tables_h2d,0.0174
block_prefill_stage,1,256,5,append_prefill_kv,0.0151
block_prefill_stage,1,256,5,flashattention_prefill_total,1.2164
block_prefill_stage,1,256,5,attn_out_projection,0.5423
block_prefill_stage,1,256,5,residual_attn,0.0168
block_prefill_stage,1,256,5,ln2,0.0180
block_prefill_stage,1,256,5,fc1,0.8203
block_prefill_stage,1,256,5,gelu,0.0249
block_prefill_stage,1,256,5,fc2,2.0664
block_prefill_stage,1,256,5,residual_ffn,0.0145
block_prefill_stage,1,256,6,ln1,0.0170
block_prefill_stage,1,256,6,qkv_projection,0.6461
block_prefill_stage,1,256,6,make_tables_h2d,0.0179
block_prefill_stage,1,256,6,append_prefill_kv,0.0155
block_prefill_stage,1,256,6,flashattention_prefill_total,1.2185
block_prefill_stage,1,256,6,attn_out_projection,0.5442
block_prefill_stage,1,256,6,residual_attn,0.0141
block_prefill_stage,1,256,6,ln2,0.0175
block_prefill_stage,1,256,6,fc1,0.8288
block_prefill_stage,1,256,6,gelu,0.0244
block_prefill_stage,1,256,6,fc2,2.0727
block_prefill_stage,1,256,6,residual_ffn,0.0138
block_prefill_stage,1,256,7,ln1,0.0178
block_prefill_stage,1,256,7,qkv_projection,0.6485
block_prefill_stage,1,256,7,make_tables_h2d,0.0194
block_prefill_stage,1,256,7,append_prefill_kv,0.0182
block_prefill_stage,1,256,7,flashattention_prefill_total,1.2189
block_prefill_stage,1,256,7,attn_out_projection,0.5500
block_prefill_stage,1,256,7,residual_attn,0.0150
block_prefill_stage,1,256,7,ln2,0.0175
block_prefill_stage,1,256,7,fc1,0.8168
block_prefill_stage,1,256,7,gelu,0.0250
block_prefill_stage,1,256,7,fc2,2.1040
block_prefill_stage,1,256,7,residual_ffn,0.0150
block_prefill_stage,1,256,8,ln1,0.0183
block_prefill_stage,1,256,8,qkv_projection,0.6422
block_prefill_stage,1,256,8,make_tables_h2d,0.0158
block_prefill_stage,1,256,8,append_prefill_kv,0.0153
block_prefill_stage,1,256,8,flashattention_prefill_total,1.2179
block_prefill_stage,1,256,8,attn_out_projection,0.5387
block_prefill_stage,1,256,8,residual_attn,0.0148
block_prefill_stage,1,256,8,ln2,0.0174
block_prefill_stage,1,256,8,fc1,0.8288
block_prefill_stage,1,256,8,gelu,0.0281
block_prefill_stage,1,256,8,fc2,2.0811
block_prefill_stage,1,256,8,residual_ffn,0.0157
block_prefill_stage,1,256,9,ln1,0.0176
block_prefill_stage,1,256,9,qkv_projection,0.6398
block_prefill_stage,1,256,9,make_tables_h2d,0.0189
block_prefill_stage,1,256,9,append_prefill_kv,0.0162
block_prefill_stage,1,256,9,flashattention_prefill_total,1.2189
block_prefill_stage,1,256,9,attn_out_projection,0.5504
block_prefill_stage,1,256,9,residual_attn,0.0146
block_prefill_stage,1,256,9,ln2,0.0176
block_prefill_stage,1,256,9,fc1,0.8190
block_prefill_stage,1,256,9,gelu,0.0255
block_prefill_stage,1,256,9,fc2,2.0817
block_prefill_stage,1,256,9,residual_ffn,0.0136
block_prefill_stage,1,256,10,ln1,0.0176
block_prefill_stage,1,256,10,qkv_projection,0.6472
block_prefill_stage,1,256,10,make_tables_h2d,0.0168
block_prefill_stage,1,256,10,append_prefill_kv,0.0150
block_prefill_stage,1,256,10,flashattention_prefill_total,1.2164
block_prefill_stage,1,256,10,attn_out_projection,0.5439
block_prefill_stage,1,256,10,residual_attn,0.0147
block_prefill_stage,1,256,10,ln2,0.0174
block_prefill_stage,1,256,10,fc1,0.8163
block_prefill_stage,1,256,10,gelu,0.0302
block_prefill_stage,1,256,10,fc2,2.0713
block_prefill_stage,1,256,10,residual_ffn,0.0152
block_prefill_stage,1,256,11,ln1,0.0175
block_prefill_stage,1,256,11,qkv_projection,0.6523
block_prefill_stage,1,256,11,make_tables_h2d,0.0202
block_prefill_stage,1,256,11,append_prefill_kv,0.0188
block_prefill_stage,1,256,11,flashattention_prefill_total,1.2181
block_prefill_stage,1,256,11,attn_out_projection,0.5388
block_prefill_stage,1,256,11,residual_attn,0.0152
block_prefill_stage,1,256,11,ln2,0.0175
block_prefill_stage,1,256,11,fc1,0.8189
block_prefill_stage,1,256,11,gelu,0.0251
block_prefill_stage,1,256,11,fc2,2.0623
block_prefill_stage,1,256,11,residual_ffn,0.0147
block_prefill_stage,1,256,0,ln1,0.0182
block_prefill_stage,1,256,0,qkv_projection,0.6435
block_prefill_stage,1,256,0,make_tables_h2d,0.0157
block_prefill_stage,1,256,0,append_prefill_kv,0.0163
block_prefill_stage,1,256,0,flashattention_prefill_total,1.2199
block_prefill_stage,1,256,0,attn_out_projection,0.5472
block_prefill_stage,1,256,0,residual_attn,0.0142
block_prefill_stage,1,256,0,ln2,0.0174
block_prefill_stage,1,256,0,fc1,0.8215
block_prefill_stage,1,256,0,gelu,0.0249
block_prefill_stage,1,256,0,fc2,2.1048
block_prefill_stage,1,256,0,residual_ffn,0.0141
block_prefill_stage,1,256,1,ln1,0.0175
block_prefill_stage,1,256,1,qkv_projection,0.6466
block_prefill_stage,1,256,1,make_tables_h2d,0.0163
block_prefill_stage,1,256,1,append_prefill_kv,0.0147
block_prefill_stage,1,256,1,flashattention_prefill_total,1.2173
block_prefill_stage,1,256,1,attn_out_projection,0.5442
block_prefill_stage,1,256,1,residual_attn,0.0141
block_prefill_stage,1,256,1,ln2,0.0170
block_prefill_stage,1,256,1,fc1,0.8228
block_prefill_stage,1,256,1,gelu,0.0248
block_prefill_stage,1,256,1,fc2,2.0782
block_prefill_stage,1,256,1,residual_ffn,0.0138
block_prefill_stage,1,256,2,ln1,0.0155
block_prefill_stage,1,256,2,qkv_projection,0.4963
block_prefill_stage,1,256,2,make_tables_h2d,0.0171
block_prefill_stage,1,256,2,append_prefill_kv,0.0176
block_prefill_stage,1,256,2,flashattention_prefill_total,0.9213
block_prefill_stage,1,256,2,attn_out_projection,0.4057
block_prefill_stage,1,256,2,residual_attn,0.0150
block_prefill_stage,1,256,2,ln2,0.0365
block_prefill_stage,1,256,2,fc1,0.6298
block_prefill_stage,1,256,2,gelu,0.0225
block_prefill_stage,1,256,2,fc2,1.5591
block_prefill_stage,1,256,2,residual_ffn,0.0140
block_prefill_stage,1,256,3,ln1,0.0155
block_prefill_stage,1,256,3,qkv_projection,0.5017
block_prefill_stage,1,256,3,make_tables_h2d,0.0208
block_prefill_stage,1,256,3,append_prefill_kv,0.0142
block_prefill_stage,1,256,3,flashattention_prefill_total,0.9120
block_prefill_stage,1,256,3,attn_out_projection,0.3949
block_prefill_stage,1,256,3,residual_attn,0.0199
block_prefill_stage,1,256,3,ln2,0.0149
block_prefill_stage,1,256,3,fc1,0.6278
block_prefill_stage,1,256,3,gelu,0.0289
block_prefill_stage,1,256,3,fc2,1.5629
block_prefill_stage,1,256,3,residual_ffn,0.0234
block_prefill_stage,1,256,4,ln1,0.0183
block_prefill_stage,1,256,4,qkv_projection,0.5060
block_prefill_stage,1,256,4,make_tables_h2d,0.0482
block_prefill_stage,1,256,4,append_prefill_kv,0.0231
block_prefill_stage,1,256,4,flashattention_prefill_total,0.9132
block_prefill_stage,1,256,4,attn_out_projection,0.3973
block_prefill_stage,1,256,4,residual_attn,0.0155
block_prefill_stage,1,256,4,ln2,0.0160
block_prefill_stage,1,256,4,fc1,0.6242
block_prefill_stage,1,256,4,gelu,0.0299
block_prefill_stage,1,256,4,fc2,1.5605
block_prefill_stage,1,256,4,residual_ffn,0.0148
block_prefill_stage,1,256,5,ln1,0.0156
block_prefill_stage,1,256,5,qkv_projection,0.4909
block_prefill_stage,1,256,5,make_tables_h2d,0.0181
block_prefill_stage,1,256,5,append_prefill_kv,0.0148
block_prefill_stage,1,256,5,flashattention_prefill_total,0.9114
block_prefill_stage,1,256,5,attn_out_projection,0.3984
block_prefill_stage,1,256,5,residual_attn,0.0144
block_prefill_stage,1,256,5,ln2,0.0161
block_prefill_stage,1,256,5,fc1,0.6220
block_prefill_stage,1,256,5,gelu,0.0228
block_prefill_stage,1,256,5,fc2,1.5520
block_prefill_stage,1,256,5,residual_ffn,0.0126
block_prefill_stage,1,256,6,ln1,0.0164
block_prefill_stage,1,256,6,qkv_projection,0.4989
block_prefill_stage,1,256,6,make_tables_h2d,0.0179
block_prefill_stage,1,256,6,append_prefill_kv,0.0144
block_prefill_stage,1,256,6,flashattention_prefill_total,0.9115
block_prefill_stage,1,256,6,attn_out_projection,0.3945
block_prefill_stage,1,256,6,residual_attn,0.0141
block_prefill_stage,1,256,6,ln2,0.0156
block_prefill_stage,1,256,6,fc1,0.6193
block_prefill_stage,1,256,6,gelu,0.0226
block_prefill_stage,1,256,6,fc2,1.5572
block_prefill_stage,1,256,6,residual_ffn,0.0128
block_prefill_stage,1,256,7,ln1,0.0151
block_prefill_stage,1,256,7,qkv_projection,0.4907
block_prefill_stage,1,256,7,make_tables_h2d,0.0161
block_prefill_stage,1,256,7,append_prefill_kv,0.0139
block_prefill_stage,1,256,7,flashattention_prefill_total,0.9140
block_prefill_stage,1,256,7,attn_out_projection,0.3957
block_prefill_stage,1,256,7,residual_attn,0.0135
block_prefill_stage,1,256,7,ln2,0.0153
block_prefill_stage,1,256,7,fc1,0.6170
block_prefill_stage,1,256,7,gelu,0.0231
block_prefill_stage,1,256,7,fc2,1.5561
block_prefill_stage,1,256,7,residual_ffn,0.0192
block_prefill_stage,1,256,8,ln1,0.0236
block_prefill_stage,1,256,8,qkv_projection,0.4980
block_prefill_stage,1,256,8,make_tables_h2d,0.0239
block_prefill_stage,1,256,8,append_prefill_kv,0.0143
block_prefill_stage,1,256,8,flashattention_prefill_total,0.9113
block_prefill_stage,1,256,8,attn_out_projection,0.3977
block_prefill_stage,1,256,8,residual_attn,0.0140
block_prefill_stage,1,256,8,ln2,0.0149
block_prefill_stage,1,256,8,fc1,0.6225
block_prefill_stage,1,256,8,gelu,0.0221
block_prefill_stage,1,256,8,fc2,1.5561
block_prefill_stage,1,256,8,residual_ffn,0.0149
block_prefill_stage,1,256,9,ln1,0.0153
block_prefill_stage,1,256,9,qkv_projection,0.4992
block_prefill_stage,1,256,9,make_tables_h2d,0.0168
block_prefill_stage,1,256,9,append_prefill_kv,0.0134
block_prefill_stage,1,256,9,flashattention_prefill_total,0.9099
block_prefill_stage,1,256,9,attn_out_projection,0.3979
block_prefill_stage,1,256,9,residual_attn,0.0232
block_prefill_stage,1,256,9,ln2,0.0168
block_prefill_stage,1,256,9,fc1,0.6217
block_prefill_stage,1,256,9,gelu,0.0251
block_prefill_stage,1,256,9,fc2,1.5572
block_prefill_stage,1,256,9,residual_ffn,0.0152
block_prefill_stage,1,256,10,ln1,0.0156
block_prefill_stage,1,256,10,qkv_projection,0.4910
block_prefill_stage,1,256,10,make_tables_h2d,0.0209
block_prefill_stage,1,256,10,append_prefill_kv,0.0143
block_prefill_stage,1,256,10,flashattention_prefill_total,0.9122
block_prefill_stage,1,256,10,attn_out_projection,0.3933
block_prefill_stage,1,256,10,residual_attn,0.0146
block_prefill_stage,1,256,10,ln2,0.0162
block_prefill_stage,1,256,10,fc1,0.6241
block_prefill_stage,1,256,10,gelu,0.0226
block_prefill_stage,1,256,10,fc2,1.5589
block_prefill_stage,1,256,10,residual_ffn,0.0234
block_prefill_stage,1,256,11,ln1,0.0175
block_prefill_stage,1,256,11,qkv_projection,0.4980
block_prefill_stage,1,256,11,make_tables_h2d,0.0250
block_prefill_stage,1,256,11,append_prefill_kv,0.0196
block_prefill_stage,1,256,11,flashattention_prefill_total,0.9241
block_prefill_stage,1,256,11,attn_out_projection,0.4026
block_prefill_stage,1,256,11,residual_attn,0.0144
block_prefill_stage,1,256,11,ln2,0.0160
block_prefill_stage,1,256,11,fc1,0.6185
block_prefill_stage,1,256,11,gelu,0.0234
block_prefill_stage,1,256,11,fc2,1.5621
block_prefill_stage,1,256,11,residual_ffn,0.0143
block_prefill_stage,1,256,0,ln1,0.0157
block_prefill_stage,1,256,0,qkv_projection,0.4882
block_prefill_stage,1,256,0,make_tables_h2d,0.0184
block_prefill_stage,1,256,0,append_prefill_kv,0.0140
block_prefill_stage,1,256,0,flashattention_prefill_total,0.9148
block_prefill_stage,1,256,0,attn_out_projection,0.4019
block_prefill_stage,1,256,0,residual_attn,0.0147
block_prefill_stage,1,256,0,ln2,0.0165
block_prefill_stage,1,256,0,fc1,0.6239
block_prefill_stage,1,256,0,gelu,0.0243
block_prefill_stage,1,256,0,fc2,1.5567
block_prefill_stage,1,256,0,residual_ffn,0.0363
block_prefill_stage,1,256,1,ln1,0.0218
block_prefill_stage,1,256,1,qkv_projection,0.4924
block_prefill_stage,1,256,1,make_tables_h2d,0.0283
block_prefill_stage,1,256,1,append_prefill_kv,0.0146
block_prefill_stage,1,256,1,flashattention_prefill_total,0.9124
block_prefill_stage,1,256,1,attn_out_projection,0.3970
block_prefill_stage,1,256,1,residual_attn,0.0139
block_prefill_stage,1,256,1,ln2,0.0169
block_prefill_stage,1,256,1,fc1,0.6261
block_prefill_stage,1,256,1,gelu,0.0240
block_prefill_stage,1,256,1,fc2,1.5567
block_prefill_stage,1,256,1,residual_ffn,0.0146
block_prefill_stage,1,256,2,ln1,0.0156
block_prefill_stage,1,256,2,qkv_projection,0.4971
block_prefill_stage,1,256,2,make_tables_h2d,0.0183
block_prefill_stage,1,256,2,append_prefill_kv,0.0146
block_prefill_stage,1,256,2,flashattention_prefill_total,0.9130
block_prefill_stage,1,256,2,attn_out_projection,0.3978
block_prefill_stage,1,256,2,residual_attn,0.0148
block_prefill_stage,1,256,2,ln2,0.0152
block_prefill_stage,1,256,2,fc1,0.6180
block_prefill_stage,1,256,2,gelu,0.0222
block_prefill_stage,1,256,2,fc2,1.5580
block_prefill_stage,1,256,2,residual_ffn,0.0129
block_prefill_stage,1,256,3,ln1,0.0159
block_prefill_stage,1,256,3,qkv_projection,0.4907
block_prefill_stage,1,256,3,make_tables_h2d,0.0164
block_prefill_stage,1,256,3,append_prefill_kv,0.0133
block_prefill_stage,1,256,3,flashattention_prefill_total,0.9125
block_prefill_stage,1,256,3,attn_out_projection,0.3977
block_prefill_stage,1,256,3,residual_attn,0.0143
block_prefill_stage,1,256,3,ln2,0.0153
block_prefill_stage,1,256,3,fc1,0.6221
block_prefill_stage,1,256,3,gelu,0.0222
block_prefill_stage,1,256,3,fc2,1.5588
block_prefill_stage,1,256,3,residual_ffn,0.0221
block_prefill_stage,1,256,4,ln1,0.0184
block_prefill_stage,1,256,4,qkv_projection,0.4980
block_prefill_stage,1,256,4,make_tables_h2d,0.0233
block_prefill_stage,1,256,4,append_prefill_kv,0.0277
block_prefill_stage,1,256,4,flashattention_prefill_total,0.9161
block_prefill_stage,1,256,4,attn_out_projection,0.4052
block_prefill_stage,1,256,4,residual_attn,0.0198
block_prefill_stage,1,256,4,ln2,0.0174
block_prefill_stage,1,256,4,fc1,0.6197
block_prefill_stage,1,256,4,gelu,0.0283
block_prefill_stage,1,256,4,fc2,1.5615
block_prefill_stage,1,256,4,residual_ffn,0.0249
block_prefill_stage,1,256,5,ln1,0.0179
block_prefill_stage,1,256,5,qkv_projection,0.4997
block_prefill_stage,1,256,5,make_tables_h2d,0.0240
block_prefill_stage,1,256,5,append_prefill_kv,0.0173
block_prefill_stage,1,256,5,flashattention_prefill_total,0.9133
block_prefill_stage,1,256,5,attn_out_projection,0.4041
block_prefill_stage,1,256,5,residual_attn,0.0181
block_prefill_stage,1,256,5,ln2,0.0183
block_prefill_stage,1,256,5,fc1,0.6246
block_prefill_stage,1,256,5,gelu,0.0288
block_prefill_stage,1,256,5,fc2,1.5633
block_prefill_stage,1,256,5,residual_ffn,0.0244
block_prefill_stage,1,256,6,ln1,0.0185
block_prefill_stage,1,256,6,qkv_projection,0.4945
block_prefill_stage,1,256,6,make_tables_h2d,0.0291
block_prefill_stage,1,256,6,append_prefill_kv,0.0198
block_prefill_stage,1,256,6,flashattention_prefill_total,0.9199
block_prefill_stage,1,256,6,attn_out_projection,0.4081
block_prefill_stage,1,256,6,residual_attn,0.0552
block_prefill_stage,1,256,6,ln2,0.0195
block_prefill_stage,1,256,6,fc1,0.6271
block_prefill_stage,1,256,6,gelu,0.0308
block_prefill_stage,1,256,6,fc2,1.5682
block_prefill_stage,1,256,6,residual_ffn,0.0224
block_prefill_stage,1,256,7,ln1,0.0180
block_prefill_stage,1,256,7,qkv_projection,0.4959
block_prefill_stage,1,256,7,make_tables_h2d,0.0261
block_prefill_stage,1,256,7,append_prefill_kv,0.0199
block_prefill_stage,1,256,7,flashattention_prefill_total,0.9148
block_prefill_stage,1,256,7,attn_out_projection,0.4020
block_prefill_stage,1,256,7,residual_attn,0.0176
block_prefill_stage,1,256,7,ln2,0.0174
block_prefill_stage,1,256,7,fc1,0.6292
block_prefill_stage,1,256,7,gelu,0.0266
block_prefill_stage,1,256,7,fc2,1.5596
block_prefill_stage,1,256,7,residual_ffn,0.0228
block_prefill_stage,1,256,8,ln1,0.0175
block_prefill_stage,1,256,8,qkv_projection,0.4965
block_prefill_stage,1,256,8,make_tables_h2d,0.0242
block_prefill_stage,1,256,8,append_prefill_kv,0.0277
block_prefill_stage,1,256,8,flashattention_prefill_total,0.9161
block_prefill_stage,1,256,8,attn_out_projection,0.4069
block_prefill_stage,1,256,8,residual_attn,0.0227
block_prefill_stage,1,256,8,ln2,0.0178
block_prefill_stage,1,256,8,fc1,0.6326
block_prefill_stage,1,256,8,gelu,0.0308
block_prefill_stage,1,256,8,fc2,1.5646
block_prefill_stage,1,256,8,residual_ffn,0.0234
block_prefill_stage,1,256,9,ln1,0.0192
block_prefill_stage,1,256,9,qkv_projection,0.4939
block_prefill_stage,1,256,9,make_tables_h2d,0.0272
block_prefill_stage,1,256,9,append_prefill_kv,0.0207
block_prefill_stage,1,256,9,flashattention_prefill_total,0.9168
block_prefill_stage,1,256,9,attn_out_projection,0.4065
block_prefill_stage,1,256,9,residual_attn,0.0224
block_prefill_stage,1,256,9,ln2,0.0189
block_prefill_stage,1,256,9,fc1,0.6269
block_prefill_stage,1,256,9,gelu,0.0321
block_prefill_stage,1,256,9,fc2,1.5650
block_prefill_stage,1,256,9,residual_ffn,0.0230
block_prefill_stage,1,256,10,ln1,0.0335
block_prefill_stage,1,256,10,qkv_projection,0.4971
block_prefill_stage,1,256,10,make_tables_h2d,0.0348
block_prefill_stage,1,256,10,append_prefill_kv,0.0203
block_prefill_stage,1,256,10,flashattention_prefill_total,0.9171
block_prefill_stage,1,256,10,attn_out_projection,0.4062
block_prefill_stage,1,256,10,residual_attn,0.0205
block_prefill_stage,1,256,10,ln2,0.0186
block_prefill_stage,1,256,10,fc1,0.6357
block_prefill_stage,1,256,10,gelu,0.0294
block_prefill_stage,1,256,10,fc2,1.5718
block_prefill_stage,1,256,10,residual_ffn,0.0218
block_prefill_stage,1,256,11,ln1,0.0175
block_prefill_stage,1,256,11,qkv_projection,0.5010
block_prefill_stage,1,256,11,make_tables_h2d,0.0260
block_prefill_stage,1,256,11,append_prefill_kv,0.0187
block_prefill_stage,1,256,11,flashattention_prefill_total,0.9164
block_prefill_stage,1,256,11,attn_out_projection,0.4032
block_prefill_stage,1,256,11,residual_attn,0.0182
block_prefill_stage,1,256,11,ln2,0.0171
block_prefill_stage,1,256,11,fc1,0.6205
block_prefill_stage,1,256,11,gelu,0.0288
block_prefill_stage,1,256,11,fc2,1.5586
block_prefill_stage,1,256,11,residual_ffn,0.0226
block_prefill_stage,1,256,0,ln1,0.0228
block_prefill_stage,1,256,0,qkv_projection,0.5068
block_prefill_stage,1,256,0,make_tables_h2d,0.0224
block_prefill_stage,1,256,0,append_prefill_kv,0.0266
block_prefill_stage,1,256,0,flashattention_prefill_total,0.9179
block_prefill_stage,1,256,0,attn_out_projection,0.4259
block_prefill_stage,1,256,0,residual_attn,0.0212
block_prefill_stage,1,256,0,ln2,0.0177
block_prefill_stage,1,256,0,fc1,0.6229
block_prefill_stage,1,256,0,gelu,0.0322
block_prefill_stage,1,256,0,fc2,1.5603
block_prefill_stage,1,256,0,residual_ffn,0.0208
block_prefill_stage,1,256,1,ln1,0.0162
block_prefill_stage,1,256,1,qkv_projection,0.4930
block_prefill_stage,1,256,1,make_tables_h2d,0.0343
block_prefill_stage,1,256,1,append_prefill_kv,0.0153
block_prefill_stage,1,256,1,flashattention_prefill_total,0.9124
block_prefill_stage,1,256,1,attn_out_projection,0.3985
block_prefill_stage,1,256,1,residual_attn,0.0148
block_prefill_stage,1,256,1,ln2,0.0153
block_prefill_stage,1,256,1,fc1,0.6211
block_prefill_stage,1,256,1,gelu,0.0243
block_prefill_stage,1,256,1,fc2,1.5706
block_prefill_stage,1,256,1,residual_ffn,0.0149
block_prefill_stage,1,256,2,ln1,0.0160
block_prefill_stage,1,256,2,qkv_projection,0.4959
block_prefill_stage,1,256,2,make_tables_h2d,0.0180
block_prefill_stage,1,256,2,append_prefill_kv,0.0148
block_prefill_stage,1,256,2,flashattention_prefill_total,0.9109
block_prefill_stage,1,256,2,attn_out_projection,0.3960
block_prefill_stage,1,256,2,residual_attn,0.0144
block_prefill_stage,1,256,2,ln2,0.0160
block_prefill_stage,1,256,2,fc1,0.6209
block_prefill_stage,1,256,2,gelu,0.0276
block_prefill_stage,1,256,2,fc2,1.5564
block_prefill_stage,1,256,2,residual_ffn,0.0138
block_prefill_stage,1,256,3,ln1,0.0159
block_prefill_stage,1,256,3,qkv_projection,0.4889
block_prefill_stage,1,256,3,make_tables_h2d,0.0215
block_prefill_stage,1,256,3,append_prefill_kv,0.0143
block_prefill_stage,1,256,3,flashattention_prefill_total,0.9106
block_prefill_stage,1,256,3,attn_out_projection,0.3932
block_prefill_stage,1,256,3,residual_attn,0.0133
block_prefill_stage,1,256,3,ln2,0.0152
block_prefill_stage,1,256,3,fc1,0.6258
block_prefill_stage,1,256,3,gelu,0.0225
block_prefill_stage,1,256,3,fc2,1.5593
block_prefill_stage,1,256,3,residual_ffn,0.0127
block_prefill_stage,1,256,4,ln1,0.0155
block_prefill_stage,1,256,4,qkv_projection,0.4968
block_prefill_stage,1,256,4,make_tables_h2d,0.0159
block_prefill_stage,1,256,4,append_prefill_kv,0.0135
block_prefill_stage,1,256,4,flashattention_prefill_total,0.9123
block_prefill_stage,1,256,4,attn_out_projection,0.3973
block_prefill_stage,1,256,4,residual_attn,0.0136
block_prefill_stage,1,256,4,ln2,0.0152
block_prefill_stage,1,256,4,fc1,0.6208
block_prefill_stage,1,256,4,gelu,0.0251
block_prefill_stage,1,256,4,fc2,1.5559
block_prefill_stage,1,256,4,residual_ffn,0.0258
block_prefill_stage,1,256,5,ln1,0.0155
block_prefill_stage,1,256,5,qkv_projection,0.5016
block_prefill_stage,1,256,5,make_tables_h2d,0.0180
block_prefill_stage,1,256,5,append_prefill_kv,0.0138
block_prefill_stage,1,256,5,flashattention_prefill_total,0.9120
block_prefill_stage,1,256,5,attn_out_projection,0.3944
block_prefill_stage,1,256,5,residual_attn,0.0142
block_prefill_stage,1,256,5,ln2,0.0379
block_prefill_stage,1,256,5,fc1,0.6185
block_prefill_stage,1,256,5,gelu,0.0227
block_prefill_stage,1,256,5,fc2,1.5616
block_prefill_stage,1,256,5,residual_ffn,0.0136
block_prefill_stage,1,256,6,ln1,0.0152
block_prefill_stage,1,256,6,qkv_projection,0.4948
block_prefill_stage,1,256,6,make_tables_h2d,0.0163
block_prefill_stage,1,256,6,append_prefill_kv,0.0139
block_prefill_stage,1,256,6,flashattention_prefill_total,0.9186
block_prefill_stage,1,256,6,attn_out_projection,0.3944
block_prefill_stage,1,256,6,residual_attn,0.0142
block_prefill_stage,1,256,6,ln2,0.0148
block_prefill_stage,1,256,6,fc1,0.6227
block_prefill_stage,1,256,6,gelu,0.0363
block_prefill_stage,1,256,6,fc2,1.5555
block_prefill_stage,1,256,6,residual_ffn,0.0134
block_prefill_stage,1,256,7,ln1,0.0180
block_prefill_stage,1,256,7,qkv_projection,0.4956
block_prefill_stage,1,256,7,make_tables_h2d,0.0221
block_prefill_stage,1,256,7,append_prefill_kv,0.0181
block_prefill_stage,1,256,7,flashattention_prefill_total,0.9117
block_prefill_stage,1,256,7,attn_out_projection,0.3962
block_prefill_stage,1,256,7,residual_attn,0.0145
block_prefill_stage,1,256,7,ln2,0.0159
block_prefill_stage,1,256,7,fc1,0.6192
block_prefill_stage,1,256,7,gelu,0.0231
block_prefill_stage,1,256,7,fc2,1.5566
block_prefill_stage,1,256,7,residual_ffn,0.0135
block_prefill_stage,1,256,8,ln1,0.0155
block_prefill_stage,1,256,8,qkv_projection,0.5020
block_prefill_stage,1,256,8,make_tables_h2d,0.0164
block_prefill_stage,1,256,8,append_prefill_kv,0.0142
block_prefill_stage,1,256,8,flashattention_prefill_total,0.9142
block_prefill_stage,1,256,8,attn_out_projection,0.4018
block_prefill_stage,1,256,8,residual_attn,0.0184
block_prefill_stage,1,256,8,ln2,0.0165
block_prefill_stage,1,256,8,fc1,0.6218
block_prefill_stage,1,256,8,gelu,0.0257
block_prefill_stage,1,256,8,fc2,1.5604
block_prefill_stage,1,256,8,residual_ffn,0.0246
block_prefill_stage,1,256,9,ln1,0.0197
block_prefill_stage,1,256,9,qkv_projection,0.4948
block_prefill_stage,1,256,9,make_tables_h2d,0.0235
block_prefill_stage,1,256,9,append_prefill_kv,0.0185
block_prefill_stage,1,256,9,flashattention_prefill_total,0.9150
block_prefill_stage,1,256,9,attn_out_projection,0.4052
block_prefill_stage,1,256,9,residual_attn,0.0173
block_prefill_stage,1,256,9,ln2,0.0160
block_prefill_stage,1,256,9,fc1,0.6274
block_prefill_stage,1,256,9,gelu,0.0239
block_prefill_stage,1,256,9,fc2,1.5581
block_prefill_stage,1,256,9,residual_ffn,0.0146
block_prefill_stage,1,256,10,ln1,0.0152
block_prefill_stage,1,256,10,qkv_projection,0.4888
block_prefill_stage,1,256,10,make_tables_h2d,0.0200
block_prefill_stage,1,256,10,append_prefill_kv,0.0141
block_prefill_stage,1,256,10,flashattention_prefill_total,0.9100
block_prefill_stage,1,256,10,attn_out_projection,0.3984
block_prefill_stage,1,256,10,residual_attn,0.0310
block_prefill_stage,1,256,10,ln2,0.0195
block_prefill_stage,1,256,10,fc1,0.6205
block_prefill_stage,1,256,10,gelu,0.0226
block_prefill_stage,1,256,10,fc2,1.5560
block_prefill_stage,1,256,10,residual_ffn,0.0137
block_prefill_stage,1,256,11,ln1,0.0152
block_prefill_stage,1,256,11,qkv_projection,0.4942
block_prefill_stage,1,256,11,make_tables_h2d,0.0237
block_prefill_stage,1,256,11,append_prefill_kv,0.0140
block_prefill_stage,1,256,11,flashattention_prefill_total,0.9126
block_prefill_stage,1,256,11,attn_out_projection,0.3981
block_prefill_stage,1,256,11,residual_attn,0.0140
block_prefill_stage,1,256,11,ln2,0.0159
block_prefill_stage,1,256,11,fc1,0.6259
block_prefill_stage,1,256,11,gelu,0.0224
block_prefill_stage,1,256,11,fc2,1.5573
block_prefill_stage,1,256,11,residual_ffn,0.0130
block_prefill_stage,2,512,0,ln1,0.0189
block_prefill_stage,2,512,0,qkv_projection,0.8313
block_prefill_stage,2,512,0,make_tables_h2d,0.0179
block_prefill_stage,2,512,0,append_prefill_kv,0.0293
block_prefill_stage,2,512,0,flashattention_prefill_total,1.8160
block_prefill_stage,2,512,0,attn_out_projection,0.4276
block_prefill_stage,2,512,0,residual_attn,0.0195
block_prefill_stage,2,512,0,ln2,0.0197
block_prefill_stage,2,512,0,fc1,1.2586
block_prefill_stage,2,512,0,gelu,0.0541
block_prefill_stage,2,512,0,fc2,1.6522
block_prefill_stage,2,512,0,residual_ffn,0.0188
block_prefill_stage,2,512,1,ln1,0.0195
block_prefill_stage,2,512,1,qkv_projection,0.8334
block_prefill_stage,2,512,1,make_tables_h2d,0.0175
block_prefill_stage,2,512,1,append_prefill_kv,0.0311
block_prefill_stage,2,512,1,flashattention_prefill_total,1.8212
block_prefill_stage,2,512,1,attn_out_projection,0.4336
block_prefill_stage,2,512,1,residual_attn,0.0194
block_prefill_stage,2,512,1,ln2,0.0187
block_prefill_stage,2,512,1,fc1,1.2733
block_prefill_stage,2,512,1,gelu,0.0538
block_prefill_stage,2,512,1,fc2,1.6401
block_prefill_stage,2,512,1,residual_ffn,0.0191
block_prefill_stage,2,512,2,ln1,0.0190
block_prefill_stage,2,512,2,qkv_projection,0.8313
block_prefill_stage,2,512,2,make_tables_h2d,0.0199
block_prefill_stage,2,512,2,append_prefill_kv,0.0340
block_prefill_stage,2,512,2,flashattention_prefill_total,1.8212
block_prefill_stage,2,512,2,attn_out_projection,0.4349
block_prefill_stage,2,512,2,residual_attn,0.0218
block_prefill_stage,2,512,2,ln2,0.0204
block_prefill_stage,2,512,2,fc1,1.2545
block_prefill_stage,2,512,2,gelu,0.0544
block_prefill_stage,2,512,2,fc2,1.6420
block_prefill_stage,2,512,2,residual_ffn,0.0255
block_prefill_stage,2,512,3,ln1,0.0199
block_prefill_stage,2,512,3,qkv_projection,0.8383
block_prefill_stage,2,512,3,make_tables_h2d,0.0274
block_prefill_stage,2,512,3,append_prefill_kv,0.0366
block_prefill_stage,2,512,3,flashattention_prefill_total,1.8211
block_prefill_stage,2,512,3,attn_out_projection,0.4330
block_prefill_stage,2,512,3,residual_attn,0.0215
block_prefill_stage,2,512,3,ln2,0.0195
block_prefill_stage,2,512,3,fc1,1.2722
block_prefill_stage,2,512,3,gelu,0.0555
block_prefill_stage,2,512,3,fc2,1.6373
block_prefill_stage,2,512,3,residual_ffn,0.0204
block_prefill_stage,2,512,4,ln1,0.0199
block_prefill_stage,2,512,4,qkv_projection,0.8420
block_prefill_stage,2,512,4,make_tables_h2d,0.0206
block_prefill_stage,2,512,4,append_prefill_kv,0.0316
block_prefill_stage,2,512,4,flashattention_prefill_total,1.8169
block_prefill_stage,2,512,4,attn_out_projection,0.4258
block_prefill_stage,2,512,4,residual_attn,0.0191
block_prefill_stage,2,512,4,ln2,0.0193
block_prefill_stage,2,512,4,fc1,1.2535
block_prefill_stage,2,512,4,gelu,0.0537
block_prefill_stage,2,512,4,fc2,1.6405
block_prefill_stage,2,512,4,residual_ffn,0.0241
block_prefill_stage,2,512,5,ln1,0.0205
block_prefill_stage,2,512,5,qkv_projection,0.8287
block_prefill_stage,2,512,5,make_tables_h2d,0.0199
block_prefill_stage,2,512,5,append_prefill_kv,0.0323
block_prefill_stage,2,512,5,flashattention_prefill_total,1.8195
block_prefill_stage,2,512,5,attn_out_projection,0.4270
block_prefill_stage,2,512,5,residual_attn,0.0198
block_prefill_stage,2,512,5,ln2,0.0193
block_prefill_stage,2,512,5,fc1,1.2304
block_prefill_stage,2,512,5,gelu,0.0547
block_prefill_stage,2,512,5,fc2,1.6388
block_prefill_stage,2,512,5,residual_ffn,0.0183
block_prefill_stage,2,512,6,ln1,0.0185
block_prefill_stage,2,512,6,qkv_projection,0.8317
block_prefill_stage,2,512,6,make_tables_h2d,0.0172
block_prefill_stage,2,512,6,append_prefill_kv,0.0316
block_prefill_stage,2,512,6,flashattention_prefill_total,1.8162
block_prefill_stage,2,512,6,attn_out_projection,0.4309
block_prefill_stage,2,512,6,residual_attn,0.0189
block_prefill_stage,2,512,6,ln2,0.0197
block_prefill_stage,2,512,6,fc1,1.2557
block_prefill_stage,2,512,6,gelu,0.0541
block_prefill_stage,2,512,6,fc2,1.6316
block_prefill_stage,2,512,6,residual_ffn,0.0267
block_prefill_stage,2,512,7,ln1,0.0216
block_prefill_stage,2,512,7,qkv_projection,0.8370
block_prefill_stage,2,512,7,make_tables_h2d,0.0252
block_prefill_stage,2,512,7,append_prefill_kv,0.0364
block_prefill_stage,2,512,7,flashattention_prefill_total,1.8203
block_prefill_stage,2,512,7,attn_out_projection,0.4349
block_prefill_stage,2,512,7,residual_attn,0.0213
block_prefill_stage,2,512,7,ln2,0.0197
block_prefill_stage,2,512,7,fc1,1.2598
block_prefill_stage,2,512,7,gelu,0.0566
block_prefill_stage,2,512,7,fc2,1.6404
block_prefill_stage,2,512,7,residual_ffn,0.0208
block_prefill_stage,2,512,8,ln1,0.0192
block_prefill_stage,2,512,8,qkv_projection,0.8320
block_prefill_stage,2,512,8,make_tables_h2d,0.0219
block_prefill_stage,2,512,8,append_prefill_kv,0.0317
block_prefill_stage,2,512,8,flashattention_prefill_total,1.5350
block_prefill_stage,2,512,8,attn_out_projection,0.2943
block_prefill_stage,2,512,8,residual_attn,0.0181
block_prefill_stage,2,512,8,ln2,0.0199
block_prefill_stage,2,512,8,fc1,0.8362
block_prefill_stage,2,512,8,gelu,0.0540
block_prefill_stage,2,512,8,fc2,1.1312
block_prefill_stage,2,512,8,residual_ffn,0.0178
block_prefill_stage,2,512,9,ln1,0.0152
block_prefill_stage,2,512,9,qkv_projection,0.5513
block_prefill_stage,2,512,9,make_tables_h2d,0.0155
block_prefill_stage,2,512,9,append_prefill_kv,0.0286
block_prefill_stage,2,512,9,flashattention_prefill_total,1.1934
block_prefill_stage,2,512,9,attn_out_projection,0.3013
block_prefill_stage,2,512,9,residual_attn,0.0304
block_prefill_stage,2,512,9,ln2,0.0171
block_prefill_stage,2,512,9,fc1,0.8237
block_prefill_stage,2,512,9,gelu,0.0581
block_prefill_stage,2,512,9,fc2,1.1307
block_prefill_stage,2,512,9,residual_ffn,0.0175
block_prefill_stage,2,512,10,ln1,0.0152
block_prefill_stage,2,512,10,qkv_projection,0.5463
block_prefill_stage,2,512,10,make_tables_h2d,0.0201
block_prefill_stage,2,512,10,append_prefill_kv,0.0286
block_prefill_stage,2,512,10,flashattention_prefill_total,1.1940
block_prefill_stage,2,512,10,attn_out_projection,0.2968
block_prefill_stage,2,512,10,residual_attn,0.0177
block_prefill_stage,2,512,10,ln2,0.0146
block_prefill_stage,2,512,10,fc1,0.8401
block_prefill_stage,2,512,10,gelu,0.0547
block_prefill_stage,2,512,10,fc2,1.1151
block_prefill_stage,2,512,10,residual_ffn,0.0241
block_prefill_stage,2,512,11,ln1,0.0153
block_prefill_stage,2,512,11,qkv_projection,0.5376
block_prefill_stage,2,512,11,make_tables_h2d,0.0254
block_prefill_stage,2,512,11,append_prefill_kv,0.0347
block_prefill_stage,2,512,11,flashattention_prefill_total,1.1706
block_prefill_stage,2,512,11,attn_out_projection,0.2952
block_prefill_stage,2,512,11,residual_attn,0.0187
block_prefill_stage,2,512,11,ln2,0.0145
block_prefill_stage,2,512,11,fc1,0.7981
block_prefill_stage,2,512,11,gelu,0.0558
block_prefill_stage,2,512,11,fc2,1.1126
block_prefill_stage,2,512,11,residual_ffn,0.0187
block_prefill_stage,1,256,0,ln1,0.0119
block_prefill_stage,1,256,0,qkv_projection,0.3214
block_prefill_stage,1,256,0,make_tables_h2d,0.0143
block_prefill_stage,1,256,0,append_prefill_kv,0.0114
block_prefill_stage,1,256,0,flashattention_prefill_total,0.5853
block_prefill_stage,1,256,0,attn_out_projection,0.2659
block_prefill_stage,1,256,0,residual_attn,0.0121
block_prefill_stage,1,256,0,ln2,0.0115
block_prefill_stage,1,256,0,fc1,0.4023
block_prefill_stage,1,256,0,gelu,0.0195
block_prefill_stage,1,256,0,fc2,1.0581
block_prefill_stage,1,256,0,residual_ffn,0.0118
block_prefill_stage,1,256,1,ln1,0.0121
block_prefill_stage,1,256,1,qkv_projection,0.3318
block_prefill_stage,1,256,1,make_tables_h2d,0.0141
block_prefill_stage,1,256,1,append_prefill_kv,0.0118
block_prefill_stage,1,256,1,flashattention_prefill_total,0.5851
block_prefill_stage,1,256,1,attn_out_projection,0.2647
block_prefill_stage,1,256,1,residual_attn,0.0126
block_prefill_stage,1,256,1,ln2,0.0115
block_prefill_stage,1,256,1,fc1,0.4016
block_prefill_stage,1,256,1,gelu,0.0193
block_prefill_stage,1,256,1,fc2,1.0555
block_prefill_stage,1,256,1,residual_ffn,0.0118
block_prefill_stage,1,256,2,ln1,0.0121
block_prefill_stage,1,256,2,qkv_projection,0.3190
block_prefill_stage,1,256,2,make_tables_h2d,0.0149
block_prefill_stage,1,256,2,append_prefill_kv,0.0114
block_prefill_stage,1,256,2,flashattention_prefill_total,0.5857
block_prefill_stage,1,256,2,attn_out_projection,0.2641
block_prefill_stage,1,256,2,residual_attn,0.0124
block_prefill_stage,1,256,2,ln2,0.0118
block_prefill_stage,1,256,2,fc1,0.4063
block_prefill_stage,1,256,2,gelu,0.0197
block_prefill_stage,1,256,2,fc2,1.0569
block_prefill_stage,1,256,2,residual_ffn,0.0116
block_prefill_stage,1,256,3,ln1,0.0119
block_prefill_stage,1,256,3,qkv_projection,0.3257
block_prefill_stage,1,256,3,make_tables_h2d,0.0141
block_prefill_stage,1,256,3,append_prefill_kv,0.0107
block_prefill_stage,1,256,3,flashattention_prefill_total,0.5857
block_prefill_stage,1,256,3,attn_out_projection,0.2671
block_prefill_stage,1,256,3,residual_attn,0.0125
block_prefill_stage,1,256,3,ln2,0.0118
block_prefill_stage,1,256,3,fc1,0.4052
block_prefill_stage,1,256,3,gelu,0.0182
block_prefill_stage,1,256,3,fc2,1.0563
block_prefill_stage,1,256,3,residual_ffn,0.0143
block_prefill_stage,1,256,4,ln1,0.0128
block_prefill_stage,1,256,4,qkv_projection,0.3265
block_prefill_stage,1,256,4,make_tables_h2d,0.0159
block_prefill_stage,1,256,4,append_prefill_kv,0.0108
block_prefill_stage,1,256,4,flashattention_prefill_total,0.5864
block_prefill_stage,1,256,4,attn_out_projection,0.2710
block_prefill_stage,1,256,4,residual_attn,0.0178
block_prefill_stage,1,256,4,ln2,0.0146
block_prefill_stage,1,256,4,fc1,0.3970
block_prefill_stage,1,256,4,gelu,0.0222
block_prefill_stage,1,256,4,fc2,1.0373
block_prefill_stage,1,256,4,residual_ffn,0.0127
block_prefill_stage,1,256,5,ln1,0.0119
block_prefill_stage,1,256,5,qkv_projection,0.3207
block_prefill_stage,1,256,5,make_tables_h2d,0.0192
block_prefill_stage,1,256,5,append_prefill_kv,0.0110
block_prefill_stage,1,256,5,flashattention_prefill_total,0.5742
block_prefill_stage,1,256,5,attn_out_projection,0.2612
block_prefill_stage,1,256,5,residual_attn,0.0119
block_prefill_stage,1,256,5,ln2,0.0117
block_prefill_stage,1,256,5,fc1,0.4010
block_prefill_stage,1,256,5,gelu,0.0185
block_prefill_stage,1,256,5,fc2,1.0362
block_prefill_stage,1,256,5,residual_ffn,0.0114
block_prefill_stage,1,256,6,ln1,0.0120
block_prefill_stage,1,256,6,qkv_projection,0.3152
block_prefill_stage,1,256,6,make_tables_h2d,0.0139
block_prefill_stage,1,256,6,append_prefill_kv,0.0112
block_prefill_stage,1,256,6,flashattention_prefill_total,0.5743
block_prefill_stage,1,256,6,attn_out_projection,0.2669
block_prefill_stage,1,256,6,residual_attn,0.0211
block_prefill_stage,1,256,6,ln2,0.0210
block_prefill_stage,1,256,6,fc1,0.4017
block_prefill_stage,1,256,6,gelu,0.0247
block_prefill_stage,1,256,6,fc2,1.0481
block_prefill_stage,1,256,6,residual_ffn,0.0210
block_prefill_stage,1,256,7,ln1,0.0146
block_prefill_stage,1,256,7,qkv_projection,0.3165
block_prefill_stage,1,256,7,make_tables_h2d,0.0190
block_prefill_stage,1,256,7,append_prefill_kv,0.0135
block_prefill_stage,1,256,7,flashattention_prefill_total,0.5748
block_prefill_stage,1,256,7,attn_out_projection,0.2639
block_prefill_stage,1,256,7,residual_attn,0.0128
block_prefill_stage,1,256,7,ln2,0.0120
block_prefill_stage,1,256,7,fc1,0.3966
block_prefill_stage,1,256,7,gelu,0.0205
block_prefill_stage,1,256,7,fc2,1.0366
block_prefill_stage,1,256,7,residual_ffn,0.0131
block_prefill_stage,1,256,8,ln1,0.0125
block_prefill_stage,1,256,8,qkv_projection,0.3179
block_prefill_stage,1,256,8,make_tables_h2d,0.0156
block_prefill_stage,1,256,8,append_prefill_kv,0.0113
block_prefill_stage,1,256,8,flashattention_prefill_total,0.5744
block_prefill_stage,1,256,8,attn_out_projection,0.2630
block_prefill_stage,1,256,8,residual_attn,0.0122
block_prefill_stage,1,256,8,ln2,0.0120
block_prefill_stage,1,256,8,fc1,0.3982
block_prefill_stage,1,256,8,gelu,0.0189
block_prefill_stage,1,256,8,fc2,1.0397
block_prefill_stage,1,256,8,residual_ffn,0.0122
block_prefill_stage,1,256,9,ln1,0.0125
block_prefill_stage,1,256,9,qkv_projection,0.3150
block_prefill_stage,1,256,9,make_tables_h2d,0.0156
block_prefill_stage,1,256,9,append_prefill_kv,0.0108
block_prefill_stage,1,256,9,flashattention_prefill_total,0.5744
block_prefill_stage,1,256,9,attn_out_projection,0.2618
block_prefill_stage,1,256,9,residual_attn,0.0125
block_prefill_stage,1,256,9,ln2,0.0119
block_prefill_stage,1,256,9,fc1,0.3994
block_prefill_stage,1,256,9,gelu,0.0193
block_prefill_stage,1,256,9,fc2,1.0375
block_prefill_stage,1,256,9,residual_ffn,0.0166
block_prefill_stage,1,256,10,ln1,0.0128
block_prefill_stage,1,256,10,qkv_projection,0.3189
block_prefill_stage,1,256,10,make_tables_h2d,0.0176
block_prefill_stage,1,256,10,append_prefill_kv,0.0122
block_prefill_stage,1,256,10,flashattention_prefill_total,0.5731
block_prefill_stage,1,256,10,attn_out_projection,0.2607
block_prefill_stage,1,256,10,residual_attn,0.0117
block_prefill_stage,1,256,10,ln2,0.0127
block_prefill_stage,1,256,10,fc1,0.3939
block_prefill_stage,1,256,10,gelu,0.0198
block_prefill_stage,1,256,10,fc2,1.0366
block_prefill_stage,1,256,10,residual_ffn,0.0130
block_prefill_stage,1,256,11,ln1,0.0120
block_prefill_stage,1,256,11,qkv_projection,0.3212
block_prefill_stage,1,256,11,make_tables_h2d,0.0151
block_prefill_stage,1,256,11,append_prefill_kv,0.0113
block_prefill_stage,1,256,11,flashattention_prefill_total,0.5734
block_prefill_stage,1,256,11,attn_out_projection,0.2619
block_prefill_stage,1,256,11,residual_attn,0.0123
block_prefill_stage,1,256,11,ln2,0.0113
block_prefill_stage,1,256,11,fc1,0.4003
block_prefill_stage,1,256,11,gelu,0.0320
block_prefill_stage,1,256,11,fc2,1.0320
block_prefill_stage,1,256,11,residual_ffn,0.0131
block_prefill_stage,1,256,0,ln1,0.0117
block_prefill_stage,1,256,0,qkv_projection,0.3236
block_prefill_stage,1,256,0,make_tables_h2d,0.0140
block_prefill_stage,1,256,0,append_prefill_kv,0.0111
block_prefill_stage,1,256,0,flashattention_prefill_total,0.5622
block_prefill_stage,1,256,0,attn_out_projection,0.2570
block_prefill_stage,1,256,0,residual_attn,0.0125
block_prefill_stage,1,256,0,ln2,0.0120
block_prefill_stage,1,256,0,fc1,0.3922
block_prefill_stage,1,256,0,gelu,0.0225
block_prefill_stage,1,256,0,fc2,1.0227
block_prefill_stage,1,256,0,residual_ffn,0.0185
block_prefill_stage,1,256,1,ln1,0.0133
block_prefill_stage,1,256,1,qkv_projection,0.3157
block_prefill_stage,1,256,1,make_tables_h2d,0.0224
block_prefill_stage,1,256,1,append_prefill_kv,0.0148
block_prefill_stage,1,256,1,flashattention_prefill_total,0.5666
block_prefill_stage,1,256,1,attn_out_projection,0.2633
block_prefill_stage,1,256,1,residual_attn,0.0129
block_prefill_stage,1,256,1,ln2,0.0123
block_prefill_stage,1,256,1,fc1,0.3859
block_prefill_stage,1,256,1,gelu,0.0196
block_prefill_stage,1,256,1,fc2,1.0198
block_prefill_stage,1,256,1,residual_ffn,0.0156
block_prefill_stage,1,256,2,ln1,0.0120
block_prefill_stage,1,256,2,qkv_projection,0.3201
block_prefill_stage,1,256,2,make_tables_h2d,0.0251
block_prefill_stage,1,256,2,append_prefill_kv,0.0167
block_prefill_stage,1,256,2,flashattention_prefill_total,0.5638
block_prefill_stage,1,256,2,attn_out_projection,0.2610
block_prefill_stage,1,256,2,residual_attn,0.0171
block_prefill_stage,1,256,2,ln2,0.0131
block_prefill_stage,1,256,2,fc1,0.3955
block_prefill_stage,1,256,2,gelu,0.0233
block_prefill_stage,1,256,2,fc2,1.0274
block_prefill_stage,1,256,2,residual_ffn,0.0217
block_prefill_stage,1,256,3,ln1,0.0301
block_prefill_stage,1,256,3,qkv_projection,0.3131
block_prefill_stage,1,256,3,make_tables_h2d,0.0254
block_prefill_stage,1,256,3,append_prefill_kv,0.0180
block_prefill_stage,1,256,3,flashattention_prefill_total,0.5671
block_prefill_stage,1,256,3,attn_out_projection,0.2687
block_prefill_stage,1,256,3,residual_attn,0.0162
block_prefill_stage,1,256,3,ln2,0.0366
block_prefill_stage,1,256,3,fc1,0.3958
block_prefill_stage,1,256,3,gelu,0.0187
block_prefill_stage,1,256,3,fc2,1.0229
block_prefill_stage,1,256,3,residual_ffn,0.0182
block_prefill_stage,1,256,4,ln1,0.0130
block_prefill_stage,1,256,4,qkv_projection,0.3120
block_prefill_stage,1,256,4,make_tables_h2d,0.0194
block_prefill_stage,1,256,4,append_prefill_kv,0.0117
block_prefill_stage,1,256,4,flashattention_prefill_total,0.5627
block_prefill_stage,1,256,4,attn_out_projection,0.2592
block_prefill_stage,1,256,4,residual_attn,0.0128
block_prefill_stage,1,256,4,ln2,0.0118
block_prefill_stage,1,256,4,fc1,0.3880
block_prefill_stage,1,256,4,gelu,0.0202
block_prefill_stage,1,256,4,fc2,1.0195
block_prefill_stage,1,256,4,residual_ffn,0.0140
block_prefill_stage,1,256,5,ln1,0.0120
block_prefill_stage,1,256,5,qkv_projection,0.3124
block_prefill_stage,1,256,5,make_tables_h2d,0.0168
block_prefill_stage,1,256,5,append_prefill_kv,0.0152
block_prefill_stage,1,256,5,flashattention_prefill_total,0.5625
block_prefill_stage,1,256,5,attn_out_projection,0.2572
block_prefill_stage,1,256,5,residual_attn,0.0126
block_prefill_stage,1,256,5,ln2,0.0118
block_prefill_stage,1,256,5,fc1,0.3900
block_prefill_stage,1,256,5,gelu,0.0186
block_prefill_stage,1,256,5,fc2,1.0191
block_prefill_stage,1,256,5,residual_ffn,0.0153
block_prefill_stage,1,256,6,ln1,0.0124
block_prefill_stage,1,256,6,qkv_projection,0.3115
block_prefill_stage,1,256,6,make_tables_h2d,0.0173
block_prefill_stage,1,256,6,append_prefill_kv,0.0127
block_prefill_stage,1,256,6,flashattention_prefill_total,0.5625
block_prefill_stage,1,256,6,attn_out_projection,0.2565
block_prefill_stage,1,256,6,residual_attn,0.0134
block_prefill_stage,1,256,6,ln2,0.0126
block_prefill_stage,1,256,6,fc1,0.3867
block_prefill_stage,1,256,6,gelu,0.0299
block_prefill_stage,1,256,6,fc2,1.0212
block_prefill_stage,1,256,6,residual_ffn,0.0136
block_prefill_stage,1,256,7,ln1,0.0138
block_prefill_stage,1,256,7,qkv_projection,0.3134
block_prefill_stage,1,256,7,make_tables_h2d,0.0229
block_prefill_stage,1,256,7,append_prefill_kv,0.0303
block_prefill_stage,1,256,7,flashattention_prefill_total,0.5533
block_prefill_stage,1,256,7,attn_out_projection,0.2543
block_prefill_stage,1,256,7,residual_attn,0.0124
block_prefill_stage,1,256,7,ln2,0.0121
block_prefill_stage,1,256,7,fc1,0.3782
block_prefill_stage,1,256,7,gelu,0.0185
block_prefill_stage,1,256,7,fc2,1.0006
block_prefill_stage,1,256,7,residual_ffn,0.0130
block_prefill_stage,1,256,8,ln1,0.0123
block_prefill_stage,1,256,8,qkv_projection,0.3002
block_prefill_stage,1,256,8,make_tables_h2d,0.0148
block_prefill_stage,1,256,8,append_prefill_kv,0.0105
block_prefill_stage,1,256,8,flashattention_prefill_total,0.5513
block_prefill_stage,1,256,8,attn_out_projection,0.2515
block_prefill_stage,1,256,8,residual_attn,0.0116
block_prefill_stage,1,256,8,ln2,0.0113
block_prefill_stage,1,256,8,fc1,0.3781
block_prefill_stage,1,256,8,gelu,0.0181
block_prefill_stage,1,256,8,fc2,1.0049
block_prefill_stage,1,256,8,residual_ffn,0.0142
block_prefill_stage,1,256,9,ln1,0.0136
block_prefill_stage,1,256,9,qkv_projection,0.3103
block_prefill_stage,1,256,9,make_tables_h2d,0.0289
block_prefill_stage,1,256,9,append_prefill_kv,0.0151
block_prefill_stage,1,256,9,flashattention_prefill_total,0.5506
block_prefill_stage,1,256,9,attn_out_projection,0.2529
block_prefill_stage,1,256,9,residual_attn,0.0158
block_prefill_stage,1,256,9,ln2,0.0134
block_prefill_stage,1,256,9,fc1,0.3831
block_prefill_stage,1,256,9,gelu,0.0246
block_prefill_stage,1,256,9,fc2,1.0077
block_prefill_stage,1,256,9,residual_ffn,0.0315
block_prefill_stage,1,256,10,ln1,0.0155
block_prefill_stage,1,256,10,qkv_projection,0.3091
block_prefill_stage,1,256,10,make_tables_h2d,0.0191
block_prefill_stage,1,256,10,append_prefill_kv,0.0110
block_prefill_stage,1,256,10,flashattention_prefill_total,0.5522
block_prefill_stage,1,256,10,attn_out_projection,0.2539
block_prefill_stage,1,256,10,residual_attn,0.0129
block_prefill_stage,1,256,10,ln2,0.0117
block_prefill_stage,1,256,10,fc1,0.3797
block_prefill_stage,1,256,10,gelu,0.0203
block_prefill_stage,1,256,10,fc2,1.0013
block_prefill_stage,1,256,10,residual_ffn,0.0127
block_prefill_stage,1,256,11,ln1,0.0122
block_prefill_stage,1,256,11,qkv_projection,0.3033
block_prefill_stage,1,256,11,make_tables_h2d,0.0162
block_prefill_stage,1,256,11,append_prefill_kv,0.0119
block_prefill_stage,1,256,11,flashattention_prefill_total,0.5536
block_prefill_stage,1,256,11,attn_out_projection,0.2535
block_prefill_stage,1,256,11,residual_attn,0.0126
block_prefill_stage,1,256,11,ln2,0.0122
block_prefill_stage,1,256,11,fc1,0.3775
block_prefill_stage,1,256,11,gelu,0.0178
block_prefill_stage,1,256,11,fc2,1.0025
block_prefill_stage,1,256,11,residual_ffn,0.0114
block_prefill_stage,1,256,0,ln1,0.0118
block_prefill_stage,1,256,0,qkv_projection,0.3100
block_prefill_stage,1,256,0,make_tables_h2d,0.0140
block_prefill_stage,1,256,0,append_prefill_kv,0.0116
block_prefill_stage,1,256,0,flashattention_prefill_total,0.5513
block_prefill_stage,1,256,0,attn_out_projection,0.2538
block_prefill_stage,1,256,0,residual_attn,0.0122
block_prefill_stage,1,256,0,ln2,0.0117
block_prefill_stage,1,256,0,fc1,0.3854
block_prefill_stage,1,256,0,gelu,0.0176
block_prefill_stage,1,256,0,fc2,0.9982
block_prefill_stage,1,256,0,residual_ffn,0.0111
block_prefill_stage,1,256,1,ln1,0.0115
block_prefill_stage,1,256,1,qkv_projection,0.3026
block_prefill_stage,1,256,1,make_tables_h2d,0.0146
block_prefill_stage,1,256,1,append_prefill_kv,0.0108
block_prefill_stage,1,256,1,flashattention_prefill_total,0.5507
block_prefill_stage,1,256,1,attn_out_projection,0.2501
block_prefill_stage,1,256,1,residual_attn,0.0121
block_prefill_stage,1,256,1,ln2,0.0119
block_prefill_stage,1,256,1,fc1,0.3812
block_prefill_stage,1,256,1,gelu,0.0184
block_prefill_stage,1,256,1,fc2,1.0032
block_prefill_stage,1,256,1,residual_ffn,0.0112
block_prefill_stage,1,256,2,ln1,0.0114
block_prefill_stage,1,256,2,qkv_projection,0.3048
block_prefill_stage,1,256,2,make_tables_h2d,0.0171
block_prefill_stage,1,256,2,append_prefill_kv,0.0137
block_prefill_stage,1,256,2,flashattention_prefill_total,0.5538
block_prefill_stage,1,256,2,attn_out_projection,0.2578
block_prefill_stage,1,256,2,residual_attn,0.0125
block_prefill_stage,1,256,2,ln2,0.0124
block_prefill_stage,1,256,2,fc1,0.4092
block_prefill_stage,1,256,2,gelu,0.0229
block_prefill_stage,1,256,2,fc2,1.0075
block_prefill_stage,1,256,2,residual_ffn,0.0211
block_prefill_stage,1,256,3,ln1,0.0149
block_prefill_stage,1,256,3,qkv_projection,0.3073
block_prefill_stage,1,256,3,make_tables_h2d,0.0248
block_prefill_stage,1,256,3,append_prefill_kv,0.0183
block_prefill_stage,1,256,3,flashattention_prefill_total,0.5562
block_prefill_stage,1,256,3,attn_out_projection,0.2560
block_prefill_stage,1,256,3,residual_attn,0.0129
block_prefill_stage,1,256,3,ln2,0.0120
block_prefill_stage,1,256,3,fc1,0.3816
block_prefill_stage,1,256,3,gelu,0.0254
block_prefill_stage,1,256,3,fc2,1.0073
block_prefill_stage,1,256,3,residual_ffn,0.0148
block_prefill_stage,1,256,4,ln1,0.0131
block_prefill_stage,1,256,4,qkv_projection,0.3060
block_prefill_stage,1,256,4,make_tables_h2d,0.0190
block_prefill_stage,1,256,4,append_prefill_kv,0.0120
block_prefill_stage,1,256,4,flashattention_prefill_total,0.5532
block_prefill_stage,1,256,4,attn_out_projection,0.2888
block_prefill_stage,1,256,4,residual_attn,0.0183
block_prefill_stage,1,256,4,ln2,0.0128
block_prefill_stage,1,256,4,fc1,0.3821
block_prefill_stage,1,256,4,gelu,0.0188
block_prefill_stage,1,256,4,fc2,1.0035
block_prefill_stage,1,256,4,residual_ffn,0.0207
block_prefill_stage,1,256,5,ln1,0.0145
block_prefill_stage,1,256,5,qkv_projection,0.3144
block_prefill_stage,1,256,5,make_tables_h2d,0.0196
block_prefill_stage,1,256,5,append_prefill_kv,0.0123
block_prefill_stage,1,256,5,flashattention_prefill_total,0.5531
block_prefill_stage,1,256,5,attn_out_projection,0.2535
block_prefill_stage,1,256,5,residual_attn,0.0125
block_prefill_stage,1,256,5,ln2,0.0122
block_prefill_stage,1,256,5,fc1,0.3854
block_prefill_stage,1,256,5,gelu,0.0204
block_prefill_stage,1,256,5,fc2,1.0011
block_prefill_stage,1,256,5,residual_ffn,0.0124
block_prefill_stage,1,256,6,ln1,0.0122
block_prefill_stage,1,256,6,qkv_projection,0.3014
block_prefill_stage,1,256,6,make_tables_h2d,0.0159
block_prefill_stage,1,256,6,append_prefill_kv,0.0111
block_prefill_stage,1,256,6,flashattention_prefill_total,0.5509
block_prefill_stage,1,256,6,attn_out_projection,0.2537
block_prefill_stage,1,256,6,residual_attn,0.0121
block_prefill_stage,1,256,6,ln2,0.0117
block_prefill_stage,1,256,6,fc1,0.3819
block_prefill_stage,1,256,6,gelu,0.0183
block_prefill_stage,1,256,6,fc2,1.0048
block_prefill_stage,1,256,6,residual_ffn,0.0124
block_prefill_stage,1,256,7,ln1,0.0116
block_prefill_stage,1,256,7,qkv_projection,0.3064
block_prefill_stage,1,256,7,make_tables_h2d,0.0156
block_prefill_stage,1,256,7,append_prefill_kv,0.0108
block_prefill_stage,1,256,7,flashattention_prefill_total,0.5498
block_prefill_stage,1,256,7,attn_out_projection,0.2533
block_prefill_stage,1,256,7,residual_attn,0.0243
block_prefill_stage,1,256,7,ln2,0.0120
block_prefill_stage,1,256,7,fc1,0.3826
block_prefill_stage,1,256,7,gelu,0.0189
block_prefill_stage,1,256,7,fc2,1.0008
block_prefill_stage,1,256,7,residual_ffn,0.0120
block_prefill_stage,1,256,8,ln1,0.0115
block_prefill_stage,1,256,8,qkv_projection,0.3054
block_prefill_stage,1,256,8,make_tables_h2d,0.0139
block_prefill_stage,1,256,8,append_prefill_kv,0.0105
block_prefill_stage,1,256,8,flashattention_prefill_total,0.5506
block_prefill_stage,1,256,8,attn_out_projection,0.2517
block_prefill_stage,1,256,8,residual_attn,0.0116
block_prefill_stage,1,256,8,ln2,0.0280
block_prefill_stage,1,256,8,fc1,0.3837
block_prefill_stage,1,256,8,gelu,0.0180
block_prefill_stage,1,256,8,fc2,1.0036
block_prefill_stage,1,256,8,residual_ffn,0.0116
block_prefill_stage,1,256,9,ln1,0.0120
block_prefill_stage,1,256,9,qkv_projection,0.3021
block_prefill_stage,1,256,9,make_tables_h2d,0.0137
block_prefill_stage,1,256,9,append_prefill_kv,0.0109
block_prefill_stage,1,256,9,flashattention_prefill_total,0.5547
block_prefill_stage,1,256,9,attn_out_projection,0.2582
block_prefill_stage,1,256,9,residual_attn,0.0131
block_prefill_stage,1,256,9,ln2,0.0119
block_prefill_stage,1,256,9,fc1,0.3802
block_prefill_stage,1,256,9,gelu,0.0193
block_prefill_stage,1,256,9,fc2,1.0038
block_prefill_stage,1,256,9,residual_ffn,0.0114
block_prefill_stage,1,256,10,ln1,0.0118
block_prefill_stage,1,256,10,qkv_projection,0.3147
block_prefill_stage,1,256,10,make_tables_h2d,0.0183
block_prefill_stage,1,256,10,append_prefill_kv,0.0110
block_prefill_stage,1,256,10,flashattention_prefill_total,0.5510
block_prefill_stage,1,256,10,attn_out_projection,0.2523
block_prefill_stage,1,256,10,residual_attn,0.0126
block_prefill_stage,1,256,10,ln2,0.0113
block_prefill_stage,1,256,10,fc1,0.3801
block_prefill_stage,1,256,10,gelu,0.0188
block_prefill_stage,1,256,10,fc2,1.0013
block_prefill_stage,1,256,10,residual_ffn,0.0112
block_prefill_stage,1,256,11,ln1,0.0118
block_prefill_stage,1,256,11,qkv_projection,0.3090
block_prefill_stage,1,256,11,make_tables_h2d,0.0141
block_prefill_stage,1,256,11,append_prefill_kv,0.0107
block_prefill_stage,1,256,11,flashattention_prefill_total,0.5533
block_prefill_stage,1,256,11,attn_out_projection,0.2596
block_prefill_stage,1,256,11,residual_attn,0.0155
block_prefill_stage,1,256,11,ln2,0.0137
block_prefill_stage,1,256,11,fc1,0.3854
block_prefill_stage,1,256,11,gelu,0.0196
block_prefill_stage,1,256,11,fc2,1.0031
block_prefill_stage,1,256,11,residual_ffn,0.0181
block_prefill_stage,1,256,0,ln1,0.0127
block_prefill_stage,1,256,0,qkv_projection,0.3067
block_prefill_stage,1,256,0,make_tables_h2d,0.0143
block_prefill_stage,1,256,0,append_prefill_kv,0.0108
block_prefill_stage,1,256,0,flashattention_prefill_total,0.5529
block_prefill_stage,1,256,0,attn_out_projection,0.2529
block_prefill_stage,1,256,0,residual_attn,0.0127
block_prefill_stage,1,256,0,ln2,0.0115
block_prefill_stage,1,256,0,fc1,0.3828
block_prefill_stage,1,256,0,gelu,0.0256
block_prefill_stage,1,256,0,fc2,1.0080
block_prefill_stage,1,256,0,residual_ffn,0.0199
block_prefill_stage,1,256,1,ln1,0.0142
block_prefill_stage,1,256,1,qkv_projection,0.3060
block_prefill_stage,1,256,1,make_tables_h2d,0.0228
block_prefill_stage,1,256,1,append_prefill_kv,0.0145
block_prefill_stage,1,256,1,flashattention_prefill_total,0.5545
block_prefill_stage,1,256,1,attn_out_projection,0.2584
block_prefill_stage,1,256,1,residual_attn,0.0175
block_prefill_stage,1,256,1,ln2,0.0135
block_prefill_stage,1,256,1,fc1,0.3828
block_prefill_stage,1,256,1,gelu,0.0258
block_prefill_stage,1,256,1,fc2,1.0071
block_prefill_stage,1,256,1,residual_ffn,0.0333
block_prefill_stage,1,256,2,ln1,0.0138
block_prefill_stage,1,256,2,qkv_projection,0.3108
block_prefill_stage,1,256,2,make_tables_h2d,0.0475
block_prefill_stage,1,256,2,append_prefill_kv,0.0166
block_prefill_stage,1,256,2,flashattention_prefill_total,0.5558
block_prefill_stage,1,256,2,attn_out_projection,0.2619
block_prefill_stage,1,256,2,residual_attn,0.0172
block_prefill_stage,1,256,2,ln2,0.0135
block_prefill_stage,1,256,2,fc1,0.3864
block_prefill_stage,1,256,2,gelu,0.0268
block_prefill_stage,1,256,2,fc2,1.0077
block_prefill_stage,1,256,2,residual_ffn,0.0205
block_prefill_stage,1,256,3,ln1,0.0146
block_prefill_stage,1,256,3,qkv_projection,0.3051
block_prefill_stage,1,256,3,make_tables_h2d,0.0239
block_prefill_stage,1,256,3,append_prefill_kv,0.0147
block_prefill_stage,1,256,3,flashattention_prefill_total,0.5549
block_prefill_stage,1,256,3,attn_out_projection,0.2602
block_prefill_stage,1,256,3,residual_attn,0.0186
block_prefill_stage,1,256,3,ln2,0.0263
block_prefill_stage,1,256,3,fc1,0.3847
block_prefill_stage,1,256,3,gelu,0.0245
block_prefill_stage,1,256,3,fc2,1.0254
block_prefill_stage,1,256,3,residual_ffn,0.0202
block_prefill_stage,1,256,4,ln1,0.0147
block_prefill_stage,1,256,4,qkv_projection,0.3059
block_prefill_stage,1,256,4,make_tables_h2d,0.0325
block_prefill_stage,1,256,4,append_prefill_kv,0.0161
block_prefill_stage,1,256,4,flashattention_prefill_total,0.5548
block_prefill_stage,1,256,4,attn_out_projection,0.2623
block_prefill_stage,1,256,4,residual_attn,0.0173
block_prefill_stage,1,256,4,ln2,0.0142
block_prefill_stage,1,256,4,fc1,0.3812
block_prefill_stage,1,256,4,gelu,0.0254
block_prefill_stage,1,256,4,fc2,0.9988
block_prefill_stage,1,256,4,residual_ffn,0.0196
block_prefill_stage,1,256,5,ln1,0.0136
block_prefill_stage,1,256,5,qkv_projection,0.3092
block_prefill_stage,1,256,5,make_tables_h2d,0.0236
block_prefill_stage,1,256,5,append_prefill_kv,0.0151
block_prefill_stage,1,256,5,flashattention_prefill_total,0.5495
block_prefill_stage,1,256,5,attn_out_projection,0.2597
block_prefill_stage,1,256,5,residual_attn,0.0206
block_prefill_stage,1,256,5,ln2,0.0145
block_prefill_stage,1,256,5,fc1,0.3792
block_prefill_stage,1,256,5,gelu,0.0234
block_prefill_stage,1,256,5,fc2,1.0001
block_prefill_stage,1,256,5,residual_ffn,0.0216
block_prefill_stage,1,256,6,ln1,0.0150
block_prefill_stage,1,256,6,qkv_projection,0.3044
block_prefill_stage,1,256,6,make_tables_h2d,0.0242
block_prefill_stage,1,256,6,append_prefill_kv,0.0159
block_prefill_stage,1,256,6,flashattention_prefill_total,0.5496
block_prefill_stage,1,256,6,attn_out_projection,0.2594
block_prefill_stage,1,256,6,residual_attn,0.0177
block_prefill_stage,1,256,6,ln2,0.0137
block_prefill_stage,1,256,6,fc1,0.3790
block_prefill_stage,1,256,6,gelu,0.0246
block_prefill_stage,1,256,6,fc2,0.9978
block_prefill_stage,1,256,6,residual_ffn,0.0198
block_prefill_stage,1,256,7,ln1,0.0138
block_prefill_stage,1,256,7,qkv_projection,0.3040
block_prefill_stage,1,256,7,make_tables_h2d,0.0251
block_prefill_stage,1,256,7,append_prefill_kv,0.0166
block_prefill_stage,1,256,7,flashattention_prefill_total,0.5483
block_prefill_stage,1,256,7,attn_out_projection,0.2602
block_prefill_stage,1,256,7,residual_attn,0.0278
block_prefill_stage,1,256,7,ln2,0.0136
block_prefill_stage,1,256,7,fc1,0.3836
block_prefill_stage,1,256,7,gelu,0.0246
block_prefill_stage,1,256,7,fc2,0.9957
block_prefill_stage,1,256,7,residual_ffn,0.0195
block_prefill_stage,1,256,8,ln1,0.0134
block_prefill_stage,1,256,8,qkv_projection,0.3055
block_prefill_stage,1,256,8,make_tables_h2d,0.0222
block_prefill_stage,1,256,8,append_prefill_kv,0.0136
block_prefill_stage,1,256,8,flashattention_prefill_total,0.5490
block_prefill_stage,1,256,8,attn_out_projection,0.2666
block_prefill_stage,1,256,8,residual_attn,0.0196
block_prefill_stage,1,256,8,ln2,0.0139
block_prefill_stage,1,256,8,fc1,0.3961
block_prefill_stage,1,256,8,gelu,0.0251
block_prefill_stage,1,256,8,fc2,0.9992
block_prefill_stage,1,256,8,residual_ffn,0.0217
block_prefill_stage,1,256,9,ln1,0.0151
block_prefill_stage,1,256,9,qkv_projection,0.9155
block_prefill_stage,1,256,9,make_tables_h2d,0.0282
block_prefill_stage,1,256,9,append_prefill_kv,0.0186
block_prefill_stage,1,256,9,flashattention_prefill_total,0.5498
block_prefill_stage,1,256,9,attn_out_projection,0.2592
block_prefill_stage,1,256,9,residual_attn,0.0174
block_prefill_stage,1,256,9,ln2,0.0145
block_prefill_stage,1,256,9,fc1,0.3788
block_prefill_stage,1,256,9,gelu,0.0245
block_prefill_stage,1,256,9,fc2,0.9997
block_prefill_stage,1,256,9,residual_ffn,0.0199
block_prefill_stage,1,256,10,ln1,0.0144
block_prefill_stage,1,256,10,qkv_projection,0.3034
block_prefill_stage,1,256,10,make_tables_h2d,0.0237
block_prefill_stage,1,256,10,append_prefill_kv,0.0162
block_prefill_stage,1,256,10,flashattention_prefill_total,0.5495
block_prefill_stage,1,256,10,attn_out_projection,0.2615
block_prefill_stage,1,256,10,residual_attn,0.0211
block_prefill_stage,1,256,10,ln2,0.0140
block_prefill_stage,1,256,10,fc1,0.3822
block_prefill_stage,1,256,10,gelu,0.0291
block_prefill_stage,1,256,10,fc2,0.9974
block_prefill_stage,1,256,10,residual_ffn,0.0188
block_prefill_stage,1,256,11,ln1,0.0124
block_prefill_stage,1,256,11,qkv_projection,0.3080
block_prefill_stage,1,256,11,make_tables_h2d,0.0244
block_prefill_stage,1,256,11,append_prefill_kv,0.0167
block_prefill_stage,1,256,11,flashattention_prefill_total,0.5485
block_prefill_stage,1,256,11,attn_out_projection,0.2538
block_prefill_stage,1,256,11,residual_attn,0.0195
block_prefill_stage,1,256,11,ln2,0.0119
block_prefill_stage,1,256,11,fc1,0.3813
block_prefill_stage,1,256,11,gelu,0.0244
block_prefill_stage,1,256,11,fc2,0.9890
block_prefill_stage,1,256,11,residual_ffn,0.0131
block_prefill_stage,4,1024,0,ln1,0.0283
block_prefill_stage,4,1024,0,qkv_projection,0.9979
block_prefill_stage,4,1024,0,make_tables_h2d,0.0200
block_prefill_stage,4,1024,0,append_prefill_kv,0.0783
block_prefill_stage,4,1024,0,flashattention_prefill_total,2.1469
block_prefill_stage,4,1024,0,attn_out_projection,0.3751
block_prefill_stage,4,1024,0,residual_attn,0.0465
block_prefill_stage,4,1024,0,ln2,0.0289
block_prefill_stage,4,1024,0,fc1,1.2626
block_prefill_stage,4,1024,0,gelu,0.1221
block_prefill_stage,4,1024,0,fc2,1.4169
block_prefill_stage,4,1024,0,residual_ffn,0.0430
block_prefill_stage,4,1024,1,ln1,0.0294
block_prefill_stage,4,1024,1,qkv_projection,1.0036
block_prefill_stage,4,1024,1,make_tables_h2d,0.0276
block_prefill_stage,4,1024,1,append_prefill_kv,0.0609
block_prefill_stage,4,1024,1,flashattention_prefill_total,2.1440
block_prefill_stage,4,1024,1,attn_out_projection,0.3644
block_prefill_stage,4,1024,1,residual_attn,0.0429
block_prefill_stage,4,1024,1,ln2,0.0283
block_prefill_stage,4,1024,1,fc1,1.2602
block_prefill_stage,4,1024,1,gelu,0.1198
block_prefill_stage,4,1024,1,fc2,1.4269
block_prefill_stage,4,1024,1,residual_ffn,0.0496
block_prefill_stage,4,1024,2,ln1,0.0297
block_prefill_stage,4,1024,2,qkv_projection,1.0003
block_prefill_stage,4,1024,2,make_tables_h2d,0.0266
block_prefill_stage,4,1024,2,append_prefill_kv,0.0637
block_prefill_stage,4,1024,2,flashattention_prefill_total,2.1445
block_prefill_stage,4,1024,2,attn_out_projection,0.3696
block_prefill_stage,4,1024,2,residual_attn,0.0428
block_prefill_stage,4,1024,2,ln2,0.0285
block_prefill_stage,4,1024,2,fc1,1.2590
block_prefill_stage,4,1024,2,gelu,0.1130
block_prefill_stage,4,1024,2,fc2,1.4235
block_prefill_stage,4,1024,2,residual_ffn,0.0425
block_prefill_stage,4,1024,3,ln1,0.0292
block_prefill_stage,4,1024,3,qkv_projection,1.0510
block_prefill_stage,4,1024,3,make_tables_h2d,0.0241
block_prefill_stage,4,1024,3,append_prefill_kv,0.0606
block_prefill_stage,4,1024,3,flashattention_prefill_total,2.3743
block_prefill_stage,4,1024,3,attn_out_projection,0.4077
block_prefill_stage,4,1024,3,residual_attn,0.0500
block_prefill_stage,4,1024,3,ln2,0.0308
block_prefill_stage,4,1024,3,fc1,1.3957
block_prefill_stage,4,1024,3,gelu,0.1186
block_prefill_stage,4,1024,3,fc2,1.5648
block_prefill_stage,4,1024,3,residual_ffn,0.0506
block_prefill_stage,4,1024,4,ln1,0.0324
block_prefill_stage,4,1024,4,qkv_projection,1.0992
block_prefill_stage,4,1024,4,make_tables_h2d,0.0309
block_prefill_stage,4,1024,4,append_prefill_kv,0.1029
block_prefill_stage,4,1024,4,flashattention_prefill_total,2.3835
block_prefill_stage,4,1024,4,attn_out_projection,0.4109
block_prefill_stage,4,1024,4,residual_attn,0.0483
block_prefill_stage,4,1024,4,ln2,0.0312
block_prefill_stage,4,1024,4,fc1,1.4044
block_prefill_stage,4,1024,4,gelu,0.1165
block_prefill_stage,4,1024,4,fc2,1.5698
block_prefill_stage,4,1024,4,residual_ffn,0.0503
block_prefill_stage,4,1024,5,ln1,0.0324
block_prefill_stage,4,1024,5,qkv_projection,1.0926
block_prefill_stage,4,1024,5,make_tables_h2d,0.0311
block_prefill_stage,4,1024,5,append_prefill_kv,0.0657
block_prefill_stage,4,1024,5,flashattention_prefill_total,2.3807
block_prefill_stage,4,1024,5,attn_out_projection,0.4084
block_prefill_stage,4,1024,5,residual_attn,0.0482
block_prefill_stage,4,1024,5,ln2,0.0302
block_prefill_stage,4,1024,5,fc1,1.3927
block_prefill_stage,4,1024,5,gelu,0.1197
block_prefill_stage,4,1024,5,fc2,1.5648
block_prefill_stage,4,1024,5,residual_ffn,0.0510
block_prefill_stage,4,1024,6,ln1,0.0321
block_prefill_stage,4,1024,6,qkv_projection,1.1008
block_prefill_stage,4,1024,6,make_tables_h2d,0.0317
block_prefill_stage,4,1024,6,append_prefill_kv,0.0663
block_prefill_stage,4,1024,6,flashattention_prefill_total,2.3829
block_prefill_stage,4,1024,6,attn_out_projection,0.4507
block_prefill_stage,4,1024,6,residual_attn,0.0488
block_prefill_stage,4,1024,6,ln2,0.0391
block_prefill_stage,4,1024,6,fc1,1.5251
block_prefill_stage,4,1024,6,gelu,0.1218
block_prefill_stage,4,1024,6,fc2,2.6784
block_prefill_stage,4,1024,6,residual_ffn,0.0516
block_prefill_stage,4,1024,7,ln1,0.0325
block_prefill_stage,4,1024,7,qkv_projection,1.2099
block_prefill_stage,4,1024,7,make_tables_h2d,0.0304
block_prefill_stage,4,1024,7,append_prefill_kv,0.0652
block_prefill_stage,4,1024,7,flashattention_prefill_total,2.6190
block_prefill_stage,4,1024,7,attn_out_projection,0.4484
block_prefill_stage,4,1024,7,residual_attn,0.0772
block_prefill_stage,4,1024,7,ln2,0.0330
block_prefill_stage,4,1024,7,fc1,1.5277
block_prefill_stage,4,1024,7,gelu,0.1197
block_prefill_stage,4,1024,7,fc2,1.7055
block_prefill_stage,4,1024,7,residual_ffn,0.0458
block_prefill_stage,4,1024,8,ln1,0.0295
block_prefill_stage,4,1024,8,qkv_projection,1.1968
block_prefill_stage,4,1024,8,make_tables_h2d,0.0238
block_prefill_stage,4,1024,8,append_prefill_kv,0.0601
block_prefill_stage,4,1024,8,flashattention_prefill_total,2.5943
block_prefill_stage,4,1024,8,attn_out_projection,0.4356
block_prefill_stage,4,1024,8,residual_attn,0.0427
block_prefill_stage,4,1024,8,ln2,0.0289
block_prefill_stage,4,1024,8,fc1,1.5150
block_prefill_stage,4,1024,8,gelu,0.1104
block_prefill_stage,4,1024,8,fc2,1.7000
block_prefill_stage,4,1024,8,residual_ffn,0.0421
block_prefill_stage,4,1024,9,ln1,0.0295
block_prefill_stage,4,1024,9,qkv_projection,1.2104
block_prefill_stage,4,1024,9,make_tables_h2d,0.0199
block_prefill_stage,4,1024,9,append_prefill_kv,0.0582
block_prefill_stage,4,1024,9,flashattention_prefill_total,2.5911
block_prefill_stage,4,1024,9,attn_out_projection,0.4388
block_prefill_stage,4,1024,9,residual_attn,0.0428
block_prefill_stage,4,1024,9,ln2,0.0286
block_prefill_stage,4,1024,9,fc1,1.5280
block_prefill_stage,4,1024,9,gelu,0.1094
block_prefill_stage,4,1024,9,fc2,1.7003
block_prefill_stage,4,1024,9,residual_ffn,0.0413
block_prefill_stage,4,1024,10,ln1,0.0289
block_prefill_stage,4,1024,10,qkv_projection,1.2036
block_prefill_stage,4,1024,10,make_tables_h2d,0.0179
block_prefill_stage,4,1024,10,append_prefill_kv,0.0590
block_prefill_stage,4,1024,10,flashattention_prefill_total,2.5923
block_prefill_stage,4,1024,10,attn_out_projection,0.4335
block_prefill_stage,4,1024,10,residual_attn,0.0425
block_prefill_stage,4,1024,10,ln2,0.0287
block_prefill_stage,4,1024,10,fc1,1.5143
block_prefill_stage,4,1024,10,gelu,0.1089
block_prefill_stage,4,1024,10,fc2,1.7076
block_prefill_stage,4,1024,10,residual_ffn,0.0442
block_prefill_stage,4,1024,11,ln1,0.0287
block_prefill_stage,4,1024,11,qkv_projection,1.1954
block_prefill_stage,4,1024,11,make_tables_h2d,0.0306
block_prefill_stage,4,1024,11,append_prefill_kv,0.0662
block_prefill_stage,4,1024,11,flashattention_prefill_total,2.6042
block_prefill_stage,4,1024,11,attn_out_projection,0.4435
block_prefill_stage,4,1024,11,residual_attn,0.0451
block_prefill_stage,4,1024,11,ln2,0.0291
block_prefill_stage,4,1024,11,fc1,1.5206
block_prefill_stage,4,1024,11,gelu,0.1119
block_prefill_stage,4,1024,11,fc2,1.6940
block_prefill_stage,4,1024,11,residual_ffn,0.0428
block_prefill_stage,1,256,0,ln1,0.0130
block_prefill_stage,1,256,0,qkv_projection,0.3653
block_prefill_stage,1,256,0,make_tables_h2d,0.0160
block_prefill_stage,1,256,0,append_prefill_kv,0.0134
block_prefill_stage,1,256,0,flashattention_prefill_total,0.6534
block_prefill_stage,1,256,0,attn_out_projection,0.2923
block_prefill_stage,1,256,0,residual_attn,0.0140
block_prefill_stage,1,256,0,ln2,0.0135
block_prefill_stage,1,256,0,fc1,0.4538
block_prefill_stage,1,256,0,gelu,0.0201
block_prefill_stage,1,256,0,fc2,1.1546
block_prefill_stage,1,256,0,residual_ffn,0.0137
block_prefill_stage,1,256,1,ln1,0.0129
block_prefill_stage,1,256,1,qkv_projection,0.3545
block_prefill_stage,1,256,1,make_tables_h2d,0.0157
block_prefill_stage,1,256,1,append_prefill_kv,0.0125
block_prefill_stage,1,256,1,flashattention_prefill_total,0.6567
block_prefill_stage,1,256,1,attn_out_projection,0.2898
block_prefill_stage,1,256,1,residual_attn,0.0135
block_prefill_stage,1,256,1,ln2,0.0126
block_prefill_stage,1,256,1,fc1,0.4513
block_prefill_stage,1,256,1,gelu,0.0224
block_prefill_stage,1,256,1,fc2,1.4131
block_prefill_stage,1,256,1,residual_ffn,0.0169
block_prefill_stage,1,256,2,ln1,0.0137
block_prefill_stage,1,256,2,qkv_projection,0.3602
block_prefill_stage,1,256,2,make_tables_h2d,0.0188
block_prefill_stage,1,256,2,append_prefill_kv,0.0120
block_prefill_stage,1,256,2,flashattention_prefill_total,0.6533
block_prefill_stage,1,256,2,attn_out_projection,0.2908
block_prefill_stage,1,256,2,residual_attn,0.0136
block_prefill_stage,1,256,2,ln2,0.0132
block_prefill_stage,1,256,2,fc1,0.4474
block_prefill_stage,1,256,2,gelu,0.0200
block_prefill_stage,1,256,2,fc2,1.1497
block_prefill_stage,1,256,2,residual_ffn,0.0116
block_prefill_stage,1,256,3,ln1,0.0128
block_prefill_stage,1,256,3,qkv_projection,0.3559
block_prefill_stage,1,256,3,make_tables_h2d,0.0144
block_prefill_stage,1,256,3,append_prefill_kv,0.0117
block_prefill_stage,1,256,3,flashattention_prefill_total,0.6556
block_prefill_stage,1,256,3,attn_out_projection,0.2954
block_prefill_stage,1,256,3,residual_attn,0.0135
block_prefill_stage,1,256,3,ln2,0.0130
block_prefill_stage,1,256,3,fc1,0.4490
block_prefill_stage,1,256,3,gelu,0.0269
block_prefill_stage,1,256,3,fc2,1.1552
block_prefill_stage,1,256,3,residual_ffn,0.1724
block_prefill_stage,1,256,4,ln1,0.0814
block_prefill_stage,1,256,4,qkv_projection,0.3609
block_prefill_stage,1,256,4,make_tables_h2d,0.0246
block_prefill_stage,1,256,4,append_prefill_kv,0.0171
block_prefill_stage,1,256,4,flashattention_prefill_total,0.6929
block_prefill_stage,1,256,4,attn_out_projection,0.2903
block_prefill_stage,1,256,4,residual_attn,0.0132
block_prefill_stage,1,256,4,ln2,0.0148
block_prefill_stage,1,256,4,fc1,0.4477
block_prefill_stage,1,256,4,gelu,0.0191
block_prefill_stage,1,256,4,fc2,1.1527
block_prefill_stage,1,256,4,residual_ffn,0.0136
block_prefill_stage,1,256,5,ln1,0.0130
block_prefill_stage,1,256,5,qkv_projection,0.3568
block_prefill_stage,1,256,5,make_tables_h2d,0.0174
block_prefill_stage,1,256,5,append_prefill_kv,0.0124
block_prefill_stage,1,256,5,flashattention_prefill_total,0.6531
block_prefill_stage,1,256,5,attn_out_projection,0.2914
block_prefill_stage,1,256,5,residual_attn,0.0127
block_prefill_stage,1,256,5,ln2,0.0132
block_prefill_stage,1,256,5,fc1,0.4491
block_prefill_stage,1,256,5,gelu,0.0190
block_prefill_stage,1,256,5,fc2,1.1515
block_prefill_stage,1,256,5,residual_ffn,0.0130
block_prefill_stage,1,256,6,ln1,0.0132
block_prefill_stage,1,256,6,qkv_projection,0.3625
block_prefill_stage,1,256,6,make_tables_h2d,0.0159
block_prefill_stage,1,256,6,append_prefill_kv,0.0126
block_prefill_stage,1,256,6,flashattention_prefill_total,0.6544
block_prefill_stage,1,256,6,attn_out_projection,0.2899
block_prefill_stage,1,256,6,residual_attn,0.0128
block_prefill_stage,1,256,6,ln2,0.0123
block_prefill_stage,1,256,6,fc1,0.4420
block_prefill_stage,1,256,6,gelu,0.0277
block_prefill_stage,1,256,6,fc2,1.1151
block_prefill_stage,1,256,6,residual_ffn,0.0176
block_prefill_stage,1,256,7,ln1,0.0132
block_prefill_stage,1,256,7,qkv_projection,0.3408
block_prefill_stage,1,256,7,make_tables_h2d,0.0191
block_prefill_stage,1,256,7,append_prefill_kv,0.0119
block_prefill_stage,1,256,7,flashattention_prefill_total,0.6243
block_prefill_stage,1,256,7,attn_out_projection,0.2790
block_prefill_stage,1,256,7,residual_attn,0.0195
block_prefill_stage,1,256,7,ln2,0.0141
block_prefill_stage,1,256,7,fc1,0.4325
block_prefill_stage,1,256,7,gelu,0.0244
block_prefill_stage,1,256,7,fc2,1.1084
block_prefill_stage,1,256,7,residual_ffn,0.0130
block_prefill_stage,1,256,8,ln1,0.0131
block_prefill_stage,1,256,8,qkv_projection,0.3969
block_prefill_stage,1,256,8,make_tables_h2d,0.0238
block_prefill_stage,1,256,8,append_prefill_kv,0.0180
block_prefill_stage,1,256,8,flashattention_prefill_total,0.6267
block_prefill_stage,1,256,8,attn_out_projection,0.2836
block_prefill_stage,1,256,8,residual_attn,0.0149
block_prefill_stage,1,256,8,ln2,0.0132
block_prefill_stage,1,256,8,fc1,0.4254
block_prefill_stage,1,256,8,gelu,0.0222
block_prefill_stage,1,256,8,fc2,1.1101
block_prefill_stage,1,256,8,residual_ffn,0.0186
block_prefill_stage,1,256,9,ln1,0.0165
block_prefill_stage,1,256,9,qkv_projection,0.3445
block_prefill_stage,1,256,9,make_tables_h2d,0.0249
block_prefill_stage,1,256,9,append_prefill_kv,0.0179
block_prefill_stage,1,256,9,flashattention_prefill_total,0.6285
block_prefill_stage,1,256,9,attn_out_projection,0.2816
block_prefill_stage,1,256,9,residual_attn,0.0172
block_prefill_stage,1,256,9,ln2,0.0155
block_prefill_stage,1,256,9,fc1,0.4330
block_prefill_stage,1,256,9,gelu,0.0275
block_prefill_stage,1,256,9,fc2,1.1036
block_prefill_stage,1,256,9,residual_ffn,0.0158
block_prefill_stage,1,256,10,ln1,0.0140
block_prefill_stage,1,256,10,qkv_projection,0.3331
block_prefill_stage,1,256,10,make_tables_h2d,0.0218
block_prefill_stage,1,256,10,append_prefill_kv,0.0147
block_prefill_stage,1,256,10,flashattention_prefill_total,0.5859
block_prefill_stage,1,256,10,attn_out_projection,0.2663
block_prefill_stage,1,256,10,residual_attn,0.0126
block_prefill_stage,1,256,10,ln2,0.0368
block_prefill_stage,1,256,10,fc1,0.4038
block_prefill_stage,1,256,10,gelu,0.0255
block_prefill_stage,1,256,10,fc2,1.0553
block_prefill_stage,1,256,10,residual_ffn,0.0244
block_prefill_stage,1,256,11,ln1,0.0132
block_prefill_stage,1,256,11,qkv_projection,0.3275
block_prefill_stage,1,256,11,make_tables_h2d,0.0193
block_prefill_stage,1,256,11,append_prefill_kv,0.0111
block_prefill_stage,1,256,11,flashattention_prefill_total,0.5885
block_prefill_stage,1,256,11,attn_out_projection,0.2762
block_prefill_stage,1,256,11,residual_attn,0.0159
block_prefill_stage,1,256,11,ln2,0.0132
block_prefill_stage,1,256,11,fc1,0.4036
block_prefill_stage,1,256,11,gelu,0.0224
block_prefill_stage,1,256,11,fc2,1.0597
block_prefill_stage,1,256,11,residual_ffn,0.0185
block_prefill_stage,1,256,0,ln1,0.0125
block_prefill_stage,1,256,0,qkv_projection,0.3285
block_prefill_stage,1,256,0,make_tables_h2d,0.0163
block_prefill_stage,1,256,0,append_prefill_kv,0.0126
block_prefill_stage,1,256,0,flashattention_prefill_total,0.5864
block_prefill_stage,1,256,0,attn_out_projection,0.2675
block_prefill_stage,1,256,0,residual_attn,0.0140
block_prefill_stage,1,256,0,ln2,0.0122
block_prefill_stage,1,256,0,fc1,0.4059
block_prefill_stage,1,256,0,gelu,0.0187
block_prefill_stage,1,256,0,fc2,1.0551
block_prefill_stage,1,256,0,residual_ffn,0.0127
block_prefill_stage,1,256,1,ln1,0.0123
block_prefill_stage,1,256,1,qkv_projection,0.3300
block_prefill_stage,1,256,1,make_tables_h2d,0.0149
block_prefill_stage,1,256,1,append_prefill_kv,0.0269
block_prefill_stage,1,256,1,flashattention_prefill_total,0.5883
block_prefill_stage,1,256,1,attn_out_projection,0.2664
block_prefill_stage,1,256,1,residual_attn,0.0123
block_prefill_stage,1,256,1,ln2,0.0116
block_prefill_stage,1,256,1,fc1,0.4078
block_prefill_stage,1,256,1,gelu,0.0199
block_prefill_stage,1,256,1,fc2,1.0529
block_prefill_stage,1,256,1,residual_ffn,0.0118
block_prefill_stage,1,256,2,ln1,0.0120
block_prefill_stage,1,256,2,qkv_projection,0.3245
block_prefill_stage,1,256,2,make_tables_h2d,0.0148
block_prefill_stage,1,256,2,append_prefill_kv,0.0112
block_prefill_stage,1,256,2,flashattention_prefill_total,0.5851
block_prefill_stage,1,256,2,attn_out_projection,0.2670
block_prefill_stage,1,256,2,residual_attn,0.0127
block_prefill_stage,1,256,2,ln2,0.0118
block_prefill_stage,1,256,2,fc1,0.4047
block_prefill_stage,1,256,2,gelu,0.0190
block_prefill_stage,1,256,2,fc2,1.0579
block_prefill_stage,1,256,2,residual_ffn,0.0261
block_prefill_stage,1,256,3,ln1,0.0130
block_prefill_stage,1,256,3,qkv_projection,0.3252
block_prefill_stage,1,256,3,make_tables_h2d,0.0280
block_prefill_stage,1,256,3,append_prefill_kv,0.0152
block_prefill_stage,1,256,3,flashattention_prefill_total,0.5889
block_prefill_stage,1,256,3,attn_out_projection,0.2747
block_prefill_stage,1,256,3,residual_attn,0.0176
block_prefill_stage,1,256,3,ln2,0.0129
block_prefill_stage,1,256,3,fc1,0.4011
block_prefill_stage,1,256,3,gelu,0.0185
block_prefill_stage,1,256,3,fc2,1.0547
block_prefill_stage,1,256,3,residual_ffn,0.1705
block_prefill_stage,1,256,4,ln1,0.0231
block_prefill_stage,1,256,4,qkv_projection,0.3207
block_prefill_stage,1,256,4,make_tables_h2d,0.0218
block_prefill_stage,1,256,4,append_prefill_kv,0.0178
block_prefill_stage,1,256,4,flashattention_prefill_total,0.7955
block_prefill_stage,1,256,4,attn_out_projection,0.2703
block_prefill_stage,1,256,4,residual_attn,0.0332
block_prefill_stage,1,256,4,ln2,0.0126
block_prefill_stage,1,256,4,fc1,0.3929
block_prefill_stage,1,256,4,gelu,0.0232
block_prefill_stage,1,256,4,fc2,1.0305
block_prefill_stage,1,256,4,residual_ffn,0.0145
block_prefill_stage,1,256,5,ln1,0.0122
block_prefill_stage,1,256,5,qkv_projection,0.3164
block_prefill_stage,1,256,5,make_tables_h2d,0.0229
block_prefill_stage,1,256,5,append_prefill_kv,0.0117
block_prefill_stage,1,256,5,flashattention_prefill_total,0.5675
block_prefill_stage,1,256,5,attn_out_projection,0.2589
block_prefill_stage,1,256,5,residual_attn,0.0122
block_prefill_stage,1,256,5,ln2,0.0119
block_prefill_stage,1,256,5,fc1,0.3930
block_prefill_stage,1,256,5,gelu,0.0182
block_prefill_stage,1,256,5,fc2,1.0264
block_prefill_stage,1,256,5,residual_ffn,0.0156
block_prefill_stage,1,256,6,ln1,0.0133
block_prefill_stage,1,256,6,qkv_projection,0.3196
block_prefill_stage,1,256,6,make_tables_h2d,0.0227
block_prefill_stage,1,256,6,append_prefill_kv,0.0161
block_prefill_stage,1,256,6,flashattention_prefill_total,0.6752
block_prefill_stage,1,256,6,attn_out_projection,0.2844
block_prefill_stage,1,256,6,residual_attn,0.0192
block_prefill_stage,1,256,6,ln2,0.0153
block_prefill_stage,1,256,6,fc1,0.3973
block_prefill_stage,1,256,6,gelu,0.0218
block_prefill_stage,1,256,6,fc2,1.0322
block_prefill_stage,1,256,6,residual_ffn,0.0223
block_prefill_stage,1,256,7,ln1,0.0148
block_prefill_stage,1,256,7,qkv_projection,0.3213
block_prefill_stage,1,256,7,make_tables_h2d,0.0219
block_prefill_stage,1,256,7,append_prefill_kv,0.0178
block_prefill_stage,1,256,7,flashattention_prefill_total,0.5691
block_prefill_stage,1,256,7,attn_out_projection,0.2610
block_prefill_stage,1,256,7,residual_attn,0.0177
block_prefill_stage,1,256,7,ln2,0.0138
block_prefill_stage,1,256,7,fc1,0.3971
block_prefill_stage,1,256,7,gelu,0.0239
block_prefill_stage,1,256,7,fc2,1.0269
block_prefill_stage,1,256,7,residual_ffn,0.0139
block_prefill_stage,1,256,8,ln1,0.0128
block_prefill_stage,1,256,8,qkv_projection,0.3136
block_prefill_stage,1,256,8,make_tables_h2d,0.0181
block_prefill_stage,1,256,8,append_prefill_kv,0.0112
block_prefill_stage,1,256,8,flashattention_prefill_total,0.5678
block_prefill_stage,1,256,8,attn_out_projection,0.2633
block_prefill_stage,1,256,8,residual_attn,0.0130
block_prefill_stage,1,256,8,ln2,0.0118
block_prefill_stage,1,256,8,fc1,0.3891
block_prefill_stage,1,256,8,gelu,0.0201
block_prefill_stage,1,256,8,fc2,1.0307
block_prefill_stage,1,256,8,residual_ffn,0.0127
block_prefill_stage,1,256,9,ln1,0.0129
block_prefill_stage,1,256,9,qkv_projection,0.3126
block_prefill_stage,1,256,9,make_tables_h2d,0.0157
block_prefill_stage,1,256,9,append_prefill_kv,0.0110
block_prefill_stage,1,256,9,flashattention_prefill_total,0.5692
block_prefill_stage,1,256,9,attn_out_projection,0.2600
block_prefill_stage,1,256,9,residual_attn,0.0129
block_prefill_stage,1,256,9,ln2,0.0129
block_prefill_stage,1,256,9,fc1,0.3901
block_prefill_stage,1,256,9,gelu,0.0184
block_prefill_stage,1,256,9,fc2,1.0260
block_prefill_stage,1,256,9,residual_ffn,0.0115
block_prefill_stage,1,256,10,ln1,0.0121
block_prefill_stage,1,256,10,qkv_projection,0.3087
block_prefill_stage,1,256,10,make_tables_h2d,0.0149
block_prefill_stage,1,256,10,append_prefill_kv,0.0109
block_prefill_stage,1,256,10,flashattention_prefill_total,0.5665
block_prefill_stage,1,256,10,attn_out_projection,0.2599
block_prefill_stage,1,256,10,residual_attn,0.0121
block_prefill_stage,1,256,10,ln2,0.0118
block_prefill_stage,1,256,10,fc1,0.3917
block_prefill_stage,1,256,10,gelu,0.0182
block_prefill_stage,1,256,10,fc2,1.0311
block_prefill_stage,1,256,10,residual_ffn,0.0135
block_prefill_stage,1,256,11,ln1,0.0117
block_prefill_stage,1,256,11,qkv_projection,0.3208
block_prefill_stage,1,256,11,make_tables_h2d,0.0151
block_prefill_stage,1,256,11,append_prefill_kv,0.0114
block_prefill_stage,1,256,11,flashattention_prefill_total,0.5648
block_prefill_stage,1,256,11,attn_out_projection,0.2590
block_prefill_stage,1,256,11,residual_attn,0.0185
block_prefill_stage,1,256,11,ln2,0.0137
block_prefill_stage,1,256,11,fc1,0.3890
block_prefill_stage,1,256,11,gelu,0.0219
block_prefill_stage,1,256,11,fc2,1.0094
block_prefill_stage,1,256,11,residual_ffn,0.0130
block_prefill_stage,1,256,0,ln1,0.0115
block_prefill_stage,1,256,0,qkv_projection,0.3031
block_prefill_stage,1,256,0,make_tables_h2d,0.0146
block_prefill_stage,1,256,0,append_prefill_kv,0.0111
block_prefill_stage,1,256,0,flashattention_prefill_total,0.5566
block_prefill_stage,1,256,0,attn_out_projection,0.2541
block_prefill_stage,1,256,0,residual_attn,0.0122
block_prefill_stage,1,256,0,ln2,0.0116
block_prefill_stage,1,256,0,fc1,0.3829
block_prefill_stage,1,256,0,gelu,0.0185
block_prefill_stage,1,256,0,fc2,1.0143
block_prefill_stage,1,256,0,residual_ffn,0.0204
block_prefill_stage,1,256,1,ln1,0.0146
block_prefill_stage,1,256,1,qkv_projection,0.3112
block_prefill_stage,1,256,1,make_tables_h2d,0.0195
block_prefill_stage,1,256,1,append_prefill_kv,0.0125
block_prefill_stage,1,256,1,flashattention_prefill_total,0.5563
block_prefill_stage,1,256,1,attn_out_projection,0.2568
block_prefill_stage,1,256,1,residual_attn,0.0178
block_prefill_stage,1,256,1,ln2,0.0136
block_prefill_stage,1,256,1,fc1,0.3932
block_prefill_stage,1,256,1,gelu,0.0245
block_prefill_stage,1,256,1,fc2,1.0133
block_prefill_stage,1,256,1,residual_ffn,0.0214
block_prefill_stage,1,256,2,ln1,0.0145
block_prefill_stage,1,256,2,qkv_projection,0.3089
block_prefill_stage,1,256,2,make_tables_h2d,0.0225
block_prefill_stage,1,256,2,append_prefill_kv,0.0153
block_prefill_stage,1,256,2,flashattention_prefill_total,0.5606
block_prefill_stage,1,256,2,attn_out_projection,0.2917
block_prefill_stage,1,256,2,residual_attn,0.0210
block_prefill_stage,1,256,2,ln2,0.0140
block_prefill_stage,1,256,2,fc1,0.3880
block_prefill_stage,1,256,2,gelu,0.0242
block_prefill_stage,1,256,2,fc2,1.0150
block_prefill_stage,1,256,2,residual_ffn,0.0203
block_prefill_stage,1,256,3,ln1,0.0143
block_prefill_stage,1,256,3,qkv_projection,0.3095
block_prefill_stage,1,256,3,make_tables_h2d,0.0214
block_prefill_stage,1,256,3,append_prefill_kv,0.0143
block_prefill_stage,1,256,3,flashattention_prefill_total,0.5572
block_prefill_stage,1,256,3,attn_out_projection,0.2554
block_prefill_stage,1,256,3,residual_attn,0.0138
block_prefill_stage,1,256,3,ln2,0.0123
block_prefill_stage,1,256,3,fc1,0.3823
block_prefill_stage,1,256,3,gelu,0.0183
block_prefill_stage,1,256,3,fc2,1.0148
block_prefill_stage,1,256,3,residual_ffn,0.0132
block_prefill_stage,1,256,4,ln1,0.0126
block_prefill_stage,1,256,4,qkv_projection,0.3094
block_prefill_stage,1,256,4,make_tables_h2d,0.0166
block_prefill_stage,1,256,4,append_prefill_kv,0.0104
block_prefill_stage,1,256,4,flashattention_prefill_total,0.5574
block_prefill_stage,1,256,4,attn_out_projection,0.2556
block_prefill_stage,1,256,4,residual_attn,0.0126
block_prefill_stage,1,256,4,ln2,0.0121
block_prefill_stage,1,256,4,fc1,0.3807
block_prefill_stage,1,256,4,gelu,0.0198
block_prefill_stage,1,256,4,fc2,1.0196
block_prefill_stage,1,256,4,residual_ffn,0.0132
block_prefill_stage,1,256,5,ln1,0.0115
block_prefill_stage,1,256,5,qkv_projection,0.3048
block_prefill_stage,1,256,5,make_tables_h2d,0.0167
block_prefill_stage,1,256,5,append_prefill_kv,0.0109
block_prefill_stage,1,256,5,flashattention_prefill_total,0.5553
block_prefill_stage,1,256,5,attn_out_projection,0.2552
block_prefill_stage,1,256,5,residual_attn,0.0120
block_prefill_stage,1,256,5,ln2,0.0116
block_prefill_stage,1,256,5,fc1,0.3826
block_prefill_stage,1,256,5,gelu,0.0182
block_prefill_stage,1,256,5,fc2,1.0080
block_prefill_stage,1,256,5,residual_ffn,0.0128
block_prefill_stage,1,256,6,ln1,0.0120
block_prefill_stage,1,256,6,qkv_projection,0.3056
block_prefill_stage,1,256,6,make_tables_h2d,0.0153
block_prefill_stage,1,256,6,append_prefill_kv,0.0122
block_prefill_stage,1,256,6,flashattention_prefill_total,0.5546
block_prefill_stage,1,256,6,attn_out_projection,0.2550
block_prefill_stage,1,256,6,residual_attn,0.0123
block_prefill_stage,1,256,6,ln2,0.0144
block_prefill_stage,1,256,6,fc1,0.3869
block_prefill_stage,1,256,6,gelu,0.0247
block_prefill_stage,1,256,6,fc2,1.0159
block_prefill_stage,1,256,6,residual_ffn,0.0213
block_prefill_stage,1,256,7,ln1,0.0146
block_prefill_stage,1,256,7,qkv_projection,0.3108
block_prefill_stage,1,256,7,make_tables_h2d,0.0264
block_prefill_stage,1,256,7,append_prefill_kv,0.0183
block_prefill_stage,1,256,7,flashattention_prefill_total,0.5593
block_prefill_stage,1,256,7,attn_out_projection,0.2734
block_prefill_stage,1,256,7,residual_attn,0.0215
block_prefill_stage,1,256,7,ln2,0.0143
block_prefill_stage,1,256,7,fc1,0.3883
block_prefill_stage,1,256,7,gelu,0.0228
block_prefill_stage,1,256,7,fc2,1.0103
block_prefill_stage,1,256,7,residual_ffn,0.0131
block_prefill_stage,1,256,8,ln1,0.0125
block_prefill_stage,1,256,8,qkv_projection,0.3033
block_prefill_stage,1,256,8,make_tables_h2d,0.0187
block_prefill_stage,1,256,8,append_prefill_kv,0.0111
block_prefill_stage,1,256,8,flashattention_prefill_total,0.5561
block_prefill_stage,1,256,8,attn_out_projection,0.2560
block_prefill_stage,1,256,8,residual_attn,0.0126
block_prefill_stage,1,256,8,ln2,0.0118
block_prefill_stage,1,256,8,fc1,0.3967
block_prefill_stage,1,256,8,gelu,0.0205
block_prefill_stage,1,256,8,fc2,1.0144
block_prefill_stage,1,256,8,residual_ffn,0.0184
block_prefill_stage,1,256,9,ln1,0.0130
block_prefill_stage,1,256,9,qkv_projection,0.3082
block_prefill_stage,1,256,9,make_tables_h2d,0.0197
block_prefill_stage,1,256,9,append_prefill_kv,0.0116
block_prefill_stage,1,256,9,flashattention_prefill_total,0.6069
block_prefill_stage,1,256,9,attn_out_projection,0.2648
block_prefill_stage,1,256,9,residual_attn,0.0209
block_prefill_stage,1,256,9,ln2,0.0160
block_prefill_stage,1,256,9,fc1,0.3854
block_prefill_stage,1,256,9,gelu,0.0208
block_prefill_stage,1,256,9,fc2,1.0130
block_prefill_stage,1,256,9,residual_ffn,0.0134
block_prefill_stage,1,256,10,ln1,0.0121
block_prefill_stage,1,256,10,qkv_projection,0.3098
block_prefill_stage,1,256,10,make_tables_h2d,0.0211
block_prefill_stage,1,256,10,append_prefill_kv,0.0129
block_prefill_stage,1,256,10,flashattention_prefill_total,0.5547
block_prefill_stage,1,256,10,attn_out_projection,0.2534
block_prefill_stage,1,256,10,residual_attn,0.0121
block_prefill_stage,1,256,10,ln2,0.0118
block_prefill_stage,1,256,10,fc1,0.3812
block_prefill_stage,1,256,10,gelu,0.0200
block_prefill_stage,1,256,10,fc2,1.0106
block_prefill_stage,1,256,10,residual_ffn,0.0130
block_prefill_stage,1,256,11,ln1,0.0115
block_prefill_stage,1,256,11,qkv_projection,0.3049
block_prefill_stage,1,256,11,make_tables_h2d,0.0157
block_prefill_stage,1,256,11,append_prefill_kv,0.0106
block_prefill_stage,1,256,11,flashattention_prefill_total,0.5561
block_prefill_stage,1,256,11,attn_out_projection,0.2548
block_prefill_stage,1,256,11,residual_attn,0.0124
block_prefill_stage,1,256,11,ln2,0.0115
block_prefill_stage,1,256,11,fc1,0.3829
block_prefill_stage,1,256,11,gelu,0.0180
block_prefill_stage,1,256,11,fc2,1.0130
block_prefill_stage,1,256,11,residual_ffn,0.0123
block_prefill_stage,1,256,0,ln1,0.0115
block_prefill_stage,1,256,0,qkv_projection,0.3070
block_prefill_stage,1,256,0,make_tables_h2d,0.0138
block_prefill_stage,1,256,0,append_prefill_kv,0.0107
block_prefill_stage,1,256,0,flashattention_prefill_total,0.5557
block_prefill_stage,1,256,0,attn_out_projection,0.2545
block_prefill_stage,1,256,0,residual_attn,0.0127
block_prefill_stage,1,256,0,ln2,0.0116
block_prefill_stage,1,256,0,fc1,0.3828
block_prefill_stage,1,256,0,gelu,0.0181
block_prefill_stage,1,256,0,fc2,1.0130
block_prefill_stage,1,256,0,residual_ffn,0.0119
block_prefill_stage,1,256,1,ln1,0.0116
block_prefill_stage,1,256,1,qkv_projection,0.3084
block_prefill_stage,1,256,1,make_tables_h2d,0.0143
block_prefill_stage,1,256,1,append_prefill_kv,0.0128
block_prefill_stage,1,256,1,flashattention_prefill_total,0.5530
block_prefill_stage,1,256,1,attn_out_projection,0.2523
block_prefill_stage,1,256,1,residual_attn,0.0127
block_prefill_stage,1,256,1,ln2,0.0116
block_prefill_stage,1,256,1,fc1,0.3764
block_prefill_stage,1,256,1,gelu,0.0178
block_prefill_stage,1,256,1,fc2,1.0057
block_prefill_stage,1,256,1,residual_ffn,0.0184
block_prefill_stage,1,256,2,ln1,0.0124
block_prefill_stage,1,256,2,qkv_projection,0.3025
block_prefill_stage,1,256,2,make_tables_h2d,0.0179
block_prefill_stage,1,256,2,append_prefill_kv,0.0112
block_prefill_stage,1,256,2,flashattention_prefill_total,0.5513
block_prefill_stage,1,256,2,attn_out_projection,0.2513
block_prefill_stage,1,256,2,residual_attn,0.0125
block_prefill_stage,1,256,2,ln2,0.0280
block_prefill_stage,1,256,2,fc1,0.3768
block_prefill_stage,1,256,2,gelu,0.0193
block_prefill_stage,1,256,2,fc2,1.0012
block_prefill_stage,1,256,2,residual_ffn,0.0113
block_prefill_stage,1,256,3,ln1,0.0119
block_prefill_stage,1,256,3,qkv_projection,0.3038
block_prefill_stage,1,256,3,make_tables_h2d,0.0145
block_prefill_stage,1,256,3,append_prefill_kv,0.0106
block_prefill_stage,1,256,3,flashattention_prefill_total,0.5510
block_prefill_stage,1,256,3,attn_out_projection,0.2519
block_prefill_stage,1,256,3,residual_attn,0.0121
block_prefill_stage,1,256,3,ln2,0.0117
block_prefill_stage,1,256,3,fc1,0.3806
block_prefill_stage,1,256,3,gelu,0.0178
block_prefill_stage,1,256,3,fc2,1.0054
block_prefill_stage,1,256,3,residual_ffn,0.0181
block_prefill_stage,1,256,4,ln1,0.0124
block_prefill_stage,1,256,4,qkv_projection,0.3069
block_prefill_stage,1,256,4,make_tables_h2d,0.0195
block_prefill_stage,1,256,4,append_prefill_kv,0.0114
block_prefill_stage,1,256,4,flashattention_prefill_total,0.5518
block_prefill_stage,1,256,4,attn_out_projection,0.2620
block_prefill_stage,1,256,4,residual_attn,0.0203
block_prefill_stage,1,256,4,ln2,0.0144
block_prefill_stage,1,256,4,fc1,0.3790
block_prefill_stage,1,256,4,gelu,0.0222
block_prefill_stage,1,256,4,fc2,1.0009
block_prefill_stage,1,256,4,residual_ffn,0.0134
block_prefill_stage,1,256,5,ln1,0.0117
block_prefill_stage,1,256,5,qkv_projection,0.3065
block_prefill_stage,1,256,5,make_tables_h2d,0.0188
block_prefill_stage,1,256,5,append_prefill_kv,0.0108
block_prefill_stage,1,256,5,flashattention_prefill_total,0.5520
block_prefill_stage,1,256,5,attn_out_projection,0.2525
block_prefill_stage,1,256,5,residual_attn,0.0122
block_prefill_stage,1,256,5,ln2,0.0114
block_prefill_stage,1,256,5,fc1,0.3803
block_prefill_stage,1,256,5,gelu,0.0198
block_prefill_stage,1,256,5,fc2,1.0056
block_prefill_stage,1,256,5,residual_ffn,0.0128
block_prefill_stage,1,256,6,ln1,0.0116
block_prefill_stage,1,256,6,qkv_projection,0.3067
block_prefill_stage,1,256,6,make_tables_h2d,0.0153
block_prefill_stage,1,256,6,append_prefill_kv,0.0274
block_prefill_stage,1,256,6,flashattention_prefill_total,0.5512
block_prefill_stage,1,256,6,attn_out_projection,0.2543
block_prefill_stage,1,256,6,residual_attn,0.0153
block_prefill_stage,1,256,6,ln2,0.0125
block_prefill_stage,1,256,6,fc1,0.3827
block_prefill_stage,1,256,6,gelu,0.0181
block_prefill_stage,1,256,6,fc2,1.0034
block_prefill_stage,1,256,6,residual_ffn,0.0133
block_prefill_stage,1,256,7,ln1,0.0127
block_prefill_stage,1,256,7,qkv_projection,0.3066
block_prefill_stage,1,256,7,make_tables_h2d,0.0166
block_prefill_stage,1,256,7,append_prefill_kv,0.0121
block_prefill_stage,1,256,7,flashattention_prefill_total,0.5514
block_prefill_stage,1,256,7,attn_out_projection,0.2513
block_prefill_stage,1,256,7,residual_attn,0.0122
block_prefill_stage,1,256,7,ln2,0.0122
block_prefill_stage,1,256,7,fc1,0.3819
block_prefill_stage,1,256,7,gelu,0.0190
block_prefill_stage,1,256,7,fc2,1.0023
block_prefill_stage,1,256,7,residual_ffn,0.0113
block_prefill_stage,1,256,8,ln1,0.0123
block_prefill_stage,1,256,8,qkv_projection,0.3018
block_prefill_stage,1,256,8,make_tables_h2d,0.0141
block_prefill_stage,1,256,8,append_prefill_kv,0.0108
block_prefill_stage,1,256,8,flashattention_prefill_total,0.5517
block_prefill_stage,1,256,8,attn_out_projection,0.2628
block_prefill_stage,1,256,8,residual_attn,0.0164
block_prefill_stage,1,256,8,ln2,0.0123
block_prefill_stage,1,256,8,fc1,0.3792
block_prefill_stage,1,256,8,gelu,0.0647
block_prefill_stage,1,256,8,fc2,1.0041
block_prefill_stage,1,256,8,residual_ffn,0.0140
block_prefill_stage,1,256,9,ln1,0.0123
block_prefill_stage,1,256,9,qkv_projection,0.3118
block_prefill_stage,1,256,9,make_tables_h2d,0.0237
block_prefill_stage,1,256,9,append_prefill_kv,0.0171
block_prefill_stage,1,256,9,flashattention_prefill_total,0.5541
block_prefill_stage,1,256,9,attn_out_projection,0.2532
block_prefill_stage,1,256,9,residual_attn,0.0122
block_prefill_stage,1,256,9,ln2,0.0121
block_prefill_stage,1,256,9,fc1,0.3813
block_prefill_stage,1,256,9,gelu,0.0185
block_prefill_stage,1,256,9,fc2,1.0039
block_prefill_stage,1,256,9,residual_ffn,0.0117
block_prefill_stage,1,256,10,ln1,0.0114
block_prefill_stage,1,256,10,qkv_projection,0.3006
block_prefill_stage,1,256,10,make_tables_h2d,0.0160
block_prefill_stage,1,256,10,append_prefill_kv,0.0105
block_prefill_stage,1,256,10,flashattention_prefill_total,0.5496
block_prefill_stage,1,256,10,attn_out_projection,0.2521
block_prefill_stage,1,256,10,residual_attn,0.0118
block_prefill_stage,1,256,10,ln2,0.0118
block_prefill_stage,1,256,10,fc1,0.3812
block_prefill_stage,1,256,10,gelu,0.0182
block_prefill_stage,1,256,10,fc2,1.0006
block_prefill_stage,1,256,10,residual_ffn,0.0119
block_prefill_stage,1,256,11,ln1,0.0115
block_prefill_stage,1,256,11,qkv_projection,0.3009
block_prefill_stage,1,256,11,make_tables_h2d,0.0191
block_prefill_stage,1,256,11,append_prefill_kv,0.0149
block_prefill_stage,1,256,11,flashattention_prefill_total,0.5532
block_prefill_stage,1,256,11,attn_out_projection,0.2594
block_prefill_stage,1,256,11,residual_attn,0.0152
block_prefill_stage,1,256,11,ln2,0.0117
block_prefill_stage,1,256,11,fc1,0.3774
block_prefill_stage,1,256,11,gelu,0.0215
block_prefill_stage,1,256,11,fc2,1.0282
block_prefill_stage,1,256,11,residual_ffn,0.0187
block_prefill_stage,1,256,0,ln1,0.0119
block_prefill_stage,1,256,0,qkv_projection,0.3062
block_prefill_stage,1,256,0,make_tables_h2d,0.0140
block_prefill_stage,1,256,0,append_prefill_kv,0.0108
block_prefill_stage,1,256,0,flashattention_prefill_total,0.5501
block_prefill_stage,1,256,0,attn_out_projection,0.2545
block_prefill_stage,1,256,0,residual_attn,0.0122
block_prefill_stage,1,256,0,ln2,0.0121
block_prefill_stage,1,256,0,fc1,0.3797
block_prefill_stage,1,256,0,gelu,0.0349
block_prefill_stage,1,256,0,fc2,1.0121
block_prefill_stage,1,256,0,residual_ffn,0.0131
block_prefill_stage,1,256,1,ln1,0.0120
block_prefill_stage,1,256,1,qkv_projection,0.3047
block_prefill_stage,1,256,1,make_tables_h2d,0.0155
block_prefill_stage,1,256,1,append_prefill_kv,0.0106
block_prefill_stage,1,256,1,flashattention_prefill_total,0.5500
block_prefill_stage,1,256,1,attn_out_projection,0.2514
block_prefill_stage,1,256,1,residual_attn,0.0137
block_prefill_stage,1,256,1,ln2,0.0119
block_prefill_stage,1,256,1,fc1,0.3815
block_prefill_stage,1,256,1,gelu,0.0177
block_prefill_stage,1,256,1,fc2,1.0016
block_prefill_stage,1,256,1,residual_ffn,0.0129
block_prefill_stage,1,256,2,ln1,0.0114
block_prefill_stage,1,256,2,qkv_projection,0.3038
block_prefill_stage,1,256,2,make_tables_h2d,0.0240
block_prefill_stage,1,256,2,append_prefill_kv,0.0118
block_prefill_stage,1,256,2,flashattention_prefill_total,0.5503
block_prefill_stage,1,256,2,attn_out_projection,0.2533
block_prefill_stage,1,256,2,residual_attn,0.0123
block_prefill_stage,1,256,2,ln2,0.0121
block_prefill_stage,1,256,2,fc1,0.3834
block_prefill_stage,1,256,2,gelu,0.0182
block_prefill_stage,1,256,2,fc2,1.0037
block_prefill_stage,1,256,2,residual_ffn,0.0149
block_prefill_stage,1,256,3,ln1,0.0244
block_prefill_stage,1,256,3,qkv_projection,0.3132
block_prefill_stage,1,256,3,make_tables_h2d,0.0242
block_prefill_stage,1,256,3,append_prefill_kv,0.0276
block_prefill_stage,1,256,3,flashattention_prefill_total,0.5532
block_prefill_stage,1,256,3,attn_out_projection,0.2628
block_prefill_stage,1,256,3,residual_attn,0.0191
block_prefill_stage,1,256,3,ln2,0.0122
block_prefill_stage,1,256,3,fc1,0.3803
block_prefill_stage,1,256,3,gelu,0.0181
block_prefill_stage,1,256,3,fc2,1.0045
block_prefill_stage,1,256,3,residual_ffn,0.0449
block_prefill_stage,1,256,4,ln1,0.0161
block_prefill_stage,1,256,4,qkv_projection,0.3036
block_prefill_stage,1,256,4,make_tables_h2d,0.0188
block_prefill_stage,1,256,4,append_prefill_kv,0.0138
block_prefill_stage,1,256,4,flashattention_prefill_total,0.5535
block_prefill_stage,1,256,4,attn_out_projection,0.2872
block_prefill_stage,1,256,4,residual_attn,0.0138
block_prefill_stage,1,256,4,ln2,0.0125
block_prefill_stage,1,256,4,fc1,0.3817
block_prefill_stage,1,256,4,gelu,0.0189
block_prefill_stage,1,256,4,fc2,1.0048
block_prefill_stage,1,256,4,residual_ffn,0.0129
block_prefill_stage,1,256,5,ln1,0.0119
block_prefill_stage,1,256,5,qkv_projection,0.3082
block_prefill_stage,1,256,5,make_tables_h2d,0.0185
block_prefill_stage,1,256,5,append_prefill_kv,0.0117
block_prefill_stage,1,256,5,flashattention_prefill_total,0.5499
block_prefill_stage,1,256,5,attn_out_projection,0.2527
block_prefill_stage,1,256,5,residual_attn,0.0124
block_prefill_stage,1,256,5,ln2,0.0115
block_prefill_stage,1,256,5,fc1,0.3818
block_prefill_stage,1,256,5,gelu,0.0198
block_prefill_stage,1,256,5,fc2,1.0018
block_prefill_stage,1,256,5,residual_ffn,0.0114
block_prefill_stage,1,256,6,ln1,0.0119
block_prefill_stage,1,256,6,qkv_projection,0.3006
block_prefill_stage,1,256,6,make_tables_h2d,0.0176
block_prefill_stage,1,256,6,append_prefill_kv,0.0135
block_prefill_stage,1,256,6,flashattention_prefill_total,0.5635
block_prefill_stage,1,256,6,attn_out_projection,0.2605
block_prefill_stage,1,256,6,residual_attn,0.0127
block_prefill_stage,1,256,6,ln2,0.0124
block_prefill_stage,1,256,6,fc1,0.3800
block_prefill_stage,1,256,6,gelu,0.0208
block_prefill_stage,1,256,6,fc2,1.0028
block_prefill_stage,1,256,6,residual_ffn,0.0247
block_prefill_stage,1,256,7,ln1,0.0129
block_prefill_stage,1,256,7,qkv_projection,0.3065
block_prefill_stage,1,256,7,make_tables_h2d,0.0193
block_prefill_stage,1,256,7,append_prefill_kv,0.0109
block_prefill_stage,1,256,7,flashattention_prefill_total,0.5502
block_prefill_stage,1,256,7,attn_out_projection,0.2517
block_prefill_stage,1,256,7,residual_attn,0.0134
block_prefill_stage,1,256,7,ln2,0.0119
block_prefill_stage,1,256,7,fc1,0.3809
block_prefill_stage,1,256,7,gelu,0.0182
block_prefill_stage,1,256,7,fc2,1.0030
block_prefill_stage,1,256,7,residual_ffn,0.0134
block_prefill_stage,1,256,8,ln1,0.0115
block_prefill_stage,1,256,8,qkv_projection,0.3189
block_prefill_stage,1,256,8,make_tables_h2d,0.0223
block_prefill_stage,1,256,8,append_prefill_kv,0.0118
block_prefill_stage,1,256,8,flashattention_prefill_total,0.5501
block_prefill_stage,1,256,8,attn_out_projection,0.2519
block_prefill_stage,1,256,8,residual_attn,0.0119
block_prefill_stage,1,256,8,ln2,0.0115
block_prefill_stage,1,256,8,fc1,0.3827
block_prefill_stage,1,256,8,gelu,0.0192
block_prefill_stage,1,256,8,fc2,1.0051
block_prefill_stage,1,256,8,residual_ffn,0.0117
block_prefill_stage,1,256,9,ln1,0.0121
block_prefill_stage,1,256,9,qkv_projection,0.3082
block_prefill_stage,1,256,9,make_tables_h2d,0.0144
block_prefill_stage,1,256,9,append_prefill_kv,0.0110
block_prefill_stage,1,256,9,flashattention_prefill_total,0.5507
block_prefill_stage,1,256,9,attn_out_projection,0.2517
block_prefill_stage,1,256,9,residual_attn,0.0121
block_prefill_stage,1,256,9,ln2,0.0115
block_prefill_stage,1,256,9,fc1,0.3833
block_prefill_stage,1,256,9,gelu,0.0193
block_prefill_stage,1,256,9,fc2,1.0045
block_prefill_stage,1,256,9,residual_ffn,0.0118
block_prefill_stage,1,256,10,ln1,0.0121
block_prefill_stage,1,256,10,qkv_projection,0.3062
block_prefill_stage,1,256,10,make_tables_h2d,0.0138
block_prefill_stage,1,256,10,append_prefill_kv,0.0110
block_prefill_stage,1,256,10,flashattention_prefill_total,0.5498
block_prefill_stage,1,256,10,attn_out_projection,0.2511
block_prefill_stage,1,256,10,residual_attn,0.0123
block_prefill_stage,1,256,10,ln2,0.0113
block_prefill_stage,1,256,10,fc1,0.3783
block_prefill_stage,1,256,10,gelu,0.0177
block_prefill_stage,1,256,10,fc2,1.0010
block_prefill_stage,1,256,10,residual_ffn,0.0112
block_prefill_stage,1,256,11,ln1,0.0116
block_prefill_stage,1,256,11,qkv_projection,0.3022
block_prefill_stage,1,256,11,make_tables_h2d,0.0136
block_prefill_stage,1,256,11,append_prefill_kv,0.0105
block_prefill_stage,1,256,11,flashattention_prefill_total,0.5562
block_prefill_stage,1,256,11,attn_out_projection,0.2564
block_prefill_stage,1,256,11,residual_attn,0.0174
block_prefill_stage,1,256,11,ln2,0.0137
block_prefill_stage,1,256,11,fc1,0.3812
block_prefill_stage,1,256,11,gelu,0.0214
block_prefill_stage,1,256,11,fc2,1.0051
block_prefill_stage,1,256,11,residual_ffn,0.0115
block_prefill_stage,1,256,0,ln1,0.0122
block_prefill_stage,1,256,0,qkv_projection,0.3018
block_prefill_stage,1,256,0,make_tables_h2d,0.0137
block_prefill_stage,1,256,0,append_prefill_kv,0.0109
block_prefill_stage,1,256,0,flashattention_prefill_total,0.5509
block_prefill_stage,1,256,0,attn_out_projection,0.2530
block_prefill_stage,1,256,0,residual_attn,0.0119
block_prefill_stage,1,256,0,ln2,0.0116
block_prefill_stage,1,256,0,fc1,0.3823
block_prefill_stage,1,256,0,gelu,0.0185
block_prefill_stage,1,256,0,fc2,1.0038
block_prefill_stage,1,256,0,residual_ffn,0.0200
block_prefill_stage,1,256,1,ln1,0.0142
block_prefill_stage,1,256,1,qkv_projection,0.3219
block_prefill_stage,1,256,1,make_tables_h2d,0.0237
block_prefill_stage,1,256,1,append_prefill_kv,0.0160
block_prefill_stage,1,256,1,flashattention_prefill_total,0.5543
block_prefill_stage,1,256,1,attn_out_projection,0.2557
block_prefill_stage,1,256,1,residual_attn,0.0124
block_prefill_stage,1,256,1,ln2,0.0120
block_prefill_stage,1,256,1,fc1,0.3809
block_prefill_stage,1,256,1,gelu,0.0226
block_prefill_stage,1,256,1,fc2,1.0038
block_prefill_stage,1,256,1,residual_ffn,0.0181
block_prefill_stage,1,256,2,ln1,0.0123
block_prefill_stage,1,256,2,qkv_projection,0.3054
block_prefill_stage,1,256,2,make_tables_h2d,0.0197
block_prefill_stage,1,256,2,append_prefill_kv,0.0119
block_prefill_stage,1,256,2,flashattention_prefill_total,0.5505
block_prefill_stage,1,256,2,attn_out_projection,0.2616
block_prefill_stage,1,256,2,residual_attn,0.0137
block_prefill_stage,1,256,2,ln2,0.0115
block_prefill_stage,1,256,2,fc1,0.3762
block_prefill_stage,1,256,2,gelu,0.0175
block_prefill_stage,1,256,2,fc2,1.0148
block_prefill_stage,1,256,2,residual_ffn,0.0132
block_prefill_stage,1,256,3,ln1,0.0120
block_prefill_stage,1,256,3,qkv_projection,0.3032
block_prefill_stage,1,256,3,make_tables_h2d,0.0160
block_prefill_stage,1,256,3,append_prefill_kv,0.0111
block_prefill_stage,1,256,3,flashattention_prefill_total,0.5513
block_prefill_stage,1,256,3,attn_out_projection,0.2540
block_prefill_stage,1,256,3,residual_attn,0.0277
block_prefill_stage,1,256,3,ln2,0.0117
block_prefill_stage,1,256,3,fc1,0.3808
block_prefill_stage,1,256,3,gelu,0.0186
block_prefill_stage,1,256,3,fc2,1.0016
block_prefill_stage,1,256,3,residual_ffn,0.0244
block_prefill_stage,1,256,4,ln1,0.0136
block_prefill_stage,1,256,4,qkv_projection,0.3115
block_prefill_stage,1,256,4,make_tables_h2d,0.0164
block_prefill_stage,1,256,4,append_prefill_kv,0.0118
block_prefill_stage,1,256,4,flashattention_prefill_total,0.5492
block_prefill_stage,1,256,4,attn_out_projection,0.2511
block_prefill_stage,1,256,4,residual_attn,0.0125
block_prefill_stage,1,256,4,ln2,0.0119
block_prefill_stage,1,256,4,fc1,0.3821
block_prefill_stage,1,256,4,gelu,0.0280
block_prefill_stage,1,256,4,fc2,1.0041
block_prefill_stage,1,256,4,residual_ffn,0.0189
block_prefill_stage,1,256,5,ln1,0.0140
block_prefill_stage,1,256,5,qkv_projection,0.3124
block_prefill_stage,1,256,5,make_tables_h2d,0.0247
block_prefill_stage,1,256,5,append_prefill_kv,0.0175
block_prefill_stage,1,256,5,flashattention_prefill_total,0.5557
block_prefill_stage,1,256,5,attn_out_projection,0.2665
block_prefill_stage,1,256,5,residual_attn,0.0189
block_prefill_stage,1,256,5,ln2,0.0125
block_prefill_stage,1,256,5,fc1,0.3765
block_prefill_stage,1,256,5,gelu,0.0181
block_prefill_stage,1,256,5,fc2,1.0038
block_prefill_stage,1,256,5,residual_ffn,0.0185
block_prefill_stage,1,256,6,ln1,0.0127
block_prefill_stage,1,256,6,qkv_projection,0.3038
block_prefill_stage,1,256,6,make_tables_h2d,0.0187
block_prefill_stage,1,256,6,append_prefill_kv,0.0111
block_prefill_stage,1,256,6,flashattention_prefill_total,0.5502
block_prefill_stage,1,256,6,attn_out_projection,0.2545
block_prefill_stage,1,256,6,residual_attn,0.0128
block_prefill_stage,1,256,6,ln2,0.0118
block_prefill_stage,1,256,6,fc1,0.3835
block_prefill_stage,1,256,6,gelu,0.0246
block_prefill_stage,1,256,6,fc2,1.0032
block_prefill_stage,1,256,6,residual_ffn,0.0174
block_prefill_stage,1,256,7,ln1,0.0124
block_prefill_stage,1,256,7,qkv_projection,0.3071
block_prefill_stage,1,256,7,make_tables_h2d,0.0190
block_prefill_stage,1,256,7,append_prefill_kv,0.0111
block_prefill_stage,1,256,7,flashattention_prefill_total,0.5510
block_prefill_stage,1,256,7,attn_out_projection,0.2547
block_prefill_stage,1,256,7,residual_attn,0.0121
block_prefill_stage,1,256,7,ln2,0.0120
block_prefill_stage,1,256,7,fc1,0.3829
block_prefill_stage,1,256,7,gelu,0.0188
block_prefill_stage,1,256,7,fc2,1.0039
block_prefill_stage,1,256,7,residual_ffn,0.0118
block_prefill_stage,1,256,8,ln1,0.0113
block_prefill_stage,1,256,8,qkv_projection,0.3063
block_prefill_stage,1,256,8,make_tables_h2d,0.0175
block_prefill_stage,1,256,8,append_prefill_kv,0.0130
block_prefill_stage,1,256,8,flashattention_prefill_total,0.5539
block_prefill_stage,1,256,8,attn_out_projection,0.2583
block_prefill_stage,1,256,8,residual_attn,0.0367
block_prefill_stage,1,256,8,ln2,0.0184
block_prefill_stage,1,256,8,fc1,0.3813
block_prefill_stage,1,256,8,gelu,0.0214
block_prefill_stage,1,256,8,fc2,1.0059
block_prefill_stage,1,256,8,residual_ffn,0.0211
block_prefill_stage,1,256,9,ln1,0.0142
block_prefill_stage,1,256,9,qkv_projection,0.3083
block_prefill_stage,1,256,9,make_tables_h2d,0.0258
block_prefill_stage,1,256,9,append_prefill_kv,0.0172
block_prefill_stage,1,256,9,flashattention_prefill_total,0.5563
block_prefill_stage,1,256,9,attn_out_projection,0.2658
block_prefill_stage,1,256,9,residual_attn,0.0218
block_prefill_stage,1,256,9,ln2,0.0146
block_prefill_stage,1,256,9,fc1,0.3858
block_prefill_stage,1,256,9,gelu,0.0262
block_prefill_stage,1,256,9,fc2,1.0021
block_prefill_stage,1,256,9,residual_ffn,0.0200
block_prefill_stage,1,256,10,ln1,0.0144
block_prefill_stage,1,256,10,qkv_projection,0.3095
block_prefill_stage,1,256,10,make_tables_h2d,0.0193
block_prefill_stage,1,256,10,append_prefill_kv,0.0131
block_prefill_stage,1,256,10,flashattention_prefill_total,0.5510
block_prefill_stage,1,256,10,attn_out_projection,0.2551
block_prefill_stage,1,256,10,residual_attn,0.0125
block_prefill_stage,1,256,10,ln2,0.0123
block_prefill_stage,1,256,10,fc1,0.3805
block_prefill_stage,1,256,10,gelu,0.0187
block_prefill_stage,1,256,10,fc2,1.0016
block_prefill_stage,1,256,10,residual_ffn,0.0125
block_prefill_stage,1,256,11,ln1,0.0123
block_prefill_stage,1,256,11,qkv_projection,0.3044
block_prefill_stage,1,256,11,make_tables_h2d,0.0177
block_prefill_stage,1,256,11,append_prefill_kv,0.0128
block_prefill_stage,1,256,11,flashattention_prefill_total,0.5507
block_prefill_stage,1,256,11,attn_out_projection,0.2514
block_prefill_stage,1,256,11,residual_attn,0.0133
block_prefill_stage,1,256,11,ln2,0.0122
block_prefill_stage,1,256,11,fc1,0.3805
block_prefill_stage,1,256,11,gelu,0.0181
block_prefill_stage,1,256,11,fc2,1.0025
block_prefill_stage,1,256,11,residual_ffn,0.0123
block_prefill_stage,1,256,0,ln1,0.0128
block_prefill_stage,1,256,0,qkv_projection,0.3033
block_prefill_stage,1,256,0,make_tables_h2d,0.0166
block_prefill_stage,1,256,0,append_prefill_kv,0.0120
block_prefill_stage,1,256,0,flashattention_prefill_total,0.5508
block_prefill_stage,1,256,0,attn_out_projection,0.2659
block_prefill_stage,1,256,0,residual_attn,0.0185
block_prefill_stage,1,256,0,ln2,0.0123
block_prefill_stage,1,256,0,fc1,0.3825
block_prefill_stage,1,256,0,gelu,0.0185
block_prefill_stage,1,256,0,fc2,1.0015
block_prefill_stage,1,256,0,residual_ffn,0.0116
block_prefill_stage,1,256,1,ln1,0.0115
block_prefill_stage,1,256,1,qkv_projection,0.2964
block_prefill_stage,1,256,1,make_tables_h2d,0.0146
block_prefill_stage,1,256,1,append_prefill_kv,0.0112
block_prefill_stage,1,256,1,flashattention_prefill_total,0.5497
block_prefill_stage,1,256,1,attn_out_projection,0.2515
block_prefill_stage,1,256,1,residual_attn,0.0121
block_prefill_stage,1,256,1,ln2,0.0120
block_prefill_stage,1,256,1,fc1,0.3799
block_prefill_stage,1,256,1,gelu,0.0182
block_prefill_stage,1,256,1,fc2,1.0022
block_prefill_stage,1,256,1,residual_ffn,0.0142
block_prefill_stage,1,256,2,ln1,0.0134
block_prefill_stage,1,256,2,qkv_projection,0.3106
block_prefill_stage,1,256,2,make_tables_h2d,0.0277
block_prefill_stage,1,256,2,append_prefill_kv,0.0156
block_prefill_stage,1,256,2,flashattention_prefill_total,0.5511
block_prefill_stage,1,256,2,attn_out_projection,0.2531
block_prefill_stage,1,256,2,residual_attn,0.0120
block_prefill_stage,1,256,2,ln2,0.0116
block_prefill_stage,1,256,2,fc1,0.3757
block_prefill_stage,1,256,2,gelu,0.0184
block_prefill_stage,1,256,2,fc2,0.9944
block_prefill_stage,1,256,2,residual_ffn,0.0117
block_prefill_stage,1,256,3,ln1,0.0115
block_prefill_stage,1,256,3,qkv_projection,0.3035
block_prefill_stage,1,256,3,make_tables_h2d,0.0143
block_prefill_stage,1,256,3,append_prefill_kv,0.0107
block_prefill_stage,1,256,3,flashattention_prefill_total,0.5434
block_prefill_stage,1,256,3,attn_out_projection,0.2502
block_prefill_stage,1,256,3,residual_attn,0.0118
block_prefill_stage,1,256,3,ln2,0.0111
block_prefill_stage,1,256,3,fc1,0.3798
block_prefill_stage,1,256,3,gelu,0.0179
block_prefill_stage,1,256,3,fc2,0.9926
block_prefill_stage,1,256,3,residual_ffn,0.0115
block_prefill_stage,1,256,4,ln1,0.0122
block_prefill_stage,1,256,4,qkv_projection,0.3025
block_prefill_stage,1,256,4,make_tables_h2d,0.0235
block_prefill_stage,1,256,4,append_prefill_kv,0.0320
block_prefill_stage,1,256,4,flashattention_prefill_total,0.5536
block_prefill_stage,1,256,4,attn_out_projection,0.2545
block_prefill_stage,1,256,4,residual_attn,0.0128
block_prefill_stage,1,256,4,ln2,0.0219
block_prefill_stage,1,256,4,fc1,0.3797
block_prefill_stage,1,256,4,gelu,0.0350
block_prefill_stage,1,256,4,fc2,0.9996
block_prefill_stage,1,256,4,residual_ffn,0.0221
block_prefill_stage,1,256,5,ln1,0.0151
block_prefill_stage,1,256,5,qkv_projection,0.3074
block_prefill_stage,1,256,5,make_tables_h2d,0.0225
block_prefill_stage,1,256,5,append_prefill_kv,0.0150
block_prefill_stage,1,256,5,flashattention_prefill_total,0.5598
block_prefill_stage,1,256,5,attn_out_projection,0.2692
block_prefill_stage,1,256,5,residual_attn,0.0202
block_prefill_stage,1,256,5,ln2,0.0150
block_prefill_stage,1,256,5,fc1,0.3785
block_prefill_stage,1,256,5,gelu,0.0231
block_prefill_stage,1,256,5,fc2,1.0006
block_prefill_stage,1,256,5,residual_ffn,0.0186
block_prefill_stage,1,256,6,ln1,0.0140
block_prefill_stage,1,256,6,qkv_projection,0.3070
block_prefill_stage,1,256,6,make_tables_h2d,0.0237
block_prefill_stage,1,256,6,append_prefill_kv,0.0142
block_prefill_stage,1,256,6,flashattention_prefill_total,0.5504
block_prefill_stage,1,256,6,attn_out_projection,0.2588
block_prefill_stage,1,256,6,residual_attn,0.0422
block_prefill_stage,1,256,6,ln2,0.0145
block_prefill_stage,1,256,6,fc1,0.3754
block_prefill_stage,1,256,6,gelu,0.0211
block_prefill_stage,1,256,6,fc2,0.9981
block_prefill_stage,1,256,6,residual_ffn,0.0185
block_prefill_stage,1,256,7,ln1,0.0143
block_prefill_stage,1,256,7,qkv_projection,0.3035
block_prefill_stage,1,256,7,make_tables_h2d,0.0228
block_prefill_stage,1,256,7,append_prefill_kv,0.0135
block_prefill_stage,1,256,7,flashattention_prefill_total,0.5483
block_prefill_stage,1,256,7,attn_out_projection,0.2576
block_prefill_stage,1,256,7,residual_attn,0.0158
block_prefill_stage,1,256,7,ln2,0.0138
block_prefill_stage,1,256,7,fc1,0.3797
block_prefill_stage,1,256,7,gelu,0.0285
block_prefill_stage,1,256,7,fc2,0.9986
block_prefill_stage,1,256,7,residual_ffn,0.0213
block_prefill_stage,1,256,8,ln1,0.0146
block_prefill_stage,1,256,8,qkv_projection,0.3099
block_prefill_stage,1,256,8,make_tables_h2d,0.0242
block_prefill_stage,1,256,8,append_prefill_kv,0.0173
block_prefill_stage,1,256,8,flashattention_prefill_total,0.5503
block_prefill_stage,1,256,8,attn_out_projection,0.2641
block_prefill_stage,1,256,8,residual_attn,0.0224
block_prefill_stage,1,256,8,ln2,0.0143
block_prefill_stage,1,256,8,fc1,0.3858
block_prefill_stage,1,256,8,gelu,0.0238
block_prefill_stage,1,256,8,fc2,1.0005
block_prefill_stage,1,256,8,residual_ffn,0.0184
block_prefill_stage,1,256,9,ln1,0.0136
block_prefill_stage,1,256,9,qkv_projection,0.3014
block_prefill_stage,1,256,9,make_tables_h2d,0.0239
block_prefill_stage,1,256,9,append_prefill_kv,0.0173
block_prefill_stage,1,256,9,flashattention_prefill_total,0.5492
block_prefill_stage,1,256,9,attn_out_projection,0.2569
block_prefill_stage,1,256,9,residual_attn,0.0149
block_prefill_stage,1,256,9,ln2,0.0120
block_prefill_stage,1,256,9,fc1,0.3756
block_prefill_stage,1,256,9,gelu,0.0190
block_prefill_stage,1,256,9,fc2,0.9951
block_prefill_stage,1,256,9,residual_ffn,0.0132
block_prefill_stage,1,256,10,ln1,0.0119
block_prefill_stage,1,256,10,qkv_projection,0.3012
block_prefill_stage,1,256,10,make_tables_h2d,0.0193
block_prefill_stage,1,256,10,append_prefill_kv,0.0111
block_prefill_stage,1,256,10,flashattention_prefill_total,0.5447
block_prefill_stage,1,256,10,attn_out_projection,0.2514
block_prefill_stage,1,256,10,residual_attn,0.0126
block_prefill_stage,1,256,10,ln2,0.0120
block_prefill_stage,1,256,10,fc1,0.3726
block_prefill_stage,1,256,10,gelu,0.0193
block_prefill_stage,1,256,10,fc2,0.9925
block_prefill_stage,1,256,10,residual_ffn,0.0124
block_prefill_stage,1,256,11,ln1,0.0118
block_prefill_stage,1,256,11,qkv_projection,0.3085
block_prefill_stage,1,256,11,make_tables_h2d,0.0154
block_prefill_stage,1,256,11,append_prefill_kv,0.0109
block_prefill_stage,1,256,11,flashattention_prefill_total,0.5501
block_prefill_stage,1,256,11,attn_out_projection,0.2638
block_prefill_stage,1,256,11,residual_attn,0.0136
block_prefill_stage,1,256,11,ln2,0.0120
block_prefill_stage,1,256,11,fc1,0.3813
block_prefill_stage,1,256,11,gelu,0.0212
block_prefill_stage,1,256,11,fc2,1.0019
block_prefill_stage,1,256,11,residual_ffn,0.0191
block_prefill_stage,1,256,0,ln1,0.0118
block_prefill_stage,1,256,0,qkv_projection,0.3028
block_prefill_stage,1,256,0,make_tables_h2d,0.0145
block_prefill_stage,1,256,0,append_prefill_kv,0.0109
block_prefill_stage,1,256,0,flashattention_prefill_total,0.5455
block_prefill_stage,1,256,0,attn_out_projection,0.2530
block_prefill_stage,1,256,0,residual_attn,0.0126
block_prefill_stage,1,256,0,ln2,0.0113
block_prefill_stage,1,256,0,fc1,0.3784
block_prefill_stage,1,256,0,gelu,0.0183
block_prefill_stage,1,256,0,fc2,0.9926
block_prefill_stage,1,256,0,residual_ffn,0.0131
block_prefill_stage,1,256,1,ln1,0.0116
block_prefill_stage,1,256,1,qkv_projection,0.3084
block_prefill_stage,1,256,1,make_tables_h2d,0.0157
block_prefill_stage,1,256,1,append_prefill_kv,0.0118
block_prefill_stage,1,256,1,flashattention_prefill_total,0.5499
block_prefill_stage,1,256,1,attn_out_projection,0.2502
block_prefill_stage,1,256,1,residual_attn,0.0121
block_prefill_stage,1,256,1,ln2,0.0112
block_prefill_stage,1,256,1,fc1,0.3772
block_prefill_stage,1,256,1,gelu,0.0183
block_prefill_stage,1,256,1,fc2,0.9917
block_prefill_stage,1,256,1,residual_ffn,0.0113
block_prefill_stage,1,256,2,ln1,0.0118
block_prefill_stage,1,256,2,qkv_projection,0.3071
block_prefill_stage,1,256,2,make_tables_h2d,0.0141
block_prefill_stage,1,256,2,append_prefill_kv,0.0109
block_prefill_stage,1,256,2,flashattention_prefill_total,0.5445
block_prefill_stage,1,256,2,attn_out_projection,0.2505
block_prefill_stage,1,256,2,residual_attn,0.0122
block_prefill_stage,1,256,2,ln2,0.0163
block_prefill_stage,1,256,2,fc1,0.3792
block_prefill_stage,1,256,2,gelu,0.0183
block_prefill_stage,1,256,2,fc2,0.9961
block_prefill_stage,1,256,2,residual_ffn,0.0115
block_prefill_stage,1,256,3,ln1,0.0114
block_prefill_stage,1,256,3,qkv_projection,0.3083
block_prefill_stage,1,256,3,make_tables_h2d,0.0140
block_prefill_stage,1,256,3,append_prefill_kv,0.0110
block_prefill_stage,1,256,3,flashattention_prefill_total,0.5439
block_prefill_stage,1,256,3,attn_out_projection,0.2509
block_prefill_stage,1,256,3,residual_attn,0.0124
block_prefill_stage,1,256,3,ln2,0.0117
block_prefill_stage,1,256,3,fc1,0.3804
block_prefill_stage,1,256,3,gelu,0.0209
block_prefill_stage,1,256,3,fc2,1.0055
block_prefill_stage,1,256,3,residual_ffn,0.0205
block_prefill_stage,1,256,4,ln1,0.0148
block_prefill_stage,1,256,4,qkv_projection,0.3255
block_prefill_stage,1,256,4,make_tables_h2d,0.0256
block_prefill_stage,1,256,4,append_prefill_kv,0.0170
block_prefill_stage,1,256,4,flashattention_prefill_total,0.5616
block_prefill_stage,1,256,4,attn_out_projection,0.2652
block_prefill_stage,1,256,4,residual_attn,0.0125
block_prefill_stage,1,256,4,ln2,0.0124
block_prefill_stage,1,256,4,fc1,0.3910
block_prefill_stage,1,256,4,gelu,0.0273
block_prefill_stage,1,256,4,fc2,1.0194
block_prefill_stage,1,256,4,residual_ffn,0.0157
block_prefill_stage,1,256,5,ln1,0.0122
block_prefill_stage,1,256,5,qkv_projection,0.3149
block_prefill_stage,1,256,5,make_tables_h2d,0.0195
block_prefill_stage,1,256,5,append_prefill_kv,0.0108
block_prefill_stage,1,256,5,flashattention_prefill_total,0.5621
block_prefill_stage,1,256,5,attn_out_projection,0.2582
block_prefill_stage,1,256,5,residual_attn,0.0119
block_prefill_stage,1,256,5,ln2,0.0119
block_prefill_stage,1,256,5,fc1,0.3906
block_prefill_stage,1,256,5,gelu,0.0410
block_prefill_stage,1,256,5,fc2,1.0217
block_prefill_stage,1,256,5,residual_ffn,0.0126
block_prefill_stage,1,256,6,ln1,0.0126
block_prefill_stage,1,256,6,qkv_projection,0.3092
block_prefill_stage,1,256,6,make_tables_h2d,0.0175
block_prefill_stage,1,256,6,append_prefill_kv,0.0136
block_prefill_stage,1,256,6,flashattention_prefill_total,0.5818
block_prefill_stage,1,256,6,attn_out_projection,0.2631
block_prefill_stage,1,256,6,residual_attn,0.0138
block_prefill_stage,1,256,6,ln2,0.0121
block_prefill_stage,1,256,6,fc1,0.3857
block_prefill_stage,1,256,6,gelu,0.0216
block_prefill_stage,1,256,6,fc2,1.0236
block_prefill_stage,1,256,6,residual_ffn,0.0184
block_prefill_stage,1,256,7,ln1,0.0127
block_prefill_stage,1,256,7,qkv_projection,0.3123
block_prefill_stage,1,256,7,make_tables_h2d,0.0194
block_prefill_stage,1,256,7,append_prefill_kv,0.0121
block_prefill_stage,1,256,7,flashattention_prefill_total,0.5625
block_prefill_stage,1,256,7,attn_out_projection,0.2782
block_prefill_stage,1,256,7,residual_attn,0.0192
block_prefill_stage,1,256,7,ln2,0.0120
block_prefill_stage,1,256,7,fc1,0.3880
block_prefill_stage,1,256,7,gelu,0.0193
block_prefill_stage,1,256,7,fc2,1.0194
block_prefill_stage,1,256,7,residual_ffn,0.0129
block_prefill_stage,1,256,8,ln1,0.0119
block_prefill_stage,1,256,8,qkv_projection,0.3165
block_prefill_stage,1,256,8,make_tables_h2d,0.0153
block_prefill_stage,1,256,8,append_prefill_kv,0.0112
block_prefill_stage,1,256,8,flashattention_prefill_total,0.5627
block_prefill_stage,1,256,8,attn_out_projection,0.2573
block_prefill_stage,1,256,8,residual_attn,0.0125
block_prefill_stage,1,256,8,ln2,0.0122
block_prefill_stage,1,256,8,fc1,0.3870
block_prefill_stage,1,256,8,gelu,0.0194
block_prefill_stage,1,256,8,fc2,1.0184
block_prefill_stage,1,256,8,residual_ffn,0.0112
block_prefill_stage,1,256,9,ln1,0.0124
block_prefill_stage,1,256,9,qkv_projection,0.3131
block_prefill_stage,1,256,9,make_tables_h2d,0.0251
block_prefill_stage,1,256,9,append_prefill_kv,0.0258
block_prefill_stage,1,256,9,flashattention_prefill_total,0.5666
block_prefill_stage,1,256,9,attn_out_projection,0.2638
block_prefill_stage,1,256,9,residual_attn,0.0130
block_prefill_stage,1,256,9,ln2,0.0119
block_prefill_stage,1,256,9,fc1,0.3856
block_prefill_stage,1,256,9,gelu,0.0185
block_prefill_stage,1,256,9,fc2,1.0218
block_prefill_stage,1,256,9,residual_ffn,0.0186
block_prefill_stage,1,256,10,ln1,0.0130
block_prefill_stage,1,256,10,qkv_projection,0.3099
block_prefill_stage,1,256,10,make_tables_h2d,0.0196
block_prefill_stage,1,256,10,append_prefill_kv,0.0131
block_prefill_stage,1,256,10,flashattention_prefill_total,0.5617
block_prefill_stage,1,256,10,attn_out_projection,0.2573
block_prefill_stage,1,256,10,residual_attn,0.0135
block_prefill_stage,1,256,10,ln2,0.0119
block_prefill_stage,1,256,10,fc1,0.3855
block_prefill_stage,1,256,10,gelu,0.0183
block_prefill_stage,1,256,10,fc2,1.0186
block_prefill_stage,1,256,10,residual_ffn,0.0160
block_prefill_stage,1,256,11,ln1,0.0115
block_prefill_stage,1,256,11,qkv_projection,0.3076
block_prefill_stage,1,256,11,make_tables_h2d,0.0152
block_prefill_stage,1,256,11,append_prefill_kv,0.0107
block_prefill_stage,1,256,11,flashattention_prefill_total,0.5784
block_prefill_stage,1,256,11,attn_out_projection,0.2583
block_prefill_stage,1,256,11,residual_attn,0.0151
block_prefill_stage,1,256,11,ln2,0.0311
block_prefill_stage,1,256,11,fc1,0.3902
block_prefill_stage,1,256,11,gelu,0.0256
block_prefill_stage,1,256,11,fc2,1.0133
block_prefill_stage,1,256,11,residual_ffn,0.0132
block_prefill_stage,8,2048,0,ln1,0.0602
block_prefill_stage,8,2048,0,qkv_projection,1.9211
block_prefill_stage,8,2048,0,make_tables_h2d,0.0308
block_prefill_stage,8,2048,0,append_prefill_kv,0.1177
block_prefill_stage,8,2048,0,flashattention_prefill_total,4.4109
block_prefill_stage,8,2048,0,attn_out_projection,0.7522
block_prefill_stage,8,2048,0,residual_attn,0.0849
block_prefill_stage,8,2048,0,ln2,0.0584
block_prefill_stage,8,2048,0,fc1,2.5322
block_prefill_stage,8,2048,0,gelu,0.2142
block_prefill_stage,8,2048,0,fc2,2.9253
block_prefill_stage,8,2048,0,residual_ffn,0.0821
block_prefill_stage,8,2048,1,ln1,0.0600
block_prefill_stage,8,2048,1,qkv_projection,1.9191
block_prefill_stage,8,2048,1,make_tables_h2d,0.0268
block_prefill_stage,8,2048,1,append_prefill_kv,0.1146
block_prefill_stage,8,2048,1,flashattention_prefill_total,4.5215
block_prefill_stage,8,2048,1,attn_out_projection,0.8134
block_prefill_stage,8,2048,1,residual_attn,0.0829
block_prefill_stage,8,2048,1,ln2,0.0582
block_prefill_stage,8,2048,1,fc1,2.7500
block_prefill_stage,8,2048,1,gelu,0.2120
block_prefill_stage,8,2048,1,fc2,3.1302
block_prefill_stage,8,2048,1,residual_ffn,0.0837
block_prefill_stage,8,2048,2,ln1,0.0585
block_prefill_stage,8,2048,2,qkv_projection,2.0829
block_prefill_stage,8,2048,2,make_tables_h2d,0.0292
block_prefill_stage,8,2048,2,append_prefill_kv,0.1134
block_prefill_stage,8,2048,2,flashattention_prefill_total,4.7972
block_prefill_stage,8,2048,2,attn_out_projection,0.8110
block_prefill_stage,8,2048,2,residual_attn,0.0829
block_prefill_stage,8,2048,2,ln2,0.0589
block_prefill_stage,8,2048,2,fc1,2.7427
block_prefill_stage,8,2048,2,gelu,0.2145
block_prefill_stage,8,2048,2,fc2,3.3264
block_prefill_stage,8,2048,2,residual_ffn,0.0808
block_prefill_stage,8,2048,3,ln1,0.0590
block_prefill_stage,8,2048,3,qkv_projection,2.2522
block_prefill_stage,8,2048,3,make_tables_h2d,0.0260
block_prefill_stage,8,2048,3,append_prefill_kv,0.1181
block_prefill_stage,8,2048,3,flashattention_prefill_total,5.1887
block_prefill_stage,8,2048,3,attn_out_projection,0.8814
block_prefill_stage,8,2048,3,residual_attn,0.0940
block_prefill_stage,8,2048,3,ln2,0.0648
block_prefill_stage,8,2048,3,fc1,2.9790
block_prefill_stage,8,2048,3,gelu,0.2229
block_prefill_stage,8,2048,3,fc2,3.3925
block_prefill_stage,8,2048,3,residual_ffn,0.0847
block_prefill_stage,8,2048,4,ln1,0.0591
block_prefill_stage,8,2048,4,qkv_projection,2.2550
block_prefill_stage,8,2048,4,make_tables_h2d,0.0369
block_prefill_stage,8,2048,4,append_prefill_kv,0.1141
block_prefill_stage,8,2048,4,flashattention_prefill_total,5.4170
block_prefill_stage,8,2048,4,attn_out_projection,0.9242
block_prefill_stage,8,2048,4,residual_attn,0.0829
block_prefill_stage,8,2048,4,ln2,0.0582
block_prefill_stage,8,2048,4,fc1,3.1521
block_prefill_stage,8,2048,4,gelu,0.2145
block_prefill_stage,8,2048,4,fc2,3.5678
block_prefill_stage,8,2048,4,residual_ffn,0.0805
block_prefill_stage,8,2048,5,ln1,0.0589
block_prefill_stage,8,2048,5,qkv_projection,2.3931
block_prefill_stage,8,2048,5,make_tables_h2d,0.0267
block_prefill_stage,8,2048,5,append_prefill_kv,0.1125
block_prefill_stage,8,2048,5,flashattention_prefill_total,5.5198
block_prefill_stage,8,2048,5,attn_out_projection,0.9189
block_prefill_stage,8,2048,5,residual_attn,0.0821
block_prefill_stage,8,2048,5,ln2,0.0581
block_prefill_stage,8,2048,5,fc1,3.1468
block_prefill_stage,8,2048,5,gelu,0.2185
block_prefill_stage,8,2048,5,fc2,3.5652
block_prefill_stage,8,2048,5,residual_ffn,0.0880
block_prefill_stage,8,2048,6,ln1,0.0697
block_prefill_stage,8,2048,6,qkv_projection,2.3374
block_prefill_stage,8,2048,6,make_tables_h2d,0.0298
block_prefill_stage,8,2048,6,append_prefill_kv,0.1164
block_prefill_stage,8,2048,6,flashattention_prefill_total,5.4060
block_prefill_stage,8,2048,6,attn_out_projection,0.9076
block_prefill_stage,8,2048,6,residual_attn,0.0829
block_prefill_stage,8,2048,6,ln2,0.0612
block_prefill_stage,8,2048,6,fc1,3.0880
block_prefill_stage,8,2048,6,gelu,0.2174
block_prefill_stage,8,2048,6,fc2,3.5030
block_prefill_stage,8,2048,6,residual_ffn,0.0913
block_prefill_stage,8,2048,7,ln1,0.0644
block_prefill_stage,8,2048,7,qkv_projection,2.3488
block_prefill_stage,8,2048,7,make_tables_h2d,0.0324
block_prefill_stage,8,2048,7,append_prefill_kv,0.1163
block_prefill_stage,8,2048,7,flashattention_prefill_total,5.4052
block_prefill_stage,8,2048,7,attn_out_projection,0.9043
block_prefill_stage,8,2048,7,residual_attn,0.0836
block_prefill_stage,8,2048,7,ln2,0.0588
block_prefill_stage,8,2048,7,fc1,3.0987
block_prefill_stage,8,2048,7,gelu,0.2139
block_prefill_stage,8,2048,7,fc2,3.5565
block_prefill_stage,8,2048,7,residual_ffn,0.0805
block_prefill_stage,8,2048,8,ln1,0.0575
block_prefill_stage,8,2048,8,qkv_projection,2.3481
block_prefill_stage,8,2048,8,make_tables_h2d,0.0302
block_prefill_stage,8,2048,8,append_prefill_kv,0.1161
block_prefill_stage,8,2048,8,flashattention_prefill_total,5.4012
block_prefill_stage,8,2048,8,attn_out_projection,0.9146
block_prefill_stage,8,2048,8,residual_attn,0.0931
block_prefill_stage,8,2048,8,ln2,0.0591
block_prefill_stage,8,2048,8,fc1,3.0996
block_prefill_stage,8,2048,8,gelu,0.2165
block_prefill_stage,8,2048,8,fc2,3.5132
block_prefill_stage,8,2048,8,residual_ffn,0.0883
block_prefill_stage,8,2048,9,ln1,0.0598
block_prefill_stage,8,2048,9,qkv_projection,2.3782
block_prefill_stage,8,2048,9,make_tables_h2d,0.0510
block_prefill_stage,8,2048,9,append_prefill_kv,0.1185
block_prefill_stage,8,2048,9,flashattention_prefill_total,5.4063
block_prefill_stage,8,2048,9,attn_out_projection,0.9105
block_prefill_stage,8,2048,9,residual_attn,0.0852
block_prefill_stage,8,2048,9,ln2,0.0622
block_prefill_stage,8,2048,9,fc1,3.0897
block_prefill_stage,8,2048,9,gelu,0.2158
block_prefill_stage,8,2048,9,fc2,3.4993
block_prefill_stage,8,2048,9,residual_ffn,0.0834
block_prefill_stage,8,2048,10,ln1,0.0588
block_prefill_stage,8,2048,10,qkv_projection,2.3438
block_prefill_stage,8,2048,10,make_tables_h2d,0.0288
block_prefill_stage,8,2048,10,append_prefill_kv,0.1130
block_prefill_stage,8,2048,10,flashattention_prefill_total,5.3883
block_prefill_stage,8,2048,10,attn_out_projection,0.9078
block_prefill_stage,8,2048,10,residual_attn,0.0846
block_prefill_stage,8,2048,10,ln2,0.0587
block_prefill_stage,8,2048,10,fc1,3.0696
block_prefill_stage,8,2048,10,gelu,0.2186
block_prefill_stage,8,2048,10,fc2,3.5146
block_prefill_stage,8,2048,10,residual_ffn,0.0823
block_prefill_stage,8,2048,11,ln1,0.0582
block_prefill_stage,8,2048,11,qkv_projection,2.3232
block_prefill_stage,8,2048,11,make_tables_h2d,0.0292
block_prefill_stage,8,2048,11,append_prefill_kv,0.1154
block_prefill_stage,8,2048,11,flashattention_prefill_total,5.3826
block_prefill_stage,8,2048,11,attn_out_projection,0.9000
block_prefill_stage,8,2048,11,residual_attn,0.0815
block_prefill_stage,8,2048,11,ln2,0.0614
block_prefill_stage,8,2048,11,fc1,3.0650
block_prefill_stage,8,2048,11,gelu,0.2107
block_prefill_stage,8,2048,11,fc2,3.4294
block_prefill_stage,8,2048,11,residual_ffn,0.0812
block_prefill_stage,1,256,0,ln1,0.0130
block_prefill_stage,1,256,0,qkv_projection,0.3563
block_prefill_stage,1,256,0,make_tables_h2d,0.0151
block_prefill_stage,1,256,0,append_prefill_kv,0.0121
block_prefill_stage,1,256,0,flashattention_prefill_total,0.6631
block_prefill_stage,1,256,0,attn_out_projection,0.2951
block_prefill_stage,1,256,0,residual_attn,0.0142
block_prefill_stage,1,256,0,ln2,0.0129
block_prefill_stage,1,256,0,fc1,0.4527
block_prefill_stage,1,256,0,gelu,0.0198
block_prefill_stage,1,256,0,fc2,1.1688
block_prefill_stage,1,256,0,residual_ffn,0.0166
block_prefill_stage,1,256,1,ln1,0.0131
block_prefill_stage,1,256,1,qkv_projection,0.3602
block_prefill_stage,1,256,1,make_tables_h2d,0.0162
block_prefill_stage,1,256,1,append_prefill_kv,0.0116
block_prefill_stage,1,256,1,flashattention_prefill_total,0.6552
block_prefill_stage,1,256,1,attn_out_projection,0.2938
block_prefill_stage,1,256,1,residual_attn,0.0150
block_prefill_stage,1,256,1,ln2,0.0149
block_prefill_stage,1,256,1,fc1,0.4770
block_prefill_stage,1,256,1,gelu,0.2066
block_prefill_stage,1,256,1,fc2,1.1663
block_prefill_stage,1,256,1,residual_ffn,0.0146
block_prefill_stage,1,256,2,ln1,0.0137
block_prefill_stage,1,256,2,qkv_projection,0.3585
block_prefill_stage,1,256,2,make_tables_h2d,0.0194
block_prefill_stage,1,256,2,append_prefill_kv,0.0117
block_prefill_stage,1,256,2,flashattention_prefill_total,0.6557
block_prefill_stage,1,256,2,attn_out_projection,0.2936
block_prefill_stage,1,256,2,residual_attn,0.0126
block_prefill_stage,1,256,2,ln2,0.0128
block_prefill_stage,1,256,2,fc1,0.4469
block_prefill_stage,1,256,2,gelu,0.0195
block_prefill_stage,1,256,2,fc2,1.1633
block_prefill_stage,1,256,2,residual_ffn,0.0211
block_prefill_stage,1,256,3,ln1,0.0150
block_prefill_stage,1,256,3,qkv_projection,0.3600
block_prefill_stage,1,256,3,make_tables_h2d,0.0192
block_prefill_stage,1,256,3,append_prefill_kv,0.0135
block_prefill_stage,1,256,3,flashattention_prefill_total,0.6570
block_prefill_stage,1,256,3,attn_out_projection,0.2978
block_prefill_stage,1,256,3,residual_attn,0.0194
block_prefill_stage,1,256,3,ln2,0.0148
block_prefill_stage,1,256,3,fc1,0.4525
block_prefill_stage,1,256,3,gelu,0.0275
block_prefill_stage,1,256,3,fc2,1.1634
block_prefill_stage,1,256,3,residual_ffn,0.0195
block_prefill_stage,1,256,4,ln1,0.0153
block_prefill_stage,1,256,4,qkv_projection,0.3645
block_prefill_stage,1,256,4,make_tables_h2d,0.0190
block_prefill_stage,1,256,4,append_prefill_kv,0.0119
block_prefill_stage,1,256,4,flashattention_prefill_total,0.6563
block_prefill_stage,1,256,4,attn_out_projection,0.3004
block_prefill_stage,1,256,4,residual_attn,0.0135
block_prefill_stage,1,256,4,ln2,0.0133
block_prefill_stage,1,256,4,fc1,0.4536
block_prefill_stage,1,256,4,gelu,0.0215
block_prefill_stage,1,256,4,fc2,1.1238
block_prefill_stage,1,256,4,residual_ffn,0.0133
block_prefill_stage,1,256,5,ln1,0.0129
block_prefill_stage,1,256,5,qkv_projection,0.3448
block_prefill_stage,1,256,5,make_tables_h2d,0.0183
block_prefill_stage,1,256,5,append_prefill_kv,0.0119
block_prefill_stage,1,256,5,flashattention_prefill_total,0.6258
block_prefill_stage,1,256,5,attn_out_projection,0.2818
block_prefill_stage,1,256,5,residual_attn,0.0125
block_prefill_stage,1,256,5,ln2,0.0124
block_prefill_stage,1,256,5,fc1,0.4289
block_prefill_stage,1,256,5,gelu,0.0205
block_prefill_stage,1,256,5,fc2,1.1151
block_prefill_stage,1,256,5,residual_ffn,0.0129
block_prefill_stage,1,256,6,ln1,0.0129
block_prefill_stage,1,256,6,qkv_projection,0.3399
block_prefill_stage,1,256,6,make_tables_h2d,0.0159
block_prefill_stage,1,256,6,append_prefill_kv,0.0117
block_prefill_stage,1,256,6,flashattention_prefill_total,0.6249
block_prefill_stage,1,256,6,attn_out_projection,0.2802
block_prefill_stage,1,256,6,residual_attn,0.0130
block_prefill_stage,1,256,6,ln2,0.0123
block_prefill_stage,1,256,6,fc1,0.4352
block_prefill_stage,1,256,6,gelu,0.0199
block_prefill_stage,1,256,6,fc2,1.1158
block_prefill_stage,1,256,6,residual_ffn,0.0116
block_prefill_stage,1,256,7,ln1,0.0126
block_prefill_stage,1,256,7,qkv_projection,0.3389
block_prefill_stage,1,256,7,make_tables_h2d,0.0147
block_prefill_stage,1,256,7,append_prefill_kv,0.0112
block_prefill_stage,1,256,7,flashattention_prefill_total,0.6288
block_prefill_stage,1,256,7,attn_out_projection,0.2825
block_prefill_stage,1,256,7,residual_attn,0.0127
block_prefill_stage,1,256,7,ln2,0.0132
block_prefill_stage,1,256,7,fc1,0.4323
block_prefill_stage,1,256,7,gelu,0.0200
block_prefill_stage,1,256,7,fc2,1.1161
block_prefill_stage,1,256,7,residual_ffn,0.0116
block_prefill_stage,1,256,8,ln1,0.0126
block_prefill_stage,1,256,8,qkv_projection,0.3455
block_prefill_stage,1,256,8,make_tables_h2d,0.0146
block_prefill_stage,1,256,8,append_prefill_kv,0.0114
block_prefill_stage,1,256,8,flashattention_prefill_total,0.6296
block_prefill_stage,1,256,8,attn_out_projection,0.2812
block_prefill_stage,1,256,8,residual_attn,0.0118
block_prefill_stage,1,256,8,ln2,0.0123
block_prefill_stage,1,256,8,fc1,0.4320
block_prefill_stage,1,256,8,gelu,0.0217
block_prefill_stage,1,256,8,fc2,1.1170
block_prefill_stage,1,256,8,residual_ffn,0.0176
block_prefill_stage,1,256,9,ln1,0.0128
block_prefill_stage,1,256,9,qkv_projection,0.3419
block_prefill_stage,1,256,9,make_tables_h2d,0.0188
block_prefill_stage,1,256,9,append_prefill_kv,0.0119
block_prefill_stage,1,256,9,flashattention_prefill_total,0.6256
block_prefill_stage,1,256,9,attn_out_projection,0.2803
block_prefill_stage,1,256,9,residual_attn,0.0123
block_prefill_stage,1,256,9,ln2,0.0123
block_prefill_stage,1,256,9,fc1,0.4319
block_prefill_stage,1,256,9,gelu,0.0196
block_prefill_stage,1,256,9,fc2,1.1162
block_prefill_stage,1,256,9,residual_ffn,0.0122
block_prefill_stage,1,256,10,ln1,0.0124
block_prefill_stage,1,256,10,qkv_projection,0.3432
block_prefill_stage,1,256,10,make_tables_h2d,0.0147
block_prefill_stage,1,256,10,append_prefill_kv,0.0116
block_prefill_stage,1,256,10,flashattention_prefill_total,0.6247
block_prefill_stage,1,256,10,attn_out_projection,0.2814
block_prefill_stage,1,256,10,residual_attn,0.0128
block_prefill_stage,1,256,10,ln2,0.0122
block_prefill_stage,1,256,10,fc1,0.4589
block_prefill_stage,1,256,10,gelu,0.0285
block_prefill_stage,1,256,10,fc2,1.1203
block_prefill_stage,1,256,10,residual_ffn,0.0220
block_prefill_stage,1,256,11,ln1,0.0149
block_prefill_stage,1,256,11,qkv_projection,0.3493
block_prefill_stage,1,256,11,make_tables_h2d,0.0219
block_prefill_stage,1,256,11,append_prefill_kv,0.0320
block_prefill_stage,1,256,11,flashattention_prefill_total,0.6302
block_prefill_stage,1,256,11,attn_out_projection,0.2832
block_prefill_stage,1,256,11,residual_attn,0.0131
block_prefill_stage,1,256,11,ln2,0.0125
block_prefill_stage,1,256,11,fc1,0.4151
block_prefill_stage,1,256,11,gelu,0.0203
block_prefill_stage,1,256,11,fc2,1.0679
block_prefill_stage,1,256,11,residual_ffn,0.0128
block_prefill_stage,1,256,0,ln1,0.0137
block_prefill_stage,1,256,0,qkv_projection,0.3499
block_prefill_stage,1,256,0,make_tables_h2d,0.0174
block_prefill_stage,1,256,0,append_prefill_kv,0.0182
block_prefill_stage,1,256,0,flashattention_prefill_total,0.5948
block_prefill_stage,1,256,0,attn_out_projection,0.2738
block_prefill_stage,1,256,0,residual_attn,0.0133
block_prefill_stage,1,256,0,ln2,0.0126
block_prefill_stage,1,256,0,fc1,0.4121
block_prefill_stage,1,256,0,gelu,0.0214
block_prefill_stage,1,256,0,fc2,1.0646
block_prefill_stage,1,256,0,residual_ffn,0.0126
block_prefill_stage,1,256,1,ln1,0.0125
block_prefill_stage,1,256,1,qkv_projection,0.3277
block_prefill_stage,1,256,1,make_tables_h2d,0.0183
block_prefill_stage,1,256,1,append_prefill_kv,0.0114
block_prefill_stage,1,256,1,flashattention_prefill_total,0.5922
block_prefill_stage,1,256,1,attn_out_projection,0.2690
block_prefill_stage,1,256,1,residual_attn,0.0123
block_prefill_stage,1,256,1,ln2,0.0123
block_prefill_stage,1,256,1,fc1,0.4164
block_prefill_stage,1,256,1,gelu,0.0214
block_prefill_stage,1,256,1,fc2,1.0658
block_prefill_stage,1,256,1,residual_ffn,0.0126
block_prefill_stage,1,256,2,ln1,0.0124
block_prefill_stage,1,256,2,qkv_projection,0.3251
block_prefill_stage,1,256,2,make_tables_h2d,0.0158
block_prefill_stage,1,256,2,append_prefill_kv,0.0112
block_prefill_stage,1,256,2,flashattention_prefill_total,0.5907
block_prefill_stage,1,256,2,attn_out_projection,0.2681
block_prefill_stage,1,256,2,residual_attn,0.0141
block_prefill_stage,1,256,2,ln2,0.0126
block_prefill_stage,1,256,2,fc1,0.4053
block_prefill_stage,1,256,2,gelu,0.0186
block_prefill_stage,1,256,2,fc2,1.0637
block_prefill_stage,1,256,2,residual_ffn,0.0122
block_prefill_stage,1,256,3,ln1,0.0119
block_prefill_stage,1,256,3,qkv_projection,0.3246
block_prefill_stage,1,256,3,make_tables_h2d,0.0155
block_prefill_stage,1,256,3,append_prefill_kv,0.0114
block_prefill_stage,1,256,3,flashattention_prefill_total,0.5912
block_prefill_stage,1,256,3,attn_out_projection,0.2694
block_prefill_stage,1,256,3,residual_attn,0.0116
block_prefill_stage,1,256,3,ln2,0.0118
block_prefill_stage,1,256,3,fc1,0.4134
block_prefill_stage,1,256,3,gelu,0.0176
block_prefill_stage,1,256,3,fc2,1.0656
block_prefill_stage,1,256,3,residual_ffn,0.0117
block_prefill_stage,1,256,4,ln1,0.0156
block_prefill_stage,1,256,4,qkv_projection,0.3274
block_prefill_stage,1,256,4,make_tables_h2d,0.0237
block_prefill_stage,1,256,4,append_prefill_kv,0.0231
block_prefill_stage,1,256,4,flashattention_prefill_total,0.5930
block_prefill_stage,1,256,4,attn_out_projection,0.2706
block_prefill_stage,1,256,4,residual_attn,0.0153
block_prefill_stage,1,256,4,ln2,0.0135
block_prefill_stage,1,256,4,fc1,0.4076
block_prefill_stage,1,256,4,gelu,0.0192
block_prefill_stage,1,256,4,fc2,1.0640
block_prefill_stage,1,256,4,residual_ffn,0.0130
block_prefill_stage,1,256,5,ln1,0.0120
block_prefill_stage,1,256,5,qkv_projection,0.3288
block_prefill_stage,1,256,5,make_tables_h2d,0.0156
block_prefill_stage,1,256,5,append_prefill_kv,0.0121
block_prefill_stage,1,256,5,flashattention_prefill_total,0.5920
block_prefill_stage,1,256,5,attn_out_projection,0.2691
block_prefill_stage,1,256,5,residual_attn,0.0122
block_prefill_stage,1,256,5,ln2,0.0123
block_prefill_stage,1,256,5,fc1,0.4065
block_prefill_stage,1,256,5,gelu,0.0197
block_prefill_stage,1,256,5,fc2,1.0654
block_prefill_stage,1,256,5,residual_ffn,0.0186
block_prefill_stage,1,256,6,ln1,0.0142
block_prefill_stage,1,256,6,qkv_projection,0.3196
block_prefill_stage,1,256,6,make_tables_h2d,0.0190
block_prefill_stage,1,256,6,append_prefill_kv,0.0139
block_prefill_stage,1,256,6,flashattention_prefill_total,0.5726
block_prefill_stage,1,256,6,attn_out_projection,0.2628
block_prefill_stage,1,256,6,residual_attn,0.0167
block_prefill_stage,1,256,6,ln2,0.0139
block_prefill_stage,1,256,6,fc1,0.3985
block_prefill_stage,1,256,6,gelu,0.0253
block_prefill_stage,1,256,6,fc2,1.0432
block_prefill_stage,1,256,6,residual_ffn,0.0167
block_prefill_stage,1,256,7,ln1,0.0129
block_prefill_stage,1,256,7,qkv_projection,0.3182
block_prefill_stage,1,256,7,make_tables_h2d,0.0192
block_prefill_stage,1,256,7,append_prefill_kv,0.0115
block_prefill_stage,1,256,7,flashattention_prefill_total,0.5732
block_prefill_stage,1,256,7,attn_out_projection,0.2622
block_prefill_stage,1,256,7,residual_attn,0.0127
block_prefill_stage,1,256,7,ln2,0.0120
block_prefill_stage,1,256,7,fc1,0.3917
block_prefill_stage,1,256,7,gelu,0.0182
block_prefill_stage,1,256,7,fc2,1.0381
block_prefill_stage,1,256,7,residual_ffn,0.0138
block_prefill_stage,1,256,8,ln1,0.0120
block_prefill_stage,1,256,8,qkv_projection,0.3149
block_prefill_stage,1,256,8,make_tables_h2d,0.0173
block_prefill_stage,1,256,8,append_prefill_kv,0.0123
block_prefill_stage,1,256,8,flashattention_prefill_total,0.5728
block_prefill_stage,1,256,8,attn_out_projection,0.2599
block_prefill_stage,1,256,8,residual_attn,0.0135
block_prefill_stage,1,256,8,ln2,0.0120
block_prefill_stage,1,256,8,fc1,0.3970
block_prefill_stage,1,256,8,gelu,0.0179
block_prefill_stage,1,256,8,fc2,1.0365
block_prefill_stage,1,256,8,residual_ffn,0.0119
block_prefill_stage,1,256,9,ln1,0.0119
block_prefill_stage,1,256,9,qkv_projection,0.3190
block_prefill_stage,1,256,9,make_tables_h2d,0.0149
block_prefill_stage,1,256,9,append_prefill_kv,0.0115
block_prefill_stage,1,256,9,flashattention_prefill_total,0.5729
block_prefill_stage,1,256,9,attn_out_projection,0.2599
block_prefill_stage,1,256,9,residual_attn,0.0126
block_prefill_stage,1,256,9,ln2,0.0120
block_prefill_stage,1,256,9,fc1,0.3944
block_prefill_stage,1,256,9,gelu,0.0195
block_prefill_stage,1,256,9,fc2,1.0371
block_prefill_stage,1,256,9,residual_ffn,0.0114
block_prefill_stage,1,256,10,ln1,0.0119
block_prefill_stage,1,256,10,qkv_projection,0.3164
block_prefill_stage,1,256,10,make_tables_h2d,0.0156
block_prefill_stage,1,256,10,append_prefill_kv,0.0121
block_prefill_stage,1,256,10,flashattention_prefill_total,0.5717
block_prefill_stage,1,256,10,attn_out_projection,0.2623
block_prefill_stage,1,256,10,residual_attn,0.0122
block_prefill_stage,1,256,10,ln2,0.0119
block_prefill_stage,1,256,10,fc1,0.4023
block_prefill_stage,1,256,10,gelu,0.0195
block_prefill_stage,1,256,10,fc2,1.0360
block_prefill_stage,1,256,10,residual_ffn,0.0115
block_prefill_stage,1,256,11,ln1,0.0120
block_prefill_stage,1,256,11,qkv_projection,0.3188
block_prefill_stage,1,256,11,make_tables_h2d,0.0134
block_prefill_stage,1,256,11,append_prefill_kv,0.0139
block_prefill_stage,1,256,11,flashattention_prefill_total,0.5761
block_prefill_stage,1,256,11,attn_out_projection,0.2671
block_prefill_stage,1,256,11,residual_attn,0.0132
block_prefill_stage,1,256,11,ln2,0.0130
block_prefill_stage,1,256,11,fc1,0.4187
block_prefill_stage,1,256,11,gelu,0.0272
block_prefill_stage,1,256,11,fc2,1.0432
block_prefill_stage,1,256,11,residual_ffn,0.0216
block_prefill_stage,1,256,0,ln1,0.0125
block_prefill_stage,1,256,0,qkv_projection,0.3216
block_prefill_stage,1,256,0,make_tables_h2d,0.0143
block_prefill_stage,1,256,0,append_prefill_kv,0.0117
block_prefill_stage,1,256,0,flashattention_prefill_total,0.5731
block_prefill_stage,1,256,0,attn_out_projection,0.2630
block_prefill_stage,1,256,0,residual_attn,0.0127
block_prefill_stage,1,256,0,ln2,0.0117
block_prefill_stage,1,256,0,fc1,0.3959
block_prefill_stage,1,256,0,gelu,0.0243
block_prefill_stage,1,256,0,fc2,1.0391
block_prefill_stage,1,256,0,residual_ffn,0.0186
block_prefill_stage,1,256,1,ln1,0.0130
block_prefill_stage,1,256,1,qkv_projection,0.3187
block_prefill_stage,1,256,1,make_tables_h2d,0.0225
block_prefill_stage,1,256,1,append_prefill_kv,0.0157
block_prefill_stage,1,256,1,flashattention_prefill_total,0.5772
block_prefill_stage,1,256,1,attn_out_projection,0.2660
block_prefill_stage,1,256,1,residual_attn,0.0133
block_prefill_stage,1,256,1,ln2,0.0124
block_prefill_stage,1,256,1,fc1,0.3987
block_prefill_stage,1,256,1,gelu,0.0232
block_prefill_stage,1,256,1,fc2,1.0197
block_prefill_stage,1,256,1,residual_ffn,0.0125
block_prefill_stage,1,256,2,ln1,0.0119
block_prefill_stage,1,256,2,qkv_projection,0.3087
block_prefill_stage,1,256,2,make_tables_h2d,0.0193
block_prefill_stage,1,256,2,append_prefill_kv,0.0125
block_prefill_stage,1,256,2,flashattention_prefill_total,0.5617
block_prefill_stage,1,256,2,attn_out_projection,0.2562
block_prefill_stage,1,256,2,residual_attn,0.0137
block_prefill_stage,1,256,2,ln2,0.0118
block_prefill_stage,1,256,2,fc1,0.3881
block_prefill_stage,1,256,2,gelu,0.0177
block_prefill_stage,1,256,2,fc2,1.0177
block_prefill_stage,1,256,2,residual_ffn,0.0125
block_prefill_stage,1,256,3,ln1,0.0119
block_prefill_stage,1,256,3,qkv_projection,0.3122
block_prefill_stage,1,256,3,make_tables_h2d,0.0155
block_prefill_stage,1,256,3,append_prefill_kv,0.0109
block_prefill_stage,1,256,3,flashattention_prefill_total,0.5602
block_prefill_stage,1,256,3,attn_out_projection,0.2556
block_prefill_stage,1,256,3,residual_attn,0.0125
block_prefill_stage,1,256,3,ln2,0.0118
block_prefill_stage,1,256,3,fc1,0.3858
block_prefill_stage,1,256,3,gelu,0.0183
block_prefill_stage,1,256,3,fc2,1.0206
block_prefill_stage,1,256,3,residual_ffn,0.0121
block_prefill_stage,1,256,4,ln1,0.0120
block_prefill_stage,1,256,4,qkv_projection,0.3138
block_prefill_stage,1,256,4,make_tables_h2d,0.0144
block_prefill_stage,1,256,4,append_prefill_kv,0.0106
block_prefill_stage,1,256,4,flashattention_prefill_total,0.5616
block_prefill_stage,1,256,4,attn_out_projection,0.2560
block_prefill_stage,1,256,4,residual_attn,0.0118
block_prefill_stage,1,256,4,ln2,0.0115
block_prefill_stage,1,256,4,fc1,0.3866
block_prefill_stage,1,256,4,gelu,0.0184
block_prefill_stage,1,256,4,fc2,1.0196
block_prefill_stage,1,256,4,residual_ffn,0.0117
block_prefill_stage,1,256,5,ln1,0.0118
block_prefill_stage,1,256,5,qkv_projection,0.3123
block_prefill_stage,1,256,5,make_tables_h2d,0.0140
block_prefill_stage,1,256,5,append_prefill_kv,0.0109
block_prefill_stage,1,256,5,flashattention_prefill_total,0.5619
block_prefill_stage,1,256,5,attn_out_projection,0.2554
block_prefill_stage,1,256,5,residual_attn,0.0125
block_prefill_stage,1,256,5,ln2,0.0113
block_prefill_stage,1,256,5,fc1,0.3904
block_prefill_stage,1,256,5,gelu,0.0177
block_prefill_stage,1,256,5,fc2,1.0177
block_prefill_stage,1,256,5,residual_ffn,0.0115
block_prefill_stage,1,256,6,ln1,0.0118
block_prefill_stage,1,256,6,qkv_projection,0.3215
block_prefill_stage,1,256,6,make_tables_h2d,0.0160
block_prefill_stage,1,256,6,append_prefill_kv,0.0134
block_prefill_stage,1,256,6,flashattention_prefill_total,0.5659
block_prefill_stage,1,256,6,attn_out_projection,0.2621
block_prefill_stage,1,256,6,residual_attn,0.0201
block_prefill_stage,1,256,6,ln2,0.0140
block_prefill_stage,1,256,6,fc1,0.3898
block_prefill_stage,1,256,6,gelu,0.0234
block_prefill_stage,1,256,6,fc2,1.0171
block_prefill_stage,1,256,6,residual_ffn,0.0119
block_prefill_stage,1,256,7,ln1,0.0118
block_prefill_stage,1,256,7,qkv_projection,0.3082
block_prefill_stage,1,256,7,make_tables_h2d,0.0302
block_prefill_stage,1,256,7,append_prefill_kv,0.0111
block_prefill_stage,1,256,7,flashattention_prefill_total,0.5620
block_prefill_stage,1,256,7,attn_out_projection,0.2564
block_prefill_stage,1,256,7,residual_attn,0.0118
block_prefill_stage,1,256,7,ln2,0.0120
block_prefill_stage,1,256,7,fc1,0.3870
block_prefill_stage,1,256,7,gelu,0.0225
block_prefill_stage,1,256,7,fc2,1.0240
block_prefill_stage,1,256,7,residual_ffn,0.0181
block_prefill_stage,1,256,8,ln1,0.0125
block_prefill_stage,1,256,8,qkv_projection,0.3198
block_prefill_stage,1,256,8,make_tables_h2d,0.0245
block_prefill_stage,1,256,8,append_prefill_kv,0.0176
block_prefill_stage,1,256,8,flashattention_prefill_total,0.5666
block_prefill_stage,1,256,8,attn_out_projection,0.2674
block_prefill_stage,1,256,8,residual_attn,0.0219
block_prefill_stage,1,256,8,ln2,0.0139
block_prefill_stage,1,256,8,fc1,0.3949
block_prefill_stage,1,256,8,gelu,0.0257
block_prefill_stage,1,256,8,fc2,1.0222
block_prefill_stage,1,256,8,residual_ffn,0.0205
block_prefill_stage,1,256,9,ln1,0.0150
block_prefill_stage,1,256,9,qkv_projection,0.3216
block_prefill_stage,1,256,9,make_tables_h2d,0.0248
block_prefill_stage,1,256,9,append_prefill_kv,0.0184
block_prefill_stage,1,256,9,flashattention_prefill_total,0.5570
block_prefill_stage,1,256,9,attn_out_projection,0.2534
block_prefill_stage,1,256,9,residual_attn,0.0121
block_prefill_stage,1,256,9,ln2,0.0123
block_prefill_stage,1,256,9,fc1,0.3863
block_prefill_stage,1,256,9,gelu,0.0201
block_prefill_stage,1,256,9,fc2,1.0105
block_prefill_stage,1,256,9,residual_ffn,0.0133
block_prefill_stage,1,256,10,ln1,0.0115
block_prefill_stage,1,256,10,qkv_projection,0.3031
block_prefill_stage,1,256,10,make_tables_h2d,0.0161
block_prefill_stage,1,256,10,append_prefill_kv,0.0112
block_prefill_stage,1,256,10,flashattention_prefill_total,0.5572
block_prefill_stage,1,256,10,attn_out_projection,0.2559
block_prefill_stage,1,256,10,residual_attn,0.0127
block_prefill_stage,1,256,10,ln2,0.0117
block_prefill_stage,1,256,10,fc1,0.3831
block_prefill_stage,1,256,10,gelu,0.0299
block_prefill_stage,1,256,10,fc2,1.0153
block_prefill_stage,1,256,10,residual_ffn,0.0118
block_prefill_stage,1,256,11,ln1,0.0122
block_prefill_stage,1,256,11,qkv_projection,0.2991
block_prefill_stage,1,256,11,make_tables_h2d,0.0149
block_prefill_stage,1,256,11,append_prefill_kv,0.0105
block_prefill_stage,1,256,11,flashattention_prefill_total,0.5560
block_prefill_stage,1,256,11,attn_out_projection,0.2535
block_prefill_stage,1,256,11,residual_attn,0.0120
block_prefill_stage,1,256,11,ln2,0.0115
block_prefill_stage,1,256,11,fc1,0.3840
block_prefill_stage,1,256,11,gelu,0.0188
block_prefill_stage,1,256,11,fc2,1.0095
block_prefill_stage,1,256,11,residual_ffn,0.0112
block_prefill_stage,1,256,0,ln1,0.0115
block_prefill_stage,1,256,0,qkv_projection,0.3086
block_prefill_stage,1,256,0,make_tables_h2d,0.0138
block_prefill_stage,1,256,0,append_prefill_kv,0.0108
block_prefill_stage,1,256,0,flashattention_prefill_total,0.5556
block_prefill_stage,1,256,0,attn_out_projection,0.2559
block_prefill_stage,1,256,0,residual_attn,0.0172
block_prefill_stage,1,256,0,ln2,0.0140
block_prefill_stage,1,256,0,fc1,0.3863
block_prefill_stage,1,256,0,gelu,0.0255
block_prefill_stage,1,256,0,fc2,1.0120
block_prefill_stage,1,256,0,residual_ffn,0.0119
block_prefill_stage,1,256,1,ln1,0.0120
block_prefill_stage,1,256,1,qkv_projection,0.3002
block_prefill_stage,1,256,1,make_tables_h2d,0.0351
block_prefill_stage,1,256,1,append_prefill_kv,0.0120
block_prefill_stage,1,256,1,flashattention_prefill_total,0.5583
block_prefill_stage,1,256,1,attn_out_projection,0.2540
block_prefill_stage,1,256,1,residual_attn,0.0123
block_prefill_stage,1,256,1,ln2,0.0151
block_prefill_stage,1,256,1,fc1,0.3870
block_prefill_stage,1,256,1,gelu,0.0256
block_prefill_stage,1,256,1,fc2,1.0126
block_prefill_stage,1,256,1,residual_ffn,0.0131
block_prefill_stage,1,256,2,ln1,0.0129
block_prefill_stage,1,256,2,qkv_projection,0.3112
block_prefill_stage,1,256,2,make_tables_h2d,0.0195
block_prefill_stage,1,256,2,append_prefill_kv,0.0115
block_prefill_stage,1,256,2,flashattention_prefill_total,0.5583
block_prefill_stage,1,256,2,attn_out_projection,0.2545
block_prefill_stage,1,256,2,residual_attn,0.0125
block_prefill_stage,1,256,2,ln2,0.0120
block_prefill_stage,1,256,2,fc1,0.3855
block_prefill_stage,1,256,2,gelu,0.0180
block_prefill_stage,1,256,2,fc2,1.0112
block_prefill_stage,1,256,2,residual_ffn,0.0114
block_prefill_stage,1,256,3,ln1,0.0115
block_prefill_stage,1,256,3,qkv_projection,0.2986
block_prefill_stage,1,256,3,make_tables_h2d,0.0144
block_prefill_stage,1,256,3,append_prefill_kv,0.0109
block_prefill_stage,1,256,3,flashattention_prefill_total,0.5556
block_prefill_stage,1,256,3,attn_out_projection,0.2538
block_prefill_stage,1,256,3,residual_attn,0.0121
block_prefill_stage,1,256,3,ln2,0.0117
block_prefill_stage,1,256,3,fc1,0.3834
block_prefill_stage,1,256,3,gelu,0.0275
block_prefill_stage,1,256,3,fc2,1.0164
block_prefill_stage,1,256,3,residual_ffn,0.0216
block_prefill_stage,1,256,4,ln1,0.0150
block_prefill_stage,1,256,4,qkv_projection,0.3164
block_prefill_stage,1,256,4,make_tables_h2d,0.0237
block_prefill_stage,1,256,4,append_prefill_kv,0.0148
block_prefill_stage,1,256,4,flashattention_prefill_total,0.5574
block_prefill_stage,1,256,4,attn_out_projection,0.2578
block_prefill_stage,1,256,4,residual_attn,0.0196
block_prefill_stage,1,256,4,ln2,0.0143
block_prefill_stage,1,256,4,fc1,0.4044
block_prefill_stage,1,256,4,gelu,0.0213
block_prefill_stage,1,256,4,fc2,1.0105
block_prefill_stage,1,256,4,residual_ffn,0.0134
block_prefill_stage,1,256,5,ln1,0.0121
block_prefill_stage,1,256,5,qkv_projection,0.3066
block_prefill_stage,1,256,5,make_tables_h2d,0.0193
block_prefill_stage,1,256,5,append_prefill_kv,0.0112
block_prefill_stage,1,256,5,flashattention_prefill_total,0.5572
block_prefill_stage,1,256,5,attn_out_projection,0.2557
block_prefill_stage,1,256,5,residual_attn,0.0123
block_prefill_stage,1,256,5,ln2,0.0113
block_prefill_stage,1,256,5,fc1,0.3875
block_prefill_stage,1,256,5,gelu,0.0192
block_prefill_stage,1,256,5,fc2,1.0133
block_prefill_stage,1,256,5,residual_ffn,0.0126
block_prefill_stage,1,256,6,ln1,0.0120
block_prefill_stage,1,256,6,qkv_projection,0.3082
block_prefill_stage,1,256,6,make_tables_h2d,0.0149
block_prefill_stage,1,256,6,append_prefill_kv,0.0111
block_prefill_stage,1,256,6,flashattention_prefill_total,0.5562
block_prefill_stage,1,256,6,attn_out_projection,0.2556
block_prefill_stage,1,256,6,residual_attn,0.0124
block_prefill_stage,1,256,6,ln2,0.0126
block_prefill_stage,1,256,6,fc1,0.3862
block_prefill_stage,1,256,6,gelu,0.0189
block_prefill_stage,1,256,6,fc2,1.0099
block_prefill_stage,1,256,6,residual_ffn,0.0125
block_prefill_stage,1,256,7,ln1,0.0123
block_prefill_stage,1,256,7,qkv_projection,0.3114
block_prefill_stage,1,256,7,make_tables_h2d,0.0148
block_prefill_stage,1,256,7,append_prefill_kv,0.0112
block_prefill_stage,1,256,7,flashattention_prefill_total,0.5544
block_prefill_stage,1,256,7,attn_out_projection,0.2532
block_prefill_stage,1,256,7,residual_attn,0.0116
block_prefill_stage,1,256,7,ln2,0.0114
block_prefill_stage,1,256,7,fc1,0.3827
block_prefill_stage,1,256,7,gelu,0.0195
block_prefill_stage,1,256,7,fc2,1.0104
block_prefill_stage,1,256,7,residual_ffn,0.0123
block_prefill_stage,1,256,8,ln1,0.0118
block_prefill_stage,1,256,8,qkv_projection,0.3071
block_prefill_stage,1,256,8,make_tables_h2d,0.0155
block_prefill_stage,1,256,8,append_prefill_kv,0.0108
block_prefill_stage,1,256,8,flashattention_prefill_total,0.5563
block_prefill_stage,1,256,8,attn_out_projection,0.2569
block_prefill_stage,1,256,8,residual_attn,0.0117
block_prefill_stage,1,256,8,ln2,0.0119
block_prefill_stage,1,256,8,fc1,0.3841
block_prefill_stage,1,256,8,gelu,0.0183
block_prefill_stage,1,256,8,fc2,1.0158
block_prefill_stage,1,256,8,residual_ffn,0.0176
block_prefill_stage,1,256,9,ln1,0.0129
block_prefill_stage,1,256,9,qkv_projection,0.3109
block_prefill_stage,1,256,9,make_tables_h2d,0.0179
block_prefill_stage,1,256,9,append_prefill_kv,0.0112
block_prefill_stage,1,256,9,flashattention_prefill_total,0.5562
block_prefill_stage,1,256,9,attn_out_projection,0.2562
block_prefill_stage,1,256,9,residual_attn,0.0125
block_prefill_stage,1,256,9,ln2,0.0117
block_prefill_stage,1,256,9,fc1,0.3963
block_prefill_stage,1,256,9,gelu,0.0183
block_prefill_stage,1,256,9,fc2,1.0110
block_prefill_stage,1,256,9,residual_ffn,0.0116
block_prefill_stage,1,256,10,ln1,0.0117
block_prefill_stage,1,256,10,qkv_projection,0.3063
block_prefill_stage,1,256,10,make_tables_h2d,0.0143
block_prefill_stage,1,256,10,append_prefill_kv,0.0109
block_prefill_stage,1,256,10,flashattention_prefill_total,0.5555
block_prefill_stage,1,256,10,attn_out_projection,0.2523
block_prefill_stage,1,256,10,residual_attn,0.0123
block_prefill_stage,1,256,10,ln2,0.0176
block_prefill_stage,1,256,10,fc1,0.3830
block_prefill_stage,1,256,10,gelu,0.0228
block_prefill_stage,1,256,10,fc2,1.0128
block_prefill_stage,1,256,10,residual_ffn,0.0215
block_prefill_stage,1,256,11,ln1,0.0141
block_prefill_stage,1,256,11,qkv_projection,0.3098
block_prefill_stage,1,256,11,make_tables_h2d,0.0254
block_prefill_stage,1,256,11,append_prefill_kv,0.0169
block_prefill_stage,1,256,11,flashattention_prefill_total,0.5597
block_prefill_stage,1,256,11,attn_out_projection,0.2584
block_prefill_stage,1,256,11,residual_attn,0.0128
block_prefill_stage,1,256,11,ln2,0.0125
block_prefill_stage,1,256,11,fc1,0.4007
block_prefill_stage,1,256,11,gelu,0.0265
block_prefill_stage,1,256,11,fc2,1.0156
block_prefill_stage,1,256,11,residual_ffn,0.0139
block_prefill_stage,1,256,0,ln1,0.0122
block_prefill_stage,1,256,0,qkv_projection,0.3117
block_prefill_stage,1,256,0,make_tables_h2d,0.0145
block_prefill_stage,1,256,0,append_prefill_kv,0.0106
block_prefill_stage,1,256,0,flashattention_prefill_total,0.5573
block_prefill_stage,1,256,0,attn_out_projection,0.2585
block_prefill_stage,1,256,0,residual_attn,0.0126
block_prefill_stage,1,256,0,ln2,0.0121
block_prefill_stage,1,256,0,fc1,0.3841
block_prefill_stage,1,256,0,gelu,0.0212
block_prefill_stage,1,256,0,fc2,1.0095
block_prefill_stage,1,256,0,residual_ffn,0.0127
block_prefill_stage,1,256,1,ln1,0.0117
block_prefill_stage,1,256,1,qkv_projection,0.3004
block_prefill_stage,1,256,1,make_tables_h2d,0.0180
block_prefill_stage,1,256,1,append_prefill_kv,0.0111
block_prefill_stage,1,256,1,flashattention_prefill_total,0.5565
block_prefill_stage,1,256,1,attn_out_projection,0.2725
block_prefill_stage,1,256,1,residual_attn,0.0123
block_prefill_stage,1,256,1,ln2,0.0124
block_prefill_stage,1,256,1,fc1,0.3857
block_prefill_stage,1,256,1,gelu,0.0178
block_prefill_stage,1,256,1,fc2,1.0118
block_prefill_stage,1,256,1,residual_ffn,0.0134
block_prefill_stage,1,256,2,ln1,0.0119
block_prefill_stage,1,256,2,qkv_projection,0.3141
block_prefill_stage,1,256,2,make_tables_h2d,0.0159
block_prefill_stage,1,256,2,append_prefill_kv,0.0117
block_prefill_stage,1,256,2,flashattention_prefill_total,0.5546
block_prefill_stage,1,256,2,attn_out_projection,0.2548
block_prefill_stage,1,256,2,residual_attn,0.0117
block_prefill_stage,1,256,2,ln2,0.0113
block_prefill_stage,1,256,2,fc1,0.3833
block_prefill_stage,1,256,2,gelu,0.0197
block_prefill_stage,1,256,2,fc2,1.0132
block_prefill_stage,1,256,2,residual_ffn,0.0207
block_prefill_stage,1,256,3,ln1,0.0141
block_prefill_stage,1,256,3,qkv_projection,0.3040
block_prefill_stage,1,256,3,make_tables_h2d,0.0194
block_prefill_stage,1,256,3,append_prefill_kv,0.0133
block_prefill_stage,1,256,3,flashattention_prefill_total,0.5586
block_prefill_stage,1,256,3,attn_out_projection,0.2651
block_prefill_stage,1,256,3,residual_attn,0.0215
block_prefill_stage,1,256,3,ln2,0.0138
block_prefill_stage,1,256,3,fc1,0.3907
block_prefill_stage,1,256,3,gelu,0.0271
block_prefill_stage,1,256,3,fc2,1.0152
block_prefill_stage,1,256,3,residual_ffn,0.0187
block_prefill_stage,1,256,4,ln1,0.0132
block_prefill_stage,1,256,4,qkv_projection,0.3099
block_prefill_stage,1,256,4,make_tables_h2d,0.0321
block_prefill_stage,1,256,4,append_prefill_kv,0.0163
block_prefill_stage,1,256,4,flashattention_prefill_total,0.5621
block_prefill_stage,1,256,4,attn_out_projection,0.2705
block_prefill_stage,1,256,4,residual_attn,0.0138
block_prefill_stage,1,256,4,ln2,0.0121
block_prefill_stage,1,256,4,fc1,0.3848
block_prefill_stage,1,256,4,gelu,0.0187
block_prefill_stage,1,256,4,fc2,1.0119
block_prefill_stage,1,256,4,residual_ffn,0.0130
block_prefill_stage,1,256,5,ln1,0.0119
block_prefill_stage,1,256,5,qkv_projection,0.3094
block_prefill_stage,1,256,5,make_tables_h2d,0.0193
block_prefill_stage,1,256,5,append_prefill_kv,0.0116
block_prefill_stage,1,256,5,flashattention_prefill_total,0.5568
block_prefill_stage,1,256,5,attn_out_projection,0.2547
block_prefill_stage,1,256,5,residual_attn,0.0134
block_prefill_stage,1,256,5,ln2,0.0118
block_prefill_stage,1,256,5,fc1,0.3865
block_prefill_stage,1,256,5,gelu,0.0182
block_prefill_stage,1,256,5,fc2,1.0123
block_prefill_stage,1,256,5,residual_ffn,0.0132
block_prefill_stage,1,256,6,ln1,0.0122
block_prefill_stage,1,256,6,qkv_projection,0.3085
block_prefill_stage,1,256,6,make_tables_h2d,0.0245
block_prefill_stage,1,256,6,append_prefill_kv,0.0172
block_prefill_stage,1,256,6,flashattention_prefill_total,0.5576
block_prefill_stage,1,256,6,attn_out_projection,0.2591
block_prefill_stage,1,256,6,residual_attn,0.0122
block_prefill_stage,1,256,6,ln2,0.0126
block_prefill_stage,1,256,6,fc1,0.3830
block_prefill_stage,1,256,6,gelu,0.0243
block_prefill_stage,1,256,6,fc2,1.0173
block_prefill_stage,1,256,6,residual_ffn,0.0198
block_prefill_stage,1,256,7,ln1,0.0131
block_prefill_stage,1,256,7,qkv_projection,0.3104
block_prefill_stage,1,256,7,make_tables_h2d,0.0199
block_prefill_stage,1,256,7,append_prefill_kv,0.0121
block_prefill_stage,1,256,7,flashattention_prefill_total,0.5567
block_prefill_stage,1,256,7,attn_out_projection,0.2571
block_prefill_stage,1,256,7,residual_attn,0.0124
block_prefill_stage,1,256,7,ln2,0.0115
block_prefill_stage,1,256,7,fc1,0.3867
block_prefill_stage,1,256,7,gelu,0.0193
block_prefill_stage,1,256,7,fc2,1.0112
block_prefill_stage,1,256,7,residual_ffn,0.0126
block_prefill_stage,1,256,8,ln1,0.0119
block_prefill_stage,1,256,8,qkv_projection,0.3058
block_prefill_stage,1,256,8,make_tables_h2d,0.0158
block_prefill_stage,1,256,8,append_prefill_kv,0.0114
block_prefill_stage,1,256,8,flashattention_prefill_total,0.5561
block_prefill_stage,1,256,8,attn_out_projection,0.2550
block_prefill_stage,1,256,8,residual_attn,0.0135
block_prefill_stage,1,256,8,ln2,0.0115
block_prefill_stage,1,256,8,fc1,0.3873
block_prefill_stage,1,256,8,gelu,0.0182
block_prefill_stage,1,256,8,fc2,1.0084
block_prefill_stage,1,256,8,residual_ffn,0.0130
block_prefill_stage,1,256,9,ln1,0.0124
block_prefill_stage,1,256,9,qkv_projection,0.3118
block_prefill_stage,1,256,9,make_tables_h2d,0.0148
block_prefill_stage,1,256,9,append_prefill_kv,0.0106
block_prefill_stage,1,256,9,flashattention_prefill_total,0.5553
block_prefill_stage,1,256,9,attn_out_projection,0.2639
block_prefill_stage,1,256,9,residual_attn,0.0123
block_prefill_stage,1,256,9,ln2,0.0115
block_prefill_stage,1,256,9,fc1,0.3828
block_prefill_stage,1,256,9,gelu,0.0214
block_prefill_stage,1,256,9,fc2,1.0106
block_prefill_stage,1,256,9,residual_ffn,0.0150
block_prefill_stage,1,256,10,ln1,0.0122
block_prefill_stage,1,256,10,qkv_projection,0.3092
block_prefill_stage,1,256,10,make_tables_h2d,0.0219
block_prefill_stage,1,256,10,append_prefill_kv,0.0109
block_prefill_stage,1,256,10,flashattention_prefill_total,0.5559
block_prefill_stage,1,256,10,attn_out_projection,0.2551
block_prefill_stage,1,256,10,residual_attn,0.0123
block_prefill_stage,1,256,10,ln2,0.0117
block_prefill_stage,1,256,10,fc1,0.3855
block_prefill_stage,1,256,10,gelu,0.0184
block_prefill_stage,1,256,10,fc2,1.0126
block_prefill_stage,1,256,10,residual_ffn,0.0113
block_prefill_stage,1,256,11,ln1,0.0118
block_prefill_stage,1,256,11,qkv_projection,0.3193
block_prefill_stage,1,256,11,make_tables_h2d,0.0149
block_prefill_stage,1,256,11,append_prefill_kv,0.0132
block_prefill_stage,1,256,11,flashattention_prefill_total,0.5593
block_prefill_stage,1,256,11,attn_out_projection,0.2593
block_prefill_stage,1,256,11,residual_attn,0.0130
block_prefill_stage,1,256,11,ln2,0.0121
block_prefill_stage,1,256,11,fc1,0.3840
block_prefill_stage,1,256,11,gelu,0.0188
block_prefill_stage,1,256,11,fc2,1.0132
block_prefill_stage,1,256,11,residual_ffn,0.0117
block_prefill_stage,1,256,0,ln1,0.0117
block_prefill_stage,1,256,0,qkv_projection,0.3018
block_prefill_stage,1,256,0,make_tables_h2d,0.0142
block_prefill_stage,1,256,0,append_prefill_kv,0.0109
block_prefill_stage,1,256,0,flashattention_prefill_total,0.5563
block_prefill_stage,1,256,0,attn_out_projection,0.2555
block_prefill_stage,1,256,0,residual_attn,0.0123
block_prefill_stage,1,256,0,ln2,0.0115
block_prefill_stage,1,256,0,fc1,0.3853
block_prefill_stage,1,256,0,gelu,0.0180
block_prefill_stage,1,256,0,fc2,1.0153
block_prefill_stage,1,256,0,residual_ffn,0.0191
block_prefill_stage,1,256,1,ln1,0.0178
block_prefill_stage,1,256,1,qkv_projection,0.3036
block_prefill_stage,1,256,1,make_tables_h2d,0.0187
block_prefill_stage,1,256,1,append_prefill_kv,0.0113
block_prefill_stage,1,256,1,flashattention_prefill_total,0.5588
block_prefill_stage,1,256,1,attn_out_projection,0.2635
block_prefill_stage,1,256,1,residual_attn,0.0184
block_prefill_stage,1,256,1,ln2,0.0134
block_prefill_stage,1,256,1,fc1,0.3876
block_prefill_stage,1,256,1,gelu,0.0258
block_prefill_stage,1,256,1,fc2,1.0124
block_prefill_stage,1,256,1,residual_ffn,0.0133
block_prefill_stage,1,256,2,ln1,0.0126
block_prefill_stage,1,256,2,qkv_projection,0.3057
block_prefill_stage,1,256,2,make_tables_h2d,0.0187
block_prefill_stage,1,256,2,append_prefill_kv,0.0113
block_prefill_stage,1,256,2,flashattention_prefill_total,0.5576
block_prefill_stage,1,256,2,attn_out_projection,0.2561
block_prefill_stage,1,256,2,residual_attn,0.0126
block_prefill_stage,1,256,2,ln2,0.0125
block_prefill_stage,1,256,2,fc1,0.3892
block_prefill_stage,1,256,2,gelu,0.0194
block_prefill_stage,1,256,2,fc2,1.0110
block_prefill_stage,1,256,2,residual_ffn,0.0124
block_prefill_stage,1,256,3,ln1,0.0124
block_prefill_stage,1,256,3,qkv_projection,0.3055
block_prefill_stage,1,256,3,make_tables_h2d,0.0165
block_prefill_stage,1,256,3,append_prefill_kv,0.0114
block_prefill_stage,1,256,3,flashattention_prefill_total,0.5559
block_prefill_stage,1,256,3,attn_out_projection,0.2538
block_prefill_stage,1,256,3,residual_attn,0.0123
block_prefill_stage,1,256,3,ln2,0.0120
block_prefill_stage,1,256,3,fc1,0.3915
block_prefill_stage,1,256,3,gelu,0.0184
block_prefill_stage,1,256,3,fc2,1.0154
block_prefill_stage,1,256,3,residual_ffn,0.0142
block_prefill_stage,1,256,4,ln1,0.0139
block_prefill_stage,1,256,4,qkv_projection,0.3096
block_prefill_stage,1,256,4,make_tables_h2d,0.0161
block_prefill_stage,1,256,4,append_prefill_kv,0.0107
block_prefill_stage,1,256,4,flashattention_prefill_total,0.5594
block_prefill_stage,1,256,4,attn_out_projection,0.2614
block_prefill_stage,1,256,4,residual_attn,0.0129
block_prefill_stage,1,256,4,ln2,0.0122
block_prefill_stage,1,256,4,fc1,0.3873
block_prefill_stage,1,256,4,gelu,0.0185
block_prefill_stage,1,256,4,fc2,1.0130
block_prefill_stage,1,256,4,residual_ffn,0.0119
block_prefill_stage,1,256,5,ln1,0.0117
block_prefill_stage,1,256,5,qkv_projection,0.3035
block_prefill_stage,1,256,5,make_tables_h2d,0.0182
block_prefill_stage,1,256,5,append_prefill_kv,0.0122
block_prefill_stage,1,256,5,flashattention_prefill_total,0.5561
block_prefill_stage,1,256,5,attn_out_projection,0.2539
block_prefill_stage,1,256,5,residual_attn,0.0120
block_prefill_stage,1,256,5,ln2,0.0114
block_prefill_stage,1,256,5,fc1,0.3847
block_prefill_stage,1,256,5,gelu,0.0185
block_prefill_stage,1,256,5,fc2,1.0111
block_prefill_stage,1,256,5,residual_ffn,0.0118
block_prefill_stage,1,256,6,ln1,0.0116
block_prefill_stage,1,256,6,qkv_projection,0.3128
block_prefill_stage,1,256,6,make_tables_h2d,0.0158
block_prefill_stage,1,256,6,append_prefill_kv,0.0126
block_prefill_stage,1,256,6,flashattention_prefill_total,0.5560
block_prefill_stage,1,256,6,attn_out_projection,0.2581
block_prefill_stage,1,256,6,residual_attn,0.0171
block_prefill_stage,1,256,6,ln2,0.0135
block_prefill_stage,1,256,6,fc1,0.3878
block_prefill_stage,1,256,6,gelu,0.0226
block_prefill_stage,1,256,6,fc2,1.0108
block_prefill_stage,1,256,6,residual_ffn,0.0124
block_prefill_stage,1,256,7,ln1,0.0124
block_prefill_stage,1,256,7,qkv_projection,0.3135
block_prefill_stage,1,256,7,make_tables_h2d,0.0185
block_prefill_stage,1,256,7,append_prefill_kv,0.0108
block_prefill_stage,1,256,7,flashattention_prefill_total,0.5566
block_prefill_stage,1,256,7,attn_out_projection,0.2626
block_prefill_stage,1,256,7,residual_attn,0.0126
block_prefill_stage,1,256,7,ln2,0.0119
block_prefill_stage,1,256,7,fc1,0.3826
block_prefill_stage,1,256,7,gelu,0.0199
block_prefill_stage,1,256,7,fc2,1.0114
block_prefill_stage,1,256,7,residual_ffn,0.0117
block_prefill_stage,1,256,8,ln1,0.0118
block_prefill_stage,1,256,8,qkv_projection,0.3073
block_prefill_stage,1,256,8,make_tables_h2d,0.0145
block_prefill_stage,1,256,8,append_prefill_kv,0.0105
block_prefill_stage,1,256,8,flashattention_prefill_total,0.5567
block_prefill_stage,1,256,8,attn_out_projection,0.2557
block_prefill_stage,1,256,8,residual_attn,0.0183
block_prefill_stage,1,256,8,ln2,0.0138
block_prefill_stage,1,256,8,fc1,0.3910
block_prefill_stage,1,256,8,gelu,0.0234
block_prefill_stage,1,256,8,fc2,1.0072
block_prefill_stage,1,256,8,residual_ffn,0.0181
block_prefill_stage,1,256,9,ln1,0.0144
block_prefill_stage,1,256,9,qkv_projection,0.3124
block_prefill_stage,1,256,9,make_tables_h2d,0.0222
block_prefill_stage,1,256,9,append_prefill_kv,0.0150
block_prefill_stage,1,256,9,flashattention_prefill_total,0.5549
block_prefill_stage,1,256,9,attn_out_projection,0.2579
block_prefill_stage,1,256,9,residual_attn,0.0142
block_prefill_stage,1,256,9,ln2,0.0121
block_prefill_stage,1,256,9,fc1,0.3821
block_prefill_stage,1,256,9,gelu,0.0183
block_prefill_stage,1,256,9,fc2,1.0034
block_prefill_stage,1,256,9,residual_ffn,0.0125
block_prefill_stage,1,256,10,ln1,0.0118
block_prefill_stage,1,256,10,qkv_projection,0.3094
block_prefill_stage,1,256,10,make_tables_h2d,0.0185
block_prefill_stage,1,256,10,append_prefill_kv,0.0115
block_prefill_stage,1,256,10,flashattention_prefill_total,0.5517
block_prefill_stage,1,256,10,attn_out_projection,0.2537
block_prefill_stage,1,256,10,residual_attn,0.0122
block_prefill_stage,1,256,10,ln2,0.0115
block_prefill_stage,1,256,10,fc1,0.3781
block_prefill_stage,1,256,10,gelu,0.0198
block_prefill_stage,1,256,10,fc2,1.0032
block_prefill_stage,1,256,10,residual_ffn,0.0125
block_prefill_stage,1,256,11,ln1,0.0116
block_prefill_stage,1,256,11,qkv_projection,0.3149
block_prefill_stage,1,256,11,make_tables_h2d,0.0155
block_prefill_stage,1,256,11,append_prefill_kv,0.0111
block_prefill_stage,1,256,11,flashattention_prefill_total,0.5509
block_prefill_stage,1,256,11,attn_out_projection,0.2516
block_prefill_stage,1,256,11,residual_attn,0.0122
block_prefill_stage,1,256,11,ln2,0.0114
block_prefill_stage,1,256,11,fc1,0.3826
block_prefill_stage,1,256,11,gelu,0.0184
block_prefill_stage,1,256,11,fc2,1.0032
block_prefill_stage,1,256,11,residual_ffn,0.0119
block_prefill_stage,1,256,0,ln1,0.0140
block_prefill_stage,1,256,0,qkv_projection,0.3071
block_prefill_stage,1,256,0,make_tables_h2d,0.0233
block_prefill_stage,1,256,0,append_prefill_kv,0.0169
block_prefill_stage,1,256,0,flashattention_prefill_total,0.5555
block_prefill_stage,1,256,0,attn_out_projection,0.2632
block_prefill_stage,1,256,0,residual_attn,0.0181
block_prefill_stage,1,256,0,ln2,0.0121
block_prefill_stage,1,256,0,fc1,0.3821
block_prefill_stage,1,256,0,gelu,0.0192
block_prefill_stage,1,256,0,fc2,1.0057
block_prefill_stage,1,256,0,residual_ffn,0.0180
block_prefill_stage,1,256,1,ln1,0.0122
block_prefill_stage,1,256,1,qkv_projection,0.3071
block_prefill_stage,1,256,1,make_tables_h2d,0.0186
block_prefill_stage,1,256,1,append_prefill_kv,0.0123
block_prefill_stage,1,256,1,flashattention_prefill_total,0.5499
block_prefill_stage,1,256,1,attn_out_projection,0.2647
block_prefill_stage,1,256,1,residual_attn,0.0186
block_prefill_stage,1,256,1,ln2,0.0120
block_prefill_stage,1,256,1,fc1,0.3848
block_prefill_stage,1,256,1,gelu,0.0264
block_prefill_stage,1,256,1,fc2,1.0034
block_prefill_stage,1,256,1,residual_ffn,0.0138
block_prefill_stage,1,256,2,ln1,0.0123
block_prefill_stage,1,256,2,qkv_projection,0.3094
block_prefill_stage,1,256,2,make_tables_h2d,0.0182
block_prefill_stage,1,256,2,append_prefill_kv,0.0111
block_prefill_stage,1,256,2,flashattention_prefill_total,0.5511
block_prefill_stage,1,256,2,attn_out_projection,0.2545
block_prefill_stage,1,256,2,residual_attn,0.0121
block_prefill_stage,1,256,2,ln2,0.0117
block_prefill_stage,1,256,2,fc1,0.3787
block_prefill_stage,1,256,2,gelu,0.0191
block_prefill_stage,1,256,2,fc2,1.0002
block_prefill_stage,1,256,2,residual_ffn,0.0119
block_prefill_stage,1,256,3,ln1,0.0121
block_prefill_stage,1,256,3,qkv_projection,0.3051
block_prefill_stage,1,256,3,make_tables_h2d,0.0155
block_prefill_stage,1,256,3,append_prefill_kv,0.0106
block_prefill_stage,1,256,3,flashattention_prefill_total,0.5511
block_prefill_stage,1,256,3,attn_out_projection,0.2519
block_prefill_stage,1,256,3,residual_attn,0.0127
block_prefill_stage,1,256,3,ln2,0.0116
block_prefill_stage,1,256,3,fc1,0.3808
block_prefill_stage,1,256,3,gelu,0.0267
block_prefill_stage,1,256,3,fc2,1.0066
block_prefill_stage,1,256,3,residual_ffn,0.0181
block_prefill_stage,1,256,4,ln1,0.0142
block_prefill_stage,1,256,4,qkv_projection,0.3035
block_prefill_stage,1,256,4,make_tables_h2d,0.0227
block_prefill_stage,1,256,4,append_prefill_kv,0.0132
block_prefill_stage,1,256,4,flashattention_prefill_total,0.5597
block_prefill_stage,1,256,4,attn_out_projection,0.2593
block_prefill_stage,1,256,4,residual_attn,0.0406
block_prefill_stage,1,256,4,ln2,0.0170
block_prefill_stage,1,256,4,fc1,0.3873
block_prefill_stage,1,256,4,gelu,0.0188
block_prefill_stage,1,256,4,fc2,1.0011
block_prefill_stage,1,256,4,residual_ffn,0.0141
block_prefill_stage,1,256,5,ln1,0.0118
block_prefill_stage,1,256,5,qkv_projection,0.3090
block_prefill_stage,1,256,5,make_tables_h2d,0.0189
block_prefill_stage,1,256,5,append_prefill_kv,0.0115
block_prefill_stage,1,256,5,flashattention_prefill_total,0.5507
block_prefill_stage,1,256,5,attn_out_projection,0.2532
block_prefill_stage,1,256,5,residual_attn,0.0129
block_prefill_stage,1,256,5,ln2,0.0114
block_prefill_stage,1,256,5,fc1,0.3793
block_prefill_stage,1,256,5,gelu,0.0197
block_prefill_stage,1,256,5,fc2,1.0023
block_prefill_stage,1,256,5,residual_ffn,0.0129
block_prefill_stage,1,256,6,ln1,0.0116
block_prefill_stage,1,256,6,qkv_projection,0.3079
block_prefill_stage,1,256,6,make_tables_h2d,0.0150
block_prefill_stage,1,256,6,append_prefill_kv,0.0111
block_prefill_stage,1,256,6,flashattention_prefill_total,0.5520
block_prefill_stage,1,256,6,attn_out_projection,0.2530
block_prefill_stage,1,256,6,residual_attn,0.0122
block_prefill_stage,1,256,6,ln2,0.0114
block_prefill_stage,1,256,6,fc1,0.3807
block_prefill_stage,1,256,6,gelu,0.0187
block_prefill_stage,1,256,6,fc2,1.0011
block_prefill_stage,1,256,6,residual_ffn,0.0115
block_prefill_stage,1,256,7,ln1,0.0120
block_prefill_stage,1,256,7,qkv_projection,0.3020
block_prefill_stage,1,256,7,make_tables_h2d,0.0154
block_prefill_stage,1,256,7,append_prefill_kv,0.0110
block_prefill_stage,1,256,7,flashattention_prefill_total,0.5506
block_prefill_stage,1,256,7,attn_out_projection,0.2519
block_prefill_stage,1,256,7,residual_attn,0.0121
block_prefill_stage,1,256,7,ln2,0.0115
block_prefill_stage,1,256,7,fc1,0.3822
block_prefill_stage,1,256,7,gelu,0.0188
block_prefill_stage,1,256,7,fc2,1.0010
block_prefill_stage,1,256,7,residual_ffn,0.0112
block_prefill_stage,1,256,8,ln1,0.0118
block_prefill_stage,1,256,8,qkv_projection,0.3018
block_prefill_stage,1,256,8,make_tables_h2d,0.0140
block_prefill_stage,1,256,8,append_prefill_kv,0.0104
block_prefill_stage,1,256,8,flashattention_prefill_total,0.5499
block_prefill_stage,1,256,8,attn_out_projection,0.2524
block_prefill_stage,1,256,8,residual_attn,0.0124
block_prefill_stage,1,256,8,ln2,0.0119
block_prefill_stage,1,256,8,fc1,0.3817
block_prefill_stage,1,256,8,gelu,0.0181
block_prefill_stage,1,256,8,fc2,1.0025
block_prefill_stage,1,256,8,residual_ffn,0.0141
block_prefill_stage,1,256,9,ln1,0.0133
block_prefill_stage,1,256,9,qkv_projection,0.3090
block_prefill_stage,1,256,9,make_tables_h2d,0.0226
block_prefill_stage,1,256,9,append_prefill_kv,0.0156
block_prefill_stage,1,256,9,flashattention_prefill_total,0.5690
block_prefill_stage,1,256,9,attn_out_projection,0.2575
block_prefill_stage,1,256,9,residual_attn,0.0143
block_prefill_stage,1,256,9,ln2,0.0126
block_prefill_stage,1,256,9,fc1,0.3791
block_prefill_stage,1,256,9,gelu,0.0194
block_prefill_stage,1,256,9,fc2,1.0019
block_prefill_stage,1,256,9,residual_ffn,0.0136
block_prefill_stage,1,256,10,ln1,0.0116
block_prefill_stage,1,256,10,qkv_projection,0.3079
block_prefill_stage,1,256,10,make_tables_h2d,0.0184
block_prefill_stage,1,256,10,append_prefill_kv,0.0110
block_prefill_stage,1,256,10,flashattention_prefill_total,0.5502
block_prefill_stage,1,256,10,attn_out_projection,0.2532
block_prefill_stage,1,256,10,residual_attn,0.0121
block_prefill_stage,1,256,10,ln2,0.0115
block_prefill_stage,1,256,10,fc1,0.3791
block_prefill_stage,1,256,10,gelu,0.0179
block_prefill_stage,1,256,10,fc2,1.0018
block_prefill_stage,1,256,10,residual_ffn,0.0115
block_prefill_stage,1,256,11,ln1,0.0117
block_prefill_stage,1,256,11,qkv_projection,0.3007
block_prefill_stage,1,256,11,make_tables_h2d,0.0192
block_prefill_stage,1,256,11,append_prefill_kv,0.0154
block_prefill_stage,1,256,11,flashattention_prefill_total,0.5534
block_prefill_stage,1,256,11,attn_out_projection,0.2572
block_prefill_stage,1,256,11,residual_attn,0.0132
block_prefill_stage,1,256,11,ln2,0.0118
block_prefill_stage,1,256,11,fc1,0.3802
block_prefill_stage,1,256,11,gelu,0.0214
block_prefill_stage,1,256,11,fc2,1.0084
block_prefill_stage,1,256,11,residual_ffn,0.0193
block_prefill_stage,1,256,0,ln1,0.0127
block_prefill_stage,1,256,0,qkv_projection,0.3091
block_prefill_stage,1,256,0,make_tables_h2d,0.0148
block_prefill_stage,1,256,0,append_prefill_kv,0.0109
block_prefill_stage,1,256,0,flashattention_prefill_total,0.5511
block_prefill_stage,1,256,0,attn_out_projection,0.2532
block_prefill_stage,1,256,0,residual_attn,0.0123
block_prefill_stage,1,256,0,ln2,0.0122
block_prefill_stage,1,256,0,fc1,0.3816
block_prefill_stage,1,256,0,gelu,0.0183
block_prefill_stage,1,256,0,fc2,1.0039
block_prefill_stage,1,256,0,residual_ffn,0.0129
block_prefill_stage,1,256,1,ln1,0.0119
block_prefill_stage,1,256,1,qkv_projection,0.3041
block_prefill_stage,1,256,1,make_tables_h2d,0.0161
block_prefill_stage,1,256,1,append_prefill_kv,0.0116
block_prefill_stage,1,256,1,flashattention_prefill_total,0.5497
block_prefill_stage,1,256,1,attn_out_projection,0.2524
block_prefill_stage,1,256,1,residual_attn,0.0123
block_prefill_stage,1,256,1,ln2,0.0118
block_prefill_stage,1,256,1,fc1,0.3817
block_prefill_stage,1,256,1,gelu,0.0226
block_prefill_stage,1,256,1,fc2,1.0061
block_prefill_stage,1,256,1,residual_ffn,0.0315
block_prefill_stage,1,256,2,ln1,0.0147
block_prefill_stage,1,256,2,qkv_projection,0.3108
block_prefill_stage,1,256,2,make_tables_h2d,0.0239
block_prefill_stage,1,256,2,append_prefill_kv,0.0162
block_prefill_stage,1,256,2,flashattention_prefill_total,0.5558
block_prefill_stage,1,256,2,attn_out_projection,0.2738
block_prefill_stage,1,256,2,residual_attn,0.0211
block_prefill_stage,1,256,2,ln2,0.0142
block_prefill_stage,1,256,2,fc1,0.3866
block_prefill_stage,1,256,2,gelu,0.0274
block_prefill_stage,1,256,2,fc2,1.0092
block_prefill_stage,1,256,2,residual_ffn,0.0139
block_prefill_stage,1,256,3,ln1,0.0126
block_prefill_stage,1,256,3,qkv_projection,0.3083
block_prefill_stage,1,256,3,make_tables_h2d,0.0221
block_prefill_stage,1,256,3,append_prefill_kv,0.0151
block_prefill_stage,1,256,3,flashattention_prefill_total,0.5510
block_prefill_stage,1,256,3,attn_out_projection,0.2552
block_prefill_stage,1,256,3,residual_attn,0.0130
block_prefill_stage,1,256,3,ln2,0.0158
block_prefill_stage,1,256,3,fc1,0.3794
block_prefill_stage,1,256,3,gelu,0.0186
block_prefill_stage,1,256,3,fc2,1.0040
block_prefill_stage,1,256,3,residual_ffn,0.0129
block_prefill_stage,1,256,4,ln1,0.0256
block_prefill_stage,1,256,4,qkv_projection,0.3080
block_prefill_stage,1,256,4,make_tables_h2d,0.0189
block_prefill_stage,1,256,4,append_prefill_kv,0.0142
block_prefill_stage,1,256,4,flashattention_prefill_total,0.5551
block_prefill_stage,1,256,4,attn_out_projection,0.2594
block_prefill_stage,1,256,4,residual_attn,0.0153
block_prefill_stage,1,256,4,ln2,0.0129
block_prefill_stage,1,256,4,fc1,0.3789
block_prefill_stage,1,256,4,gelu,0.0185
block_prefill_stage,1,256,4,fc2,1.0019
block_prefill_stage,1,256,4,residual_ffn,0.0131
block_prefill_stage,1,256,5,ln1,0.0119
block_prefill_stage,1,256,5,qkv_projection,0.3121
block_prefill_stage,1,256,5,make_tables_h2d,0.0184
block_prefill_stage,1,256,5,append_prefill_kv,0.0111
block_prefill_stage,1,256,5,flashattention_prefill_total,0.5513
block_prefill_stage,1,256,5,attn_out_projection,0.2515
block_prefill_stage,1,256,5,residual_attn,0.0118
block_prefill_stage,1,256,5,ln2,0.0120
block_prefill_stage,1,256,5,fc1,0.3826
block_prefill_stage,1,256,5,gelu,0.0186
block_prefill_stage,1,256,5,fc2,1.0009
block_prefill_stage,1,256,5,residual_ffn,0.0113
block_prefill_stage,1,256,6,ln1,0.0119
block_prefill_stage,1,256,6,qkv_projection,0.3138
block_prefill_stage,1,256,6,make_tables_h2d,0.0167
block_prefill_stage,1,256,6,append_prefill_kv,0.0133
block_prefill_stage,1,256,6,flashattention_prefill_total,0.5545
block_prefill_stage,1,256,6,attn_out_projection,0.2632
block_prefill_stage,1,256,6,residual_attn,0.0190
block_prefill_stage,1,256,6,ln2,0.0139
block_prefill_stage,1,256,6,fc1,0.3854
block_prefill_stage,1,256,6,gelu,0.0223
block_prefill_stage,1,256,6,fc2,1.0157
block_prefill_stage,1,256,6,residual_ffn,0.0616
block_prefill_stage,1,256,7,ln1,0.0155
block_prefill_stage,1,256,7,qkv_projection,0.3147
block_prefill_stage,1,256,7,make_tables_h2d,0.0191
block_prefill_stage,1,256,7,append_prefill_kv,0.0116
block_prefill_stage,1,256,7,flashattention_prefill_total,0.5564
block_prefill_stage,1,256,7,attn_out_projection,0.2564
block_prefill_stage,1,256,7,residual_attn,0.0134
block_prefill_stage,1,256,7,ln2,0.0118
block_prefill_stage,1,256,7,fc1,0.3855
block_prefill_stage,1,256,7,gelu,0.0190
block_prefill_stage,1,256,7,fc2,1.0102
block_prefill_stage,1,256,7,residual_ffn,0.0129
block_prefill_stage,1,256,8,ln1,0.0115
block_prefill_stage,1,256,8,qkv_projection,0.3070
block_prefill_stage,1,256,8,make_tables_h2d,0.0177
block_prefill_stage,1,256,8,append_prefill_kv,0.0117
block_prefill_stage,1,256,8,flashattention_prefill_total,0.5556
block_prefill_stage,1,256,8,attn_out_projection,0.2558
block_prefill_stage,1,256,8,residual_attn,0.0121
block_prefill_stage,1,256,8,ln2,0.0112
block_prefill_stage,1,256,8,fc1,0.3850
block_prefill_stage,1,256,8,gelu,0.0198
block_prefill_stage,1,256,8,fc2,1.0102
block_prefill_stage,1,256,8,residual_ffn,0.0118
block_prefill_stage,1,256,9,ln1,0.0121
block_prefill_stage,1,256,9,qkv_projection,0.3060
block_prefill_stage,1,256,9,make_tables_h2d,0.0149
block_prefill_stage,1,256,9,append_prefill_kv,0.0106
block_prefill_stage,1,256,9,flashattention_prefill_total,0.5554
block_prefill_stage,1,256,9,attn_out_projection,0.2630
block_prefill_stage,1,256,9,residual_attn,0.0122
block_prefill_stage,1,256,9,ln2,0.0117
block_prefill_stage,1,256,9,fc1,0.3818
block_prefill_stage,1,256,9,gelu,0.0177
block_prefill_stage,1,256,9,fc2,1.0108
block_prefill_stage,1,256,9,residual_ffn,0.0131
block_prefill_stage,1,256,10,ln1,0.0307
block_prefill_stage,1,256,10,qkv_projection,0.3034
block_prefill_stage,1,256,10,make_tables_h2d,0.0152
block_prefill_stage,1,256,10,append_prefill_kv,0.0114
block_prefill_stage,1,256,10,flashattention_prefill_total,0.5543
block_prefill_stage,1,256,10,attn_out_projection,0.2542
block_prefill_stage,1,256,10,residual_attn,0.0124
block_prefill_stage,1,256,10,ln2,0.0116
block_prefill_stage,1,256,10,fc1,0.3819
block_prefill_stage,1,256,10,gelu,0.0182
block_prefill_stage,1,256,10,fc2,1.0112
block_prefill_stage,1,256,10,residual_ffn,0.0117
block_prefill_stage,1,256,11,ln1,0.0123
block_prefill_stage,1,256,11,qkv_projection,0.3028
block_prefill_stage,1,256,11,make_tables_h2d,0.0141
block_prefill_stage,1,256,11,append_prefill_kv,0.0106
block_prefill_stage,1,256,11,flashattention_prefill_total,0.5639
block_prefill_stage,1,256,11,attn_out_projection,0.2607
block_prefill_stage,1,256,11,residual_attn,0.0183
block_prefill_stage,1,256,11,ln2,0.0145
block_prefill_stage,1,256,11,fc1,0.3905
block_prefill_stage,1,256,11,gelu,0.0301
block_prefill_stage,1,256,11,fc2,1.0125
block_prefill_stage,1,256,11,residual_ffn,0.0139
block_prefill_stage,1,256,0,ln1,0.0128
block_prefill_stage,1,256,0,qkv_projection,0.3140
block_prefill_stage,1,256,0,make_tables_h2d,0.0195
block_prefill_stage,1,256,0,append_prefill_kv,0.0142
block_prefill_stage,1,256,0,flashattention_prefill_total,0.5585
block_prefill_stage,1,256,0,attn_out_projection,0.2603
block_prefill_stage,1,256,0,residual_attn,0.0126
block_prefill_stage,1,256,0,ln2,0.0125
block_prefill_stage,1,256,0,fc1,0.3898
block_prefill_stage,1,256,0,gelu,0.0238
block_prefill_stage,1,256,0,fc2,1.0144
block_prefill_stage,1,256,0,residual_ffn,0.0189
block_prefill_stage,1,256,1,ln1,0.0125
block_prefill_stage,1,256,1,qkv_projection,0.3165
block_prefill_stage,1,256,1,make_tables_h2d,0.0226
block_prefill_stage,1,256,1,append_prefill_kv,0.0143
block_prefill_stage,1,256,1,flashattention_prefill_total,0.5620
block_prefill_stage,1,256,1,attn_out_projection,0.2654
block_prefill_stage,1,256,1,residual_attn,0.0158
block_prefill_stage,1,256,1,ln2,0.0136
block_prefill_stage,1,256,1,fc1,0.3890
block_prefill_stage,1,256,1,gelu,0.0199
block_prefill_stage,1,256,1,fc2,1.0110
block_prefill_stage,1,256,1,residual_ffn,0.0163
block_prefill_stage,1,256,2,ln1,0.0124
block_prefill_stage,1,256,2,qkv_projection,0.3085
block_prefill_stage,1,256,2,make_tables_h2d,0.0185
block_prefill_stage,1,256,2,append_prefill_kv,0.0109
block_prefill_stage,1,256,2,flashattention_prefill_total,0.5572
block_prefill_stage,1,256,2,attn_out_projection,0.2587
block_prefill_stage,1,256,2,residual_attn,0.0205
block_prefill_stage,1,256,2,ln2,0.0137
block_prefill_stage,1,256,2,fc1,0.3870
block_prefill_stage,1,256,2,gelu,0.0288
block_prefill_stage,1,256,2,fc2,1.0170
block_prefill_stage,1,256,2,residual_ffn,0.0205
block_prefill_stage,1,256,3,ln1,0.0143
block_prefill_stage,1,256,3,qkv_projection,0.3069
block_prefill_stage,1,256,3,make_tables_h2d,0.0229
block_prefill_stage,1,256,3,append_prefill_kv,0.0140
block_prefill_stage,1,256,3,flashattention_prefill_total,0.5574
block_prefill_stage,1,256,3,attn_out_projection,0.2597
block_prefill_stage,1,256,3,residual_attn,0.0177
block_prefill_stage,1,256,3,ln2,0.0137
block_prefill_stage,1,256,3,fc1,0.3886
block_prefill_stage,1,256,3,gelu,0.0258
block_prefill_stage,1,256,3,fc2,1.0128
block_prefill_stage,1,256,3,residual_ffn,0.0180
block_prefill_stage,1,256,4,ln1,0.0146
block_prefill_stage,1,256,4,qkv_projection,0.3108
block_prefill_stage,1,256,4,make_tables_h2d,0.0218
block_prefill_stage,1,256,4,append_prefill_kv,0.0136
block_prefill_stage,1,256,4,flashattention_prefill_total,0.5581
block_prefill_stage,1,256,4,attn_out_projection,0.2581
block_prefill_stage,1,256,4,residual_attn,0.0159
block_prefill_stage,1,256,4,ln2,0.0137
block_prefill_stage,1,256,4,fc1,0.3863
block_prefill_stage,1,256,4,gelu,0.0228
block_prefill_stage,1,256,4,fc2,1.0135
block_prefill_stage,1,256,4,residual_ffn,0.0163
block_prefill_stage,1,256,5,ln1,0.0126
block_prefill_stage,1,256,5,qkv_projection,0.3049
block_prefill_stage,1,256,5,make_tables_h2d,0.0182
block_prefill_stage,1,256,5,append_prefill_kv,0.0108
block_prefill_stage,1,256,5,flashattention_prefill_total,0.5571
block_prefill_stage,1,256,5,attn_out_projection,0.2537
block_prefill_stage,1,256,5,residual_attn,0.0124
block_prefill_stage,1,256,5,ln2,0.0119
block_prefill_stage,1,256,5,fc1,0.3863
block_prefill_stage,1,256,5,gelu,0.0177
block_prefill_stage,1,256,5,fc2,1.0089
block_prefill_stage,1,256,5,residual_ffn,0.0112
block_prefill_stage,1,256,6,ln1,0.0119
block_prefill_stage,1,256,6,qkv_projection,0.3057
block_prefill_stage,1,256,6,make_tables_h2d,0.0154
block_prefill_stage,1,256,6,append_prefill_kv,0.0111
block_prefill_stage,1,256,6,flashattention_prefill_total,0.5560
block_prefill_stage,1,256,6,attn_out_projection,0.2539
block_prefill_stage,1,256,6,residual_attn,0.0149
block_prefill_stage,1,256,6,ln2,0.0137
block_prefill_stage,1,256,6,fc1,0.3867
block_prefill_stage,1,256,6,gelu,0.0339
block_prefill_stage,1,256,6,fc2,1.0140
block_prefill_stage,1,256,6,residual_ffn,0.0147
block_prefill_stage,1,256,7,ln1,0.0130
block_prefill_stage,1,256,7,qkv_projection,0.3082
block_prefill_stage,1,256,7,make_tables_h2d,0.0183
block_prefill_stage,1,256,7,append_prefill_kv,0.0109
block_prefill_stage,1,256,7,flashattention_prefill_total,0.5566
block_prefill_stage,1,256,7,attn_out_projection,0.2550
block_prefill_stage,1,256,7,residual_attn,0.0122
block_prefill_stage,1,256,7,ln2,0.0116
block_prefill_stage,1,256,7,fc1,0.3823
block_prefill_stage,1,256,7,gelu,0.0184
block_prefill_stage,1,256,7,fc2,1.0116
block_prefill_stage,1,256,7,residual_ffn,0.0113
block_prefill_stage,1,256,8,ln1,0.0119
block_prefill_stage,1,256,8,qkv_projection,0.3061
block_prefill_stage,1,256,8,make_tables_h2d,0.0141
block_prefill_stage,1,256,8,append_prefill_kv,0.0108
block_prefill_stage,1,256,8,flashattention_prefill_total,0.5557
block_prefill_stage,1,256,8,attn_out_projection,0.2533
block_prefill_stage,1,256,8,residual_attn,0.0120
block_prefill_stage,1,256,8,ln2,0.0112
block_prefill_stage,1,256,8,fc1,0.3889
block_prefill_stage,1,256,8,gelu,0.0270
block_prefill_stage,1,256,8,fc2,1.0146
block_prefill_stage,1,256,8,residual_ffn,0.0163
block_prefill_stage,1,256,9,ln1,0.0126
block_prefill_stage,1,256,9,qkv_projection,0.3040
block_prefill_stage,1,256,9,make_tables_h2d,0.0230
block_prefill_stage,1,256,9,append_prefill_kv,0.0151
block_prefill_stage,1,256,9,flashattention_prefill_total,0.5603
block_prefill_stage,1,256,9,attn_out_projection,0.2653
block_prefill_stage,1,256,9,residual_attn,0.0175
block_prefill_stage,1,256,9,ln2,0.0128
block_prefill_stage,1,256,9,fc1,0.3812
block_prefill_stage,1,256,9,gelu,0.0190
block_prefill_stage,1,256,9,fc2,1.0105
block_prefill_stage,1,256,9,residual_ffn,0.0126
block_prefill_stage,1,256,10,ln1,0.0120
block_prefill_stage,1,256,10,qkv_projection,0.3113
block_prefill_stage,1,256,10,make_tables_h2d,0.0206
block_prefill_stage,1,256,10,append_prefill_kv,0.0109
block_prefill_stage,1,256,10,flashattention_prefill_total,0.5582
block_prefill_stage,1,256,10,attn_out_projection,0.2558
block_prefill_stage,1,256,10,residual_attn,0.0121
block_prefill_stage,1,256,10,ln2,0.0121
block_prefill_stage,1,256,10,fc1,0.3855
block_prefill_stage,1,256,10,gelu,0.0191
block_prefill_stage,1,256,10,fc2,1.0097
block_prefill_stage,1,256,10,residual_ffn,0.0112
block_prefill_stage,1,256,11,ln1,0.0120
block_prefill_stage,1,256,11,qkv_projection,0.3048
block_prefill_stage,1,256,11,make_tables_h2d,0.0157
block_prefill_stage,1,256,11,append_prefill_kv,0.0119
block_prefill_stage,1,256,11,flashattention_prefill_total,0.5559
block_prefill_stage,1,256,11,attn_out_projection,0.2549
block_prefill_stage,1,256,11,residual_attn,0.0118
block_prefill_stage,1,256,11,ln2,0.0114
block_prefill_stage,1,256,11,fc1,0.3859
block_prefill_stage,1,256,11,gelu,0.0181
block_prefill_stage,1,256,11,fc2,1.0081
block_prefill_stage,1,256,11,residual_ffn,0.0112
block_prefill_stage,1,256,0,ln1,0.0123
block_prefill_stage,1,256,0,qkv_projection,0.3139
block_prefill_stage,1,256,0,make_tables_h2d,0.0142
block_prefill_stage,1,256,0,append_prefill_kv,0.0107
block_prefill_stage,1,256,0,flashattention_prefill_total,0.5564
block_prefill_stage,1,256,0,attn_out_projection,0.2550
block_prefill_stage,1,256,0,residual_attn,0.0123
block_prefill_stage,1,256,0,ln2,0.0116
block_prefill_stage,1,256,0,fc1,0.3877
block_prefill_stage,1,256,0,gelu,0.0187
block_prefill_stage,1,256,0,fc2,1.0151
block_prefill_stage,1,256,0,residual_ffn,0.0214
block_prefill_stage,1,256,1,ln1,0.0143
block_prefill_stage,1,256,1,qkv_projection,0.3097
block_prefill_stage,1,256,1,make_tables_h2d,0.0253
block_prefill_stage,1,256,1,append_prefill_kv,0.0176
block_prefill_stage,1,256,1,flashattention_prefill_total,0.5600
block_prefill_stage,1,256,1,attn_out_projection,0.2612
block_prefill_stage,1,256,1,residual_attn,0.0146
block_prefill_stage,1,256,1,ln2,0.0123
block_prefill_stage,1,256,1,fc1,0.3895
block_prefill_stage,1,256,1,gelu,0.0448
block_prefill_stage,1,256,1,fc2,1.0144
block_prefill_stage,1,256,1,residual_ffn,0.0182
block_prefill_stage,1,256,2,ln1,0.0122
block_prefill_stage,1,256,2,qkv_projection,0.3134
block_prefill_stage,1,256,2,make_tables_h2d,0.0198
block_prefill_stage,1,256,2,append_prefill_kv,0.0120
block_prefill_stage,1,256,2,flashattention_prefill_total,0.5564
block_prefill_stage,1,256,2,attn_out_projection,0.2559
block_prefill_stage,1,256,2,residual_attn,0.0130
block_prefill_stage,1,256,2,ln2,0.0120
block_prefill_stage,1,256,2,fc1,0.3830
block_prefill_stage,1,256,2,gelu,0.0207
block_prefill_stage,1,256,2,fc2,1.0129
block_prefill_stage,1,256,2,residual_ffn,0.0136
block_prefill_stage,1,256,3,ln1,0.0120
block_prefill_stage,1,256,3,qkv_projection,0.3073
block_prefill_stage,1,256,3,make_tables_h2d,0.0155
block_prefill_stage,1,256,3,append_prefill_kv,0.0112
block_prefill_stage,1,256,3,flashattention_prefill_total,0.5563
block_prefill_stage,1,256,3,attn_out_projection,0.2565
block_prefill_stage,1,256,3,residual_attn,0.0121
block_prefill_stage,1,256,3,ln2,0.0125
block_prefill_stage,1,256,3,fc1,0.3899
block_prefill_stage,1,256,3,gelu,0.0474
block_prefill_stage,1,256,3,fc2,1.0149
block_prefill_stage,1,256,3,residual_ffn,0.0163
block_prefill_stage,1,256,4,ln1,0.0142
block_prefill_stage,1,256,4,qkv_projection,0.3068
block_prefill_stage,1,256,4,make_tables_h2d,0.0234
block_prefill_stage,1,256,4,append_prefill_kv,0.0166
block_prefill_stage,1,256,4,flashattention_prefill_total,0.5747
block_prefill_stage,1,256,4,attn_out_projection,0.2607
block_prefill_stage,1,256,4,residual_attn,0.0142
block_prefill_stage,1,256,4,ln2,0.0121
block_prefill_stage,1,256,4,fc1,0.3823
block_prefill_stage,1,256,4,gelu,0.0180
block_prefill_stage,1,256,4,fc2,1.0128
block_prefill_stage,1,256,4,residual_ffn,0.0206
block_prefill_stage,1,256,5,ln1,0.0147
block_prefill_stage,1,256,5,qkv_projection,0.3137
block_prefill_stage,1,256,5,make_tables_h2d,0.0217
block_prefill_stage,1,256,5,append_prefill_kv,0.0146
block_prefill_stage,1,256,5,flashattention_prefill_total,0.5567
block_prefill_stage,1,256,5,attn_out_projection,0.2548
block_prefill_stage,1,256,5,residual_attn,0.0393
block_prefill_stage,1,256,5,ln2,0.0148
block_prefill_stage,1,256,5,fc1,0.3857
block_prefill_stage,1,256,5,gelu,0.0239
block_prefill_stage,1,256,5,fc2,1.0091
block_prefill_stage,1,256,5,residual_ffn,0.0140
block_prefill_stage,1,256,6,ln1,0.0121
block_prefill_stage,1,256,6,qkv_projection,0.3105
block_prefill_stage,1,256,6,make_tables_h2d,0.0189
block_prefill_stage,1,256,6,append_prefill_kv,0.0119
block_prefill_stage,1,256,6,flashattention_prefill_total,0.5573
block_prefill_stage,1,256,6,attn_out_projection,0.2563
block_prefill_stage,1,256,6,residual_attn,0.0123
block_prefill_stage,1,256,6,ln2,0.0121
block_prefill_stage,1,256,6,fc1,0.3817
block_prefill_stage,1,256,6,gelu,0.0205
block_prefill_stage,1,256,6,fc2,1.0146
block_prefill_stage,1,256,6,residual_ffn,0.0134
block_prefill_stage,1,256,7,ln1,0.0119
block_prefill_stage,1,256,7,qkv_projection,0.3051
block_prefill_stage,1,256,7,make_tables_h2d,0.0155
block_prefill_stage,1,256,7,append_prefill_kv,0.0115
block_prefill_stage,1,256,7,flashattention_prefill_total,0.5554
block_prefill_stage,1,256,7,attn_out_projection,0.2554
block_prefill_stage,1,256,7,residual_attn,0.0125
block_prefill_stage,1,256,7,ln2,0.0113
block_prefill_stage,1,256,7,fc1,0.3816
block_prefill_stage,1,256,7,gelu,0.0181
block_prefill_stage,1,256,7,fc2,1.0120
block_prefill_stage,1,256,7,residual_ffn,0.0153
block_prefill_stage,1,256,8,ln1,0.0122
block_prefill_stage,1,256,8,qkv_projection,0.3101
block_prefill_stage,1,256,8,make_tables_h2d,0.0173
block_prefill_stage,1,256,8,append_prefill_kv,0.0113
block_prefill_stage,1,256,8,flashattention_prefill_total,0.5564
block_prefill_stage,1,256,8,attn_out_projection,0.2527
block_prefill_stage,1,256,8,residual_attn,0.0126
block_prefill_stage,1,256,8,ln2,0.0114
block_prefill_stage,1,256,8,fc1,0.3867
block_prefill_stage,1,256,8,gelu,0.0184
block_prefill_stage,1,256,8,fc2,1.0122
block_prefill_stage,1,256,8,residual_ffn,0.0115
block_prefill_stage,1,256,9,ln1,0.0146
block_prefill_stage,1,256,9,qkv_projection,0.3085
block_prefill_stage,1,256,9,make_tables_h2d,0.0219
block_prefill_stage,1,256,9,append_prefill_kv,0.0161
block_prefill_stage,1,256,9,flashattention_prefill_total,0.5645
block_prefill_stage,1,256,9,attn_out_projection,0.2540
block_prefill_stage,1,256,9,residual_attn,0.0136
block_prefill_stage,1,256,9,ln2,0.0130
block_prefill_stage,1,256,9,fc1,0.3840
block_prefill_stage,1,256,9,gelu,0.0193
block_prefill_stage,1,256,9,fc2,1.0108
block_prefill_stage,1,256,9,residual_ffn,0.0115
block_prefill_stage,1,256,10,ln1,0.0121
block_prefill_stage,1,256,10,qkv_projection,0.3074
block_prefill_stage,1,256,10,make_tables_h2d,0.0144
block_prefill_stage,1,256,10,append_prefill_kv,0.0105
block_prefill_stage,1,256,10,flashattention_prefill_total,0.5561
block_prefill_stage,1,256,10,attn_out_projection,0.2552
block_prefill_stage,1,256,10,residual_attn,0.0139
block_prefill_stage,1,256,10,ln2,0.0123
block_prefill_stage,1,256,10,fc1,0.3809
block_prefill_stage,1,256,10,gelu,0.0177
block_prefill_stage,1,256,10,fc2,1.0108
block_prefill_stage,1,256,10,residual_ffn,0.0137
block_prefill_stage,1,256,11,ln1,0.0119
block_prefill_stage,1,256,11,qkv_projection,0.3070
block_prefill_stage,1,256,11,make_tables_h2d,0.0233
block_prefill_stage,1,256,11,append_prefill_kv,0.0155
block_prefill_stage,1,256,11,flashattention_prefill_total,0.5612
block_prefill_stage,1,256,11,attn_out_projection,0.2593
block_prefill_stage,1,256,11,residual_attn,0.0126
block_prefill_stage,1,256,11,ln2,0.0120
block_prefill_stage,1,256,11,fc1,0.3869
block_prefill_stage,1,256,11,gelu,0.0193
block_prefill_stage,1,256,11,fc2,1.0154
block_prefill_stage,1,256,11,residual_ffn,0.0185
block_prefill_stage,1,256,0,ln1,0.0123
block_prefill_stage,1,256,0,qkv_projection,0.3067
block_prefill_stage,1,256,0,make_tables_h2d,0.0151
block_prefill_stage,1,256,0,append_prefill_kv,0.0118
block_prefill_stage,1,256,0,flashattention_prefill_total,0.5562
block_prefill_stage,1,256,0,attn_out_projection,0.2587
block_prefill_stage,1,256,0,residual_attn,0.0147
block_prefill_stage,1,256,0,ln2,0.0118
block_prefill_stage,1,256,0,fc1,0.3847
block_prefill_stage,1,256,0,gelu,0.0196
block_prefill_stage,1,256,0,fc2,1.0134
block_prefill_stage,1,256,0,residual_ffn,0.0130
block_prefill_stage,1,256,1,ln1,0.0122
block_prefill_stage,1,256,1,qkv_projection,0.3057
block_prefill_stage,1,256,1,make_tables_h2d,0.0177
block_prefill_stage,1,256,1,append_prefill_kv,0.0115
block_prefill_stage,1,256,1,flashattention_prefill_total,0.5560
block_prefill_stage,1,256,1,attn_out_projection,0.2557
block_prefill_stage,1,256,1,residual_attn,0.0122
block_prefill_stage,1,256,1,ln2,0.0119
block_prefill_stage,1,256,1,fc1,0.3846
block_prefill_stage,1,256,1,gelu,0.0199
block_prefill_stage,1,256,1,fc2,1.0133
block_prefill_stage,1,256,1,residual_ffn,0.0186
block_prefill_stage,1,256,2,ln1,0.0116
block_prefill_stage,1,256,2,qkv_projection,0.3091
block_prefill_stage,1,256,2,make_tables_h2d,0.0163
block_prefill_stage,1,256,2,append_prefill_kv,0.0105
block_prefill_stage,1,256,2,flashattention_prefill_total,0.5565
block_prefill_stage,1,256,2,attn_out_projection,0.2562
block_prefill_stage,1,256,2,residual_attn,0.0120
block_prefill_stage,1,256,2,ln2,0.0121
block_prefill_stage,1,256,2,fc1,0.3846
block_prefill_stage,1,256,2,gelu,0.0185
block_prefill_stage,1,256,2,fc2,1.0114
block_prefill_stage,1,256,2,residual_ffn,0.0118
block_prefill_stage,1,256,3,ln1,0.0114
block_prefill_stage,1,256,3,qkv_projection,0.3130
block_prefill_stage,1,256,3,make_tables_h2d,0.0148
block_prefill_stage,1,256,3,append_prefill_kv,0.0111
block_prefill_stage,1,256,3,flashattention_prefill_total,0.5551
block_prefill_stage,1,256,3,attn_out_projection,0.2538
block_prefill_stage,1,256,3,residual_attn,0.0115
block_prefill_stage,1,256,3,ln2,0.0165
block_prefill_stage,1,256,3,fc1,0.3827
block_prefill_stage,1,256,3,gelu,0.0176
block_prefill_stage,1,256,3,fc2,1.0133
block_prefill_stage,1,256,3,residual_ffn,0.0184
block_prefill_stage,1,256,4,ln1,0.0132
block_prefill_stage,1,256,4,qkv_projection,0.3095
block_prefill_stage,1,256,4,make_tables_h2d,0.0224
block_prefill_stage,1,256,4,append_prefill_kv,0.0135
block_prefill_stage,1,256,4,flashattention_prefill_total,0.5585
block_prefill_stage,1,256,4,attn_out_projection,0.2626
block_prefill_stage,1,256,4,residual_attn,0.0180
block_prefill_stage,1,256,4,ln2,0.0139
block_prefill_stage,1,256,4,fc1,0.3862
block_prefill_stage,1,256,4,gelu,0.0280
block_prefill_stage,1,256,4,fc2,1.0139
block_prefill_stage,1,256,4,residual_ffn,0.0178
block_prefill_stage,1,256,5,ln1,0.0126
block_prefill_stage,1,256,5,qkv_projection,0.3137
block_prefill_stage,1,256,5,make_tables_h2d,0.0310
block_prefill_stage,1,256,5,append_prefill_kv,0.0162
block_prefill_stage,1,256,5,flashattention_prefill_total,0.5583
block_prefill_stage,1,256,5,attn_out_projection,0.2579
block_prefill_stage,1,256,5,residual_attn,0.0127
block_prefill_stage,1,256,5,ln2,0.0119
block_prefill_stage,1,256,5,fc1,0.3826
block_prefill_stage,1,256,5,gelu,0.0189
block_prefill_stage,1,256,5,fc2,1.0183
block_prefill_stage,1,256,5,residual_ffn,0.0215
block_prefill_stage,1,256,6,ln1,0.0141
block_prefill_stage,1,256,6,qkv_projection,0.3179
block_prefill_stage,1,256,6,make_tables_h2d,0.0333
block_prefill_stage,1,256,6,append_prefill_kv,0.0125
block_prefill_stage,1,256,6,flashattention_prefill_total,0.5574
block_prefill_stage,1,256,6,attn_out_projection,0.2588
block_prefill_stage,1,256,6,residual_attn,0.0177
block_prefill_stage,1,256,6,ln2,0.0136
block_prefill_stage,1,256,6,fc1,0.3857
block_prefill_stage,1,256,6,gelu,0.0235
block_prefill_stage,1,256,6,fc2,1.0108
block_prefill_stage,1,256,6,residual_ffn,0.0136
block_prefill_stage,1,256,7,ln1,0.0129
block_prefill_stage,1,256,7,qkv_projection,0.3143
block_prefill_stage,1,256,7,make_tables_h2d,0.0204
block_prefill_stage,1,256,7,append_prefill_kv,0.0113
block_prefill_stage,1,256,7,flashattention_prefill_total,0.5762
block_prefill_stage,1,256,7,attn_out_projection,0.2536
block_prefill_stage,1,256,7,residual_attn,0.0122
block_prefill_stage,1,256,7,ln2,0.0118
block_prefill_stage,1,256,7,fc1,0.3792
block_prefill_stage,1,256,7,gelu,0.0189
block_prefill_stage,1,256,7,fc2,1.0021
block_prefill_stage,1,256,7,residual_ffn,0.0134
block_prefill_stage,1,256,8,ln1,0.0115
block_prefill_stage,1,256,8,qkv_projection,0.3063
block_prefill_stage,1,256,8,make_tables_h2d,0.0155
block_prefill_stage,1,256,8,append_prefill_kv,0.0107
block_prefill_stage,1,256,8,flashattention_prefill_total,0.5509
block_prefill_stage,1,256,8,attn_out_projection,0.2533
block_prefill_stage,1,256,8,residual_attn,0.0119
block_prefill_stage,1,256,8,ln2,0.0116
block_prefill_stage,1,256,8,fc1,0.3782
block_prefill_stage,1,256,8,gelu,0.0176
block_prefill_stage,1,256,8,fc2,1.0007
block_prefill_stage,1,256,8,residual_ffn,0.0112
block_prefill_stage,1,256,9,ln1,0.0126
block_prefill_stage,1,256,9,qkv_projection,0.3022
block_prefill_stage,1,256,9,make_tables_h2d,0.0144
block_prefill_stage,1,256,9,append_prefill_kv,0.0107
block_prefill_stage,1,256,9,flashattention_prefill_total,0.5503
block_prefill_stage,1,256,9,attn_out_projection,0.2515
block_prefill_stage,1,256,9,residual_attn,0.0125
block_prefill_stage,1,256,9,ln2,0.0114
block_prefill_stage,1,256,9,fc1,0.3830
block_prefill_stage,1,256,9,gelu,0.0186
block_prefill_stage,1,256,9,fc2,1.0033
block_prefill_stage,1,256,9,residual_ffn,0.0135
block_prefill_stage,1,256,10,ln1,0.0119
block_prefill_stage,1,256,10,qkv_projection,0.3040
block_prefill_stage,1,256,10,make_tables_h2d,0.0153
block_prefill_stage,1,256,10,append_prefill_kv,0.0111
block_prefill_stage,1,256,10,flashattention_prefill_total,0.5511
block_prefill_stage,1,256,10,attn_out_projection,0.2523
block_prefill_stage,1,256,10,residual_attn,0.0122
block_prefill_stage,1,256,10,ln2,0.0116
block_prefill_stage,1,256,10,fc1,0.3839
block_prefill_stage,1,256,10,gelu,0.0190
block_prefill_stage,1,256,10,fc2,1.0001
block_prefill_stage,1,256,10,residual_ffn,0.0115
block_prefill_stage,1,256,11,ln1,0.0118
block_prefill_stage,1,256,11,qkv_projection,0.3093
block_prefill_stage,1,256,11,make_tables_h2d,0.0140
block_prefill_stage,1,256,11,append_prefill_kv,0.0108
block_prefill_stage,1,256,11,flashattention_prefill_total,0.5558
block_prefill_stage,1,256,11,attn_out_projection,0.2564
block_prefill_stage,1,256,11,residual_attn,0.0179
block_prefill_stage,1,256,11,ln2,0.0141
block_prefill_stage,1,256,11,fc1,0.3851
block_prefill_stage,1,256,11,gelu,0.0202
block_prefill_stage,1,256,11,fc2,1.0016
block_prefill_stage,1,256,11,residual_ffn,0.0126
block_prefill_stage,1,256,0,ln1,0.0120
block_prefill_stage,1,256,0,qkv_projection,0.3057
block_prefill_stage,1,256,0,make_tables_h2d,0.0135
block_prefill_stage,1,256,0,append_prefill_kv,0.0112
block_prefill_stage,1,256,0,flashattention_prefill_total,0.5514
block_prefill_stage,1,256,0,attn_out_projection,0.2621
block_prefill_stage,1,256,0,residual_attn,0.0119
block_prefill_stage,1,256,0,ln2,0.0116
block_prefill_stage,1,256,0,fc1,0.3784
block_prefill_stage,1,256,0,gelu,0.0183
block_prefill_stage,1,256,0,fc2,1.0065
block_prefill_stage,1,256,0,residual_ffn,0.0207
block_prefill_stage,1,256,1,ln1,0.0141
block_prefill_stage,1,256,1,qkv_projection,0.3076
block_prefill_stage,1,256,1,make_tables_h2d,0.0203
block_prefill_stage,1,256,1,append_prefill_kv,0.0126
block_prefill_stage,1,256,1,flashattention_prefill_total,0.5508
block_prefill_stage,1,256,1,attn_out_projection,0.2546
block_prefill_stage,1,256,1,residual_attn,0.0162
block_prefill_stage,1,256,1,ln2,0.0135
block_prefill_stage,1,256,1,fc1,0.3820
block_prefill_stage,1,256,1,gelu,0.0247
block_prefill_stage,1,256,1,fc2,1.0085
block_prefill_stage,1,256,1,residual_ffn,0.0179
block_prefill_stage,1,256,2,ln1,0.0122
block_prefill_stage,1,256,2,qkv_projection,0.3127
block_prefill_stage,1,256,2,make_tables_h2d,0.0191
block_prefill_stage,1,256,2,append_prefill_kv,0.0111
block_prefill_stage,1,256,2,flashattention_prefill_total,0.5515
block_prefill_stage,1,256,2,attn_out_projection,0.2547
block_prefill_stage,1,256,2,residual_attn,0.0119
block_prefill_stage,1,256,2,ln2,0.0118
block_prefill_stage,1,256,2,fc1,0.3849
block_prefill_stage,1,256,2,gelu,0.0196
block_prefill_stage,1,256,2,fc2,1.0026
block_prefill_stage,1,256,2,residual_ffn,0.0130
block_prefill_stage,1,256,3,ln1,0.0115
block_prefill_stage,1,256,3,qkv_projection,0.3075
block_prefill_stage,1,256,3,make_tables_h2d,0.0151
block_prefill_stage,1,256,3,append_prefill_kv,0.0105
block_prefill_stage,1,256,3,flashattention_prefill_total,0.5495
block_prefill_stage,1,256,3,attn_out_projection,0.2732
block_prefill_stage,1,256,3,residual_attn,0.0135
block_prefill_stage,1,256,3,ln2,0.0115
block_prefill_stage,1,256,3,fc1,0.3792
block_prefill_stage,1,256,3,gelu,0.0178
block_prefill_stage,1,256,3,fc2,1.0037
block_prefill_stage,1,256,3,residual_ffn,0.0116
block_prefill_stage,1,256,4,ln1,0.0121
block_prefill_stage,1,256,4,qkv_projection,0.3044
block_prefill_stage,1,256,4,make_tables_h2d,0.0147
block_prefill_stage,1,256,4,append_prefill_kv,0.0109
block_prefill_stage,1,256,4,flashattention_prefill_total,0.5497
block_prefill_stage,1,256,4,attn_out_projection,0.2528
block_prefill_stage,1,256,4,residual_attn,0.0121
block_prefill_stage,1,256,4,ln2,0.0118
block_prefill_stage,1,256,4,fc1,0.3803
block_prefill_stage,1,256,4,gelu,0.0179
block_prefill_stage,1,256,4,fc2,1.0018
block_prefill_stage,1,256,4,residual_ffn,0.0113
block_prefill_stage,1,256,5,ln1,0.0117
block_prefill_stage,1,256,5,qkv_projection,0.3072
block_prefill_stage,1,256,5,make_tables_h2d,0.0136
block_prefill_stage,1,256,5,append_prefill_kv,0.0110
block_prefill_stage,1,256,5,flashattention_prefill_total,0.5505
block_prefill_stage,1,256,5,attn_out_projection,0.2517
block_prefill_stage,1,256,5,residual_attn,0.0119
block_prefill_stage,1,256,5,ln2,0.0115
block_prefill_stage,1,256,5,fc1,0.3810
block_prefill_stage,1,256,5,gelu,0.0178
block_prefill_stage,1,256,5,fc2,1.0027
block_prefill_stage,1,256,5,residual_ffn,0.0113
block_prefill_stage,1,256,6,ln1,0.0120
block_prefill_stage,1,256,6,qkv_projection,0.3069
block_prefill_stage,1,256,6,make_tables_h2d,0.0140
block_prefill_stage,1,256,6,append_prefill_kv,0.0107
block_prefill_stage,1,256,6,flashattention_prefill_total,0.5524
block_prefill_stage,1,256,6,attn_out_projection,0.2528
block_prefill_stage,1,256,6,residual_attn,0.0121
block_prefill_stage,1,256,6,ln2,0.0148
block_prefill_stage,1,256,6,fc1,0.3857
block_prefill_stage,1,256,6,gelu,0.0357
block_prefill_stage,1,256,6,fc2,1.0057
block_prefill_stage,1,256,6,residual_ffn,0.0180
block_prefill_stage,1,256,7,ln1,0.0136
block_prefill_stage,1,256,7,qkv_projection,0.3048
block_prefill_stage,1,256,7,make_tables_h2d,0.0259
block_prefill_stage,1,256,7,append_prefill_kv,0.0172
block_prefill_stage,1,256,7,flashattention_prefill_total,0.5662
block_prefill_stage,1,256,7,attn_out_projection,0.2662
block_prefill_stage,1,256,7,residual_attn,0.0212
block_prefill_stage,1,256,7,ln2,0.0144
block_prefill_stage,1,256,7,fc1,0.3843
block_prefill_stage,1,256,7,gelu,0.0281
block_prefill_stage,1,256,7,fc2,1.0076
block_prefill_stage,1,256,7,residual_ffn,0.0166
block_prefill_stage,1,256,8,ln1,0.0122
block_prefill_stage,1,256,8,qkv_projection,0.3102
block_prefill_stage,1,256,8,make_tables_h2d,0.0199
block_prefill_stage,1,256,8,append_prefill_kv,0.0115
block_prefill_stage,1,256,8,flashattention_prefill_total,0.5521
block_prefill_stage,1,256,8,attn_out_projection,0.2579
block_prefill_stage,1,256,8,residual_attn,0.0269
block_prefill_stage,1,256,8,ln2,0.0136
block_prefill_stage,1,256,8,fc1,0.3776
block_prefill_stage,1,256,8,gelu,0.0408
block_prefill_stage,1,256,8,fc2,1.0062
block_prefill_stage,1,256,8,residual_ffn,0.0203
block_prefill_stage,1,256,9,ln1,0.0143
block_prefill_stage,1,256,9,qkv_projection,0.3110
block_prefill_stage,1,256,9,make_tables_h2d,0.0210
block_prefill_stage,1,256,9,append_prefill_kv,0.0143
block_prefill_stage,1,256,9,flashattention_prefill_total,0.5769
block_prefill_stage,1,256,9,attn_out_projection,0.2555
block_prefill_stage,1,256,9,residual_attn,0.0129
block_prefill_stage,1,256,9,ln2,0.0122
block_prefill_stage,1,256,9,fc1,0.3755
block_prefill_stage,1,256,9,gelu,0.0185
block_prefill_stage,1,256,9,fc2,1.0014
block_prefill_stage,1,256,9,residual_ffn,0.0125
block_prefill_stage,1,256,10,ln1,0.0117
block_prefill_stage,1,256,10,qkv_projection,0.3017
block_prefill_stage,1,256,10,make_tables_h2d,0.0158
block_prefill_stage,1,256,10,append_prefill_kv,0.0117
block_prefill_stage,1,256,10,flashattention_prefill_total,0.5502
block_prefill_stage,1,256,10,attn_out_projection,0.2522
block_prefill_stage,1,256,10,residual_attn,0.0123
block_prefill_stage,1,256,10,ln2,0.0120
block_prefill_stage,1,256,10,fc1,0.3790
block_prefill_stage,1,256,10,gelu,0.0200
block_prefill_stage,1,256,10,fc2,1.0003
block_prefill_stage,1,256,10,residual_ffn,0.0124
block_prefill_stage,1,256,11,ln1,0.0120
block_prefill_stage,1,256,11,qkv_projection,0.3032
block_prefill_stage,1,256,11,make_tables_h2d,0.0326
block_prefill_stage,1,256,11,append_prefill_kv,0.0111
block_prefill_stage,1,256,11,flashattention_prefill_total,0.5493
block_prefill_stage,1,256,11,attn_out_projection,0.2526
block_prefill_stage,1,256,11,residual_attn,0.0121
block_prefill_stage,1,256,11,ln2,0.0118
block_prefill_stage,1,256,11,fc1,0.3797
block_prefill_stage,1,256,11,gelu,0.0191
block_prefill_stage,1,256,11,fc2,1.0044
block_prefill_stage,1,256,11,residual_ffn,0.0114
block_prefill_stage,1,256,0,ln1,0.0116
block_prefill_stage,1,256,0,qkv_projection,0.3055
block_prefill_stage,1,256,0,make_tables_h2d,0.0146
block_prefill_stage,1,256,0,append_prefill_kv,0.0112
block_prefill_stage,1,256,0,flashattention_prefill_total,0.5506
block_prefill_stage,1,256,0,attn_out_projection,0.2539
block_prefill_stage,1,256,0,residual_attn,0.0120
block_prefill_stage,1,256,0,ln2,0.0117
block_prefill_stage,1,256,0,fc1,0.3818
block_prefill_stage,1,256,0,gelu,0.0185
block_prefill_stage,1,256,0,fc2,1.0028
block_prefill_stage,1,256,0,residual_ffn,0.0113
block_prefill_stage,1,256,1,ln1,0.0122
block_prefill_stage,1,256,1,qkv_projection,0.3032
block_prefill_stage,1,256,1,make_tables_h2d,0.0141
block_prefill_stage,1,256,1,append_prefill_kv,0.0107
block_prefill_stage,1,256,1,flashattention_prefill_total,0.5514
block_prefill_stage,1,256,1,attn_out_projection,0.2534
block_prefill_stage,1,256,1,residual_attn,0.0120
block_prefill_stage,1,256,1,ln2,0.0118
block_prefill_stage,1,256,1,fc1,0.3806
block_prefill_stage,1,256,1,gelu,0.0199
block_prefill_stage,1,256,1,fc2,1.0084
block_prefill_stage,1,256,1,residual_ffn,0.0175
block_prefill_stage,1,256,2,ln1,0.0122
block_prefill_stage,1,256,2,qkv_projection,0.3131
block_prefill_stage,1,256,2,make_tables_h2d,0.0189
block_prefill_stage,1,256,2,append_prefill_kv,0.0120
block_prefill_stage,1,256,2,flashattention_prefill_total,0.5506
block_prefill_stage,1,256,2,attn_out_projection,0.2525
block_prefill_stage,1,256,2,residual_attn,0.0122
block_prefill_stage,1,256,2,ln2,0.0114
block_prefill_stage,1,256,2,fc1,0.3859
block_prefill_stage,1,256,2,gelu,0.0185
block_prefill_stage,1,256,2,fc2,1.0101
block_prefill_stage,1,256,2,residual_ffn,0.0144
block_prefill_stage,1,256,3,ln1,0.0134
block_prefill_stage,1,256,3,qkv_projection,0.3194
block_prefill_stage,1,256,3,make_tables_h2d,0.0165
block_prefill_stage,1,256,3,append_prefill_kv,0.0120
block_prefill_stage,1,256,3,flashattention_prefill_total,0.5573
block_prefill_stage,1,256,3,attn_out_projection,0.2549
block_prefill_stage,1,256,3,residual_attn,0.0124
block_prefill_stage,1,256,3,ln2,0.0113
block_prefill_stage,1,256,3,fc1,0.3803
block_prefill_stage,1,256,3,gelu,0.0182
block_prefill_stage,1,256,3,fc2,1.0089
block_prefill_stage,1,256,3,residual_ffn,0.0183
block_prefill_stage,1,256,4,ln1,0.0127
block_prefill_stage,1,256,4,qkv_projection,0.3038
block_prefill_stage,1,256,4,make_tables_h2d,0.0184
block_prefill_stage,1,256,4,append_prefill_kv,0.0123
block_prefill_stage,1,256,4,flashattention_prefill_total,0.5522
block_prefill_stage,1,256,4,attn_out_projection,0.2566
block_prefill_stage,1,256,4,residual_attn,0.0189
block_prefill_stage,1,256,4,ln2,0.0136
block_prefill_stage,1,256,4,fc1,0.3837
block_prefill_stage,1,256,4,gelu,0.0227
block_prefill_stage,1,256,4,fc2,1.0025
block_prefill_stage,1,256,4,residual_ffn,0.0131
block_prefill_stage,1,256,5,ln1,0.0127
block_prefill_stage,1,256,5,qkv_projection,0.3071
block_prefill_stage,1,256,5,make_tables_h2d,0.0189
block_prefill_stage,1,256,5,append_prefill_kv,0.0113
block_prefill_stage,1,256,5,flashattention_prefill_total,0.5519
block_prefill_stage,1,256,5,attn_out_projection,0.2535
block_prefill_stage,1,256,5,residual_attn,0.0123
block_prefill_stage,1,256,5,ln2,0.0120
block_prefill_stage,1,256,5,fc1,0.3769
block_prefill_stage,1,256,5,gelu,0.0192
block_prefill_stage,1,256,5,fc2,1.0007
block_prefill_stage,1,256,5,residual_ffn,0.0128
block_prefill_stage,1,256,6,ln1,0.0120
block_prefill_stage,1,256,6,qkv_projection,0.3064
block_prefill_stage,1,256,6,make_tables_h2d,0.0155
block_prefill_stage,1,256,6,append_prefill_kv,0.0198
block_prefill_stage,1,256,6,flashattention_prefill_total,0.5511
block_prefill_stage,1,256,6,attn_out_projection,0.2548
block_prefill_stage,1,256,6,residual_attn,0.0119
block_prefill_stage,1,256,6,ln2,0.0119
block_prefill_stage,1,256,6,fc1,0.3784
block_prefill_stage,1,256,6,gelu,0.0184
block_prefill_stage,1,256,6,fc2,1.0022
block_prefill_stage,1,256,6,residual_ffn,0.0113
block_prefill_stage,1,256,7,ln1,0.0115
block_prefill_stage,1,256,7,qkv_projection,0.3054
block_prefill_stage,1,256,7,make_tables_h2d,0.0147
block_prefill_stage,1,256,7,append_prefill_kv,0.0109
block_prefill_stage,1,256,7,flashattention_prefill_total,0.5504
block_prefill_stage,1,256,7,attn_out_projection,0.2520
block_prefill_stage,1,256,7,residual_attn,0.0117
block_prefill_stage,1,256,7,ln2,0.0117
block_prefill_stage,1,256,7,fc1,0.3831
block_prefill_stage,1,256,7,gelu,0.0184
block_prefill_stage,1,256,7,fc2,1.0012
block_prefill_stage,1,256,7,residual_ffn,0.0121
block_prefill_stage,1,256,8,ln1,0.0114
block_prefill_stage,1,256,8,qkv_projection,0.3039
block_prefill_stage,1,256,8,make_tables_h2d,0.0142
block_prefill_stage,1,256,8,append_prefill_kv,0.0107
block_prefill_stage,1,256,8,flashattention_prefill_total,0.5494
block_prefill_stage,1,256,8,attn_out_projection,0.2514
block_prefill_stage,1,256,8,residual_attn,0.0153
block_prefill_stage,1,256,8,ln2,0.0113
block_prefill_stage,1,256,8,fc1,0.3810
block_prefill_stage,1,256,8,gelu,0.0180
block_prefill_stage,1,256,8,fc2,1.0034
block_prefill_stage,1,256,8,residual_ffn,0.0267
block_prefill_stage,1,256,9,ln1,0.0160
block_prefill_stage,1,256,9,qkv_projection,0.3056
block_prefill_stage,1,256,9,make_tables_h2d,0.0222
block_prefill_stage,1,256,9,append_prefill_kv,0.0157
block_prefill_stage,1,256,9,flashattention_prefill_total,0.5556
block_prefill_stage,1,256,9,attn_out_projection,0.2649
block_prefill_stage,1,256,9,residual_attn,0.0186
block_prefill_stage,1,256,9,ln2,0.0123
block_prefill_stage,1,256,9,fc1,0.3791
block_prefill_stage,1,256,9,gelu,0.0189
block_prefill_stage,1,256,9,fc2,1.0049
block_prefill_stage,1,256,9,residual_ffn,0.0180
block_prefill_stage,1,256,10,ln1,0.0125
block_prefill_stage,1,256,10,qkv_projection,0.3029
block_prefill_stage,1,256,10,make_tables_h2d,0.0194
block_prefill_stage,1,256,10,append_prefill_kv,0.0120
block_prefill_stage,1,256,10,flashattention_prefill_total,0.5505
block_prefill_stage,1,256,10,attn_out_projection,0.2518
block_prefill_stage,1,256,10,residual_attn,0.0124
block_prefill_stage,1,256,10,ln2,0.0117
block_prefill_stage,1,256,10,fc1,0.3814
block_prefill_stage,1,256,10,gelu,0.0198
block_prefill_stage,1,256,10,fc2,1.0043
block_prefill_stage,1,256,10,residual_ffn,0.0174
block_prefill_stage,1,256,11,ln1,0.0139
block_prefill_stage,1,256,11,qkv_projection,0.3038
block_prefill_stage,1,256,11,make_tables_h2d,0.0201
block_prefill_stage,1,256,11,append_prefill_kv,0.0137
block_prefill_stage,1,256,11,flashattention_prefill_total,0.5509
block_prefill_stage,1,256,11,attn_out_projection,0.2552
block_prefill_stage,1,256,11,residual_attn,0.0201
block_prefill_stage,1,256,11,ln2,0.0140
block_prefill_stage,1,256,11,fc1,0.3835
block_prefill_stage,1,256,11,gelu,0.0341
block_prefill_stage,1,256,11,fc2,1.0143
block_prefill_stage,1,256,11,residual_ffn,0.0189
block_prefill_stage,1,256,0,ln1,0.0117
block_prefill_stage,1,256,0,qkv_projection,0.3058
block_prefill_stage,1,256,0,make_tables_h2d,0.0143
block_prefill_stage,1,256,0,append_prefill_kv,0.0107
block_prefill_stage,1,256,0,flashattention_prefill_total,0.5500
block_prefill_stage,1,256,0,attn_out_projection,0.2536
block_prefill_stage,1,256,0,residual_attn,0.0127
block_prefill_stage,1,256,0,ln2,0.0115
block_prefill_stage,1,256,0,fc1,0.3817
block_prefill_stage,1,256,0,gelu,0.0206
block_prefill_stage,1,256,0,fc2,1.0039
block_prefill_stage,1,256,0,residual_ffn,0.0207
block_prefill_stage,1,256,1,ln1,0.0141
block_prefill_stage,1,256,1,qkv_projection,0.3055
block_prefill_stage,1,256,1,make_tables_h2d,0.0251
block_prefill_stage,1,256,1,append_prefill_kv,0.0161
block_prefill_stage,1,256,1,flashattention_prefill_total,0.5530
block_prefill_stage,1,256,1,attn_out_projection,0.2610
block_prefill_stage,1,256,1,residual_attn,0.0217
block_prefill_stage,1,256,1,ln2,0.0145
block_prefill_stage,1,256,1,fc1,0.3852
block_prefill_stage,1,256,1,gelu,0.0267
block_prefill_stage,1,256,1,fc2,1.0091
block_prefill_stage,1,256,1,residual_ffn,0.0213
block_prefill_stage,1,256,2,ln1,0.0141
block_prefill_stage,1,256,2,qkv_projection,0.3101
block_prefill_stage,1,256,2,make_tables_h2d,0.0232
block_prefill_stage,1,256,2,append_prefill_kv,0.0157
block_prefill_stage,1,256,2,flashattention_prefill_total,0.5525
block_prefill_stage,1,256,2,attn_out_projection,0.2598
block_prefill_stage,1,256,2,residual_attn,0.0185
block_prefill_stage,1,256,2,ln2,0.0143
block_prefill_stage,1,256,2,fc1,0.3811
block_prefill_stage,1,256,2,gelu,0.0258
block_prefill_stage,1,256,2,fc2,1.0082
block_prefill_stage,1,256,2,residual_ffn,0.0218
block_prefill_stage,1,256,3,ln1,0.0148
block_prefill_stage,1,256,3,qkv_projection,0.3114
block_prefill_stage,1,256,3,make_tables_h2d,0.0355
block_prefill_stage,1,256,3,append_prefill_kv,0.0152
block_prefill_stage,1,256,3,flashattention_prefill_total,0.5537
block_prefill_stage,1,256,3,attn_out_projection,0.2611
block_prefill_stage,1,256,3,residual_attn,0.0193
block_prefill_stage,1,256,3,ln2,0.0147
block_prefill_stage,1,256,3,fc1,0.3846
block_prefill_stage,1,256,3,gelu,0.0255
block_prefill_stage,1,256,3,fc2,1.0079
block_prefill_stage,1,256,3,residual_ffn,0.0208
block_prefill_stage,1,256,4,ln1,0.0149
block_prefill_stage,1,256,4,qkv_projection,0.3047
block_prefill_stage,1,256,4,make_tables_h2d,0.0233
block_prefill_stage,1,256,4,append_prefill_kv,0.0156
block_prefill_stage,1,256,4,flashattention_prefill_total,0.5541
block_prefill_stage,1,256,4,attn_out_projection,0.2626
block_prefill_stage,1,256,4,residual_attn,0.0178
block_prefill_stage,1,256,4,ln2,0.0143
block_prefill_stage,1,256,4,fc1,0.3789
block_prefill_stage,1,256,4,gelu,0.0231
block_prefill_stage,1,256,4,fc2,1.0084
block_prefill_stage,1,256,4,residual_ffn,0.0282
block_prefill_stage,1,256,5,ln1,0.0146
block_prefill_stage,1,256,5,qkv_projection,0.3123
block_prefill_stage,1,256,5,make_tables_h2d,0.0241
block_prefill_stage,1,256,5,append_prefill_kv,0.0153
block_prefill_stage,1,256,5,flashattention_prefill_total,0.5537
block_prefill_stage,1,256,5,attn_out_projection,0.2574
block_prefill_stage,1,256,5,residual_attn,0.0148
block_prefill_stage,1,256,5,ln2,0.0118
block_prefill_stage,1,256,5,fc1,0.3774
block_prefill_stage,1,256,5,gelu,0.0186
block_prefill_stage,1,256,5,fc2,1.0050
block_prefill_stage,1,256,5,residual_ffn,0.0214
block_prefill_stage,1,256,6,ln1,0.0144
block_prefill_stage,1,256,6,qkv_projection,0.6918
block_prefill_stage,1,256,6,make_tables_h2d,0.0249
block_prefill_stage,1,256,6,append_prefill_kv,0.0167
block_prefill_stage,1,256,6,flashattention_prefill_total,0.5563
block_prefill_stage,1,256,6,attn_out_projection,0.2629
block_prefill_stage,1,256,6,residual_attn,0.0205
block_prefill_stage,1,256,6,ln2,0.0142
block_prefill_stage,1,256,6,fc1,0.3814
block_prefill_stage,1,256,6,gelu,0.0360
block_prefill_stage,1,256,6,fc2,1.0093
block_prefill_stage,1,256,6,residual_ffn,0.0208
block_prefill_stage,1,256,7,ln1,0.0149
block_prefill_stage,1,256,7,qkv_projection,0.3096
block_prefill_stage,1,256,7,make_tables_h2d,0.0243
block_prefill_stage,1,256,7,append_prefill_kv,0.0160
block_prefill_stage,1,256,7,flashattention_prefill_total,0.5550
block_prefill_stage,1,256,7,attn_out_projection,0.2634
block_prefill_stage,1,256,7,residual_attn,0.0199
block_prefill_stage,1,256,7,ln2,0.0138
block_prefill_stage,1,256,7,fc1,0.3877
block_prefill_stage,1,256,7,gelu,0.0266
block_prefill_stage,1,256,7,fc2,1.0074
block_prefill_stage,1,256,7,residual_ffn,0.0198
block_prefill_stage,1,256,8,ln1,0.0131
block_prefill_stage,1,256,8,qkv_projection,0.3102
block_prefill_stage,1,256,8,make_tables_h2d,0.0222
block_prefill_stage,1,256,8,append_prefill_kv,0.0151
block_prefill_stage,1,256,8,flashattention_prefill_total,0.5536
block_prefill_stage,1,256,8,attn_out_projection,0.2573
block_prefill_stage,1,256,8,residual_attn,0.0128
block_prefill_stage,1,256,8,ln2,0.0122
block_prefill_stage,1,256,8,fc1,0.3816
block_prefill_stage,1,256,8,gelu,0.0190
block_prefill_stage,1,256,8,fc2,1.0049
block_prefill_stage,1,256,8,residual_ffn,0.0186
block_prefill_stage,1,256,9,ln1,0.0145
block_prefill_stage,1,256,9,qkv_projection,0.3144
block_prefill_stage,1,256,9,make_tables_h2d,0.0211
block_prefill_stage,1,256,9,append_prefill_kv,0.0147
block_prefill_stage,1,256,9,flashattention_prefill_total,0.5517
block_prefill_stage,1,256,9,attn_out_projection,0.2684
block_prefill_stage,1,256,9,residual_attn,0.0159
block_prefill_stage,1,256,9,ln2,0.0140
block_prefill_stage,1,256,9,fc1,0.3991
block_prefill_stage,1,256,9,gelu,0.0226
block_prefill_stage,1,256,9,fc2,1.0061
block_prefill_stage,1,256,9,residual_ffn,0.0182
block_prefill_stage,1,256,10,ln1,0.0133
block_prefill_stage,1,256,10,qkv_projection,0.3063
block_prefill_stage,1,256,10,make_tables_h2d,0.0189
block_prefill_stage,1,256,10,append_prefill_kv,0.0118
block_prefill_stage,1,256,10,flashattention_prefill_total,0.5643
block_prefill_stage,1,256,10,attn_out_projection,0.2557
block_prefill_stage,1,256,10,residual_attn,0.0137
block_prefill_stage,1,256,10,ln2,0.0121
block_prefill_stage,1,256,10,fc1,0.3795
block_prefill_stage,1,256,10,gelu,0.0181
block_prefill_stage,1,256,10,fc2,1.0028
block_prefill_stage,1,256,10,residual_ffn,0.0127
block_prefill_stage,1,256,11,ln1,0.0115
block_prefill_stage,1,256,11,qkv_projection,0.3087
block_prefill_stage,1,256,11,make_tables_h2d,0.0214
block_prefill_stage,1,256,11,append_prefill_kv,0.0147
block_prefill_stage,1,256,11,flashattention_prefill_total,0.5541
block_prefill_stage,1,256,11,attn_out_projection,0.2639
block_prefill_stage,1,256,11,residual_attn,0.0192
block_prefill_stage,1,256,11,ln2,0.0138
block_prefill_stage,1,256,11,fc1,0.3894
block_prefill_stage,1,256,11,gelu,0.0279
block_prefill_stage,1,256,11,fc2,1.0087
block_prefill_stage,1,256,11,residual_ffn,0.0187
block_prefill_stage,1,256,0,ln1,0.0119
block_prefill_stage,1,256,0,qkv_projection,0.3089
block_prefill_stage,1,256,0,make_tables_h2d,0.0160
block_prefill_stage,1,256,0,append_prefill_kv,0.0122
block_prefill_stage,1,256,0,flashattention_prefill_total,0.5508
block_prefill_stage,1,256,0,attn_out_projection,0.2528
block_prefill_stage,1,256,0,residual_attn,0.0129
block_prefill_stage,1,256,0,ln2,0.0123
block_prefill_stage,1,256,0,fc1,0.3847
block_prefill_stage,1,256,0,gelu,0.0212
block_prefill_stage,1,256,0,fc2,1.0050
block_prefill_stage,1,256,0,residual_ffn,0.0191
block_prefill_stage,1,256,1,ln1,0.0130
block_prefill_stage,1,256,1,qkv_projection,0.3011
block_prefill_stage,1,256,1,make_tables_h2d,0.0193
block_prefill_stage,1,256,1,append_prefill_kv,0.0119
block_prefill_stage,1,256,1,flashattention_prefill_total,0.5519
block_prefill_stage,1,256,1,attn_out_projection,0.2584
block_prefill_stage,1,256,1,residual_attn,0.0178
block_prefill_stage,1,256,1,ln2,0.0134
block_prefill_stage,1,256,1,fc1,0.3851
block_prefill_stage,1,256,1,gelu,0.0266
block_prefill_stage,1,256,1,fc2,1.0061
block_prefill_stage,1,256,1,residual_ffn,0.0140
block_prefill_stage,1,256,2,ln1,0.0123
block_prefill_stage,1,256,2,qkv_projection,0.3069
block_prefill_stage,1,256,2,make_tables_h2d,0.0204
block_prefill_stage,1,256,2,append_prefill_kv,0.0114
block_prefill_stage,1,256,2,flashattention_prefill_total,0.5516
block_prefill_stage,1,256,2,attn_out_projection,0.2534
block_prefill_stage,1,256,2,residual_attn,0.0141
block_prefill_stage,1,256,2,ln2,0.0116
block_prefill_stage,1,256,2,fc1,0.3783
block_prefill_stage,1,256,2,gelu,0.0194
block_prefill_stage,1,256,2,fc2,1.0035
block_prefill_stage,1,256,2,residual_ffn,0.0129
block_prefill_stage,1,256,3,ln1,0.0118
block_prefill_stage,1,256,3,qkv_projection,0.3049
block_prefill_stage,1,256,3,make_tables_h2d,0.0162
block_prefill_stage,1,256,3,append_prefill_kv,0.0113
block_prefill_stage,1,256,3,flashattention_prefill_total,0.5524
block_prefill_stage,1,256,3,attn_out_projection,0.2527
block_prefill_stage,1,256,3,residual_attn,0.0119
block_prefill_stage,1,256,3,ln2,0.0121
block_prefill_stage,1,256,3,fc1,0.3820
block_prefill_stage,1,256,3,gelu,0.0190
block_prefill_stage,1,256,3,fc2,1.0041
block_prefill_stage,1,256,3,residual_ffn,0.0123
block_prefill_stage,1,256,4,ln1,0.0123
block_prefill_stage,1,256,4,qkv_projection,0.3111
block_prefill_stage,1,256,4,make_tables_h2d,0.0155
block_prefill_stage,1,256,4,append_prefill_kv,0.0107
block_prefill_stage,1,256,4,flashattention_prefill_total,0.5498
block_prefill_stage,1,256,4,attn_out_projection,0.2541
block_prefill_stage,1,256,4,residual_attn,0.0119
block_prefill_stage,1,256,4,ln2,0.0118
block_prefill_stage,1,256,4,fc1,0.3812
block_prefill_stage,1,256,4,gelu,0.0174
block_prefill_stage,1,256,4,fc2,1.0014
block_prefill_stage,1,256,4,residual_ffn,0.0117
block_prefill_stage,1,256,5,ln1,0.0116
block_prefill_stage,1,256,5,qkv_projection,0.3059
block_prefill_stage,1,256,5,make_tables_h2d,0.0151
block_prefill_stage,1,256,5,append_prefill_kv,0.0108
block_prefill_stage,1,256,5,flashattention_prefill_total,0.5510
block_prefill_stage,1,256,5,attn_out_projection,0.2535
block_prefill_stage,1,256,5,residual_attn,0.0119
block_prefill_stage,1,256,5,ln2,0.0112
block_prefill_stage,1,256,5,fc1,0.3787
block_prefill_stage,1,256,5,gelu,0.0170
block_prefill_stage,1,256,5,fc2,1.0024
block_prefill_stage,1,256,5,residual_ffn,0.0113
block_prefill_stage,1,256,6,ln1,0.0113
block_prefill_stage,1,256,6,qkv_projection,0.3114
block_prefill_stage,1,256,6,make_tables_h2d,0.0138
block_prefill_stage,1,256,6,append_prefill_kv,0.0111
block_prefill_stage,1,256,6,flashattention_prefill_total,0.5507
block_prefill_stage,1,256,6,attn_out_projection,0.2539
block_prefill_stage,1,256,6,residual_attn,0.0124
block_prefill_stage,1,256,6,ln2,0.0136
block_prefill_stage,1,256,6,fc1,0.3819
block_prefill_stage,1,256,6,gelu,0.0246
block_prefill_stage,1,256,6,fc2,1.0012
block_prefill_stage,1,256,6,residual_ffn,0.0124
block_prefill_stage,1,256,7,ln1,0.0121
block_prefill_stage,1,256,7,qkv_projection,0.3004
block_prefill_stage,1,256,7,make_tables_h2d,0.0190
block_prefill_stage,1,256,7,append_prefill_kv,0.0120
block_prefill_stage,1,256,7,flashattention_prefill_total,0.5511
block_prefill_stage,1,256,7,attn_out_projection,0.2527
block_prefill_stage,1,256,7,residual_attn,0.0122
block_prefill_stage,1,256,7,ln2,0.0115
block_prefill_stage,1,256,7,fc1,0.3794
block_prefill_stage,1,256,7,gelu,0.0204
block_prefill_stage,1,256,7,fc2,1.0027
block_prefill_stage,1,256,7,residual_ffn,0.0115
block_prefill_stage,1,256,8,ln1,0.0118
block_prefill_stage,1,256,8,qkv_projection,0.3031
block_prefill_stage,1,256,8,make_tables_h2d,0.0160
block_prefill_stage,1,256,8,append_prefill_kv,0.0106
block_prefill_stage,1,256,8,flashattention_prefill_total,0.5509
block_prefill_stage,1,256,8,attn_out_projection,0.2520
block_prefill_stage,1,256,8,residual_attn,0.0118
block_prefill_stage,1,256,8,ln2,0.0118
block_prefill_stage,1,256,8,fc1,0.3877
block_prefill_stage,1,256,8,gelu,0.0267
block_prefill_stage,1,256,8,fc2,1.0050
block_prefill_stage,1,256,8,residual_ffn,0.0167
block_prefill_stage,1,256,9,ln1,0.0143
block_prefill_stage,1,256,9,qkv_projection,0.3061
block_prefill_stage,1,256,9,make_tables_h2d,0.0233
block_prefill_stage,1,256,9,append_prefill_kv,0.0145
block_prefill_stage,1,256,9,flashattention_prefill_total,0.5551
block_prefill_stage,1,256,9,attn_out_projection,0.2771
block_prefill_stage,1,256,9,residual_attn,0.0137
block_prefill_stage,1,256,9,ln2,0.0125
block_prefill_stage,1,256,9,fc1,0.3834
block_prefill_stage,1,256,9,gelu,0.0203
block_prefill_stage,1,256,9,fc2,1.0047
block_prefill_stage,1,256,9,residual_ffn,0.0125
block_prefill_stage,1,256,10,ln1,0.0116
block_prefill_stage,1,256,10,qkv_projection,0.3057
block_prefill_stage,1,256,10,make_tables_h2d,0.0191
block_prefill_stage,1,256,10,append_prefill_kv,0.0112
block_prefill_stage,1,256,10,flashattention_prefill_total,0.5576
block_prefill_stage,1,256,10,attn_out_projection,0.2557
block_prefill_stage,1,256,10,residual_attn,0.0129
block_prefill_stage,1,256,10,ln2,0.0114
block_prefill_stage,1,256,10,fc1,0.3875
block_prefill_stage,1,256,10,gelu,0.0250
block_prefill_stage,1,256,10,fc2,1.0152
block_prefill_stage,1,256,10,residual_ffn,0.0195
block_prefill_stage,1,256,11,ln1,0.0140
block_prefill_stage,1,256,11,qkv_projection,0.3975
block_prefill_stage,1,256,11,make_tables_h2d,0.0238
block_prefill_stage,1,256,11,append_prefill_kv,0.0165
block_prefill_stage,1,256,11,flashattention_prefill_total,0.5598
block_prefill_stage,1,256,11,attn_out_projection,0.2618
block_prefill_stage,1,256,11,residual_attn,0.0173
block_prefill_stage,1,256,11,ln2,0.0144
block_prefill_stage,1,256,11,fc1,0.3925
block_prefill_stage,1,256,11,gelu,0.0226
block_prefill_stage,1,256,11,fc2,1.0136
block_prefill_stage,1,256,11,residual_ffn,0.0211
block_prefill_stage,1,256,0,ln1,0.0138
block_prefill_stage,1,256,0,qkv_projection,0.3062
block_prefill_stage,1,256,0,make_tables_h2d,0.0189
block_prefill_stage,1,256,0,append_prefill_kv,0.0136
block_prefill_stage,1,256,0,flashattention_prefill_total,0.5587
block_prefill_stage,1,256,0,attn_out_projection,0.2573
block_prefill_stage,1,256,0,residual_attn,0.0147
block_prefill_stage,1,256,0,ln2,0.0138
block_prefill_stage,1,256,0,fc1,0.3873
block_prefill_stage,1,256,0,gelu,0.0213
block_prefill_stage,1,256,0,fc2,1.0152
block_prefill_stage,1,256,0,residual_ffn,0.0183
block_prefill_stage,1,256,1,ln1,0.0141
block_prefill_stage,1,256,1,qkv_projection,0.3147
block_prefill_stage,1,256,1,make_tables_h2d,0.0229
block_prefill_stage,1,256,1,append_prefill_kv,0.0154
block_prefill_stage,1,256,1,flashattention_prefill_total,0.5595
block_prefill_stage,1,256,1,attn_out_projection,0.2638
block_prefill_stage,1,256,1,residual_attn,0.0166
block_prefill_stage,1,256,1,ln2,0.0142
block_prefill_stage,1,256,1,fc1,0.3867
block_prefill_stage,1,256,1,gelu,0.0234
block_prefill_stage,1,256,1,fc2,1.0164
block_prefill_stage,1,256,1,residual_ffn,0.0215
block_prefill_stage,1,256,2,ln1,0.0170
block_prefill_stage,1,256,2,qkv_projection,0.3160
block_prefill_stage,1,256,2,make_tables_h2d,0.0253
block_prefill_stage,1,256,2,append_prefill_kv,0.0278
block_prefill_stage,1,256,2,flashattention_prefill_total,0.5614
block_prefill_stage,1,256,2,attn_out_projection,0.2657
block_prefill_stage,1,256,2,residual_attn,0.0168
block_prefill_stage,1,256,2,ln2,0.0148
block_prefill_stage,1,256,2,fc1,0.3898
block_prefill_stage,1,256,2,gelu,0.0277
block_prefill_stage,1,256,2,fc2,1.0143
block_prefill_stage,1,256,2,residual_ffn,0.0208
block_prefill_stage,1,256,3,ln1,0.0145
block_prefill_stage,1,256,3,qkv_projection,0.3131
block_prefill_stage,1,256,3,make_tables_h2d,0.0242
block_prefill_stage,1,256,3,append_prefill_kv,0.0189
block_prefill_stage,1,256,3,flashattention_prefill_total,2.3264
block_prefill_stage,1,256,3,attn_out_projection,0.2670
block_prefill_stage,1,256,3,residual_attn,0.0134
block_prefill_stage,1,256,3,ln2,0.0123
block_prefill_stage,1,256,3,fc1,0.3868
block_prefill_stage,1,256,3,gelu,0.0223
block_prefill_stage,1,256,3,fc2,1.0204
block_prefill_stage,1,256,3,residual_ffn,0.0186
block_prefill_stage,1,256,4,ln1,0.0132
block_prefill_stage,1,256,4,qkv_projection,0.3101
block_prefill_stage,1,256,4,make_tables_h2d,0.0200
block_prefill_stage,1,256,4,append_prefill_kv,0.0121
block_prefill_stage,1,256,4,flashattention_prefill_total,0.5668
block_prefill_stage,1,256,4,attn_out_projection,0.2681
block_prefill_stage,1,256,4,residual_attn,0.0160
block_prefill_stage,1,256,4,ln2,0.0128
block_prefill_stage,1,256,4,fc1,0.3850
block_prefill_stage,1,256,4,gelu,0.0191
block_prefill_stage,1,256,4,fc2,1.0087
block_prefill_stage,1,256,4,residual_ffn,0.0132
block_prefill_stage,1,256,5,ln1,0.0115
block_prefill_stage,1,256,5,qkv_projection,0.3089
block_prefill_stage,1,256,5,make_tables_h2d,0.0184
block_prefill_stage,1,256,5,append_prefill_kv,0.0107
block_prefill_stage,1,256,5,flashattention_prefill_total,2.1631
block_prefill_stage,1,256,5,attn_out_projection,0.2653
block_prefill_stage,1,256,5,residual_attn,0.0162
block_prefill_stage,1,256,5,ln2,0.0142
block_prefill_stage,1,256,5,fc1,0.3884
block_prefill_stage,1,256,5,gelu,0.0226
block_prefill_stage,1,256,5,fc2,1.0163
block_prefill_stage,1,256,5,residual_ffn,0.0200
block_prefill_stage,1,256,6,ln1,0.0139
block_prefill_stage,1,256,6,qkv_projection,0.3159
block_prefill_stage,1,256,6,make_tables_h2d,0.0239
block_prefill_stage,1,256,6,append_prefill_kv,0.0166
block_prefill_stage,1,256,6,flashattention_prefill_total,0.5581
block_prefill_stage,1,256,6,attn_out_projection,0.2639
block_prefill_stage,1,256,6,residual_attn,0.0184
block_prefill_stage,1,256,6,ln2,0.0138
block_prefill_stage,1,256,6,fc1,0.3919
block_prefill_stage,1,256,6,gelu,0.0234
block_prefill_stage,1,256,6,fc2,1.0198
block_prefill_stage,1,256,6,residual_ffn,0.0194
block_prefill_stage,1,256,7,ln1,0.0146
block_prefill_stage,1,256,7,qkv_projection,0.3057
block_prefill_stage,1,256,7,make_tables_h2d,0.0227
block_prefill_stage,1,256,7,append_prefill_kv,0.0142
block_prefill_stage,1,256,7,flashattention_prefill_total,0.5615
block_prefill_stage,1,256,7,attn_out_projection,0.2616
block_prefill_stage,1,256,7,residual_attn,0.0154
block_prefill_stage,1,256,7,ln2,0.0134
block_prefill_stage,1,256,7,fc1,0.3862
block_prefill_stage,1,256,7,gelu,0.0244
block_prefill_stage,1,256,7,fc2,1.0125
block_prefill_stage,1,256,7,residual_ffn,0.0194
block_prefill_stage,1,256,8,ln1,0.0149
block_prefill_stage,1,256,8,qkv_projection,0.3114
block_prefill_stage,1,256,8,make_tables_h2d,0.0221
block_prefill_stage,1,256,8,append_prefill_kv,0.0143
block_prefill_stage,1,256,8,flashattention_prefill_total,0.5584
block_prefill_stage,1,256,8,attn_out_projection,0.2616
block_prefill_stage,1,256,8,residual_attn,0.0172
block_prefill_stage,1,256,8,ln2,0.0145
block_prefill_stage,1,256,8,fc1,0.3835
block_prefill_stage,1,256,8,gelu,0.0415
block_prefill_stage,1,256,8,fc2,1.0203
block_prefill_stage,1,256,8,residual_ffn,0.0188
block_prefill_stage,1,256,9,ln1,0.0141
block_prefill_stage,1,256,9,qkv_projection,0.3100
block_prefill_stage,1,256,9,make_tables_h2d,0.0231
block_prefill_stage,1,256,9,append_prefill_kv,0.0146
block_prefill_stage,1,256,9,flashattention_prefill_total,0.5591
block_prefill_stage,1,256,9,attn_out_projection,0.2623
block_prefill_stage,1,256,9,residual_attn,0.0178
block_prefill_stage,1,256,9,ln2,0.0142
block_prefill_stage,1,256,9,fc1,0.3869
block_prefill_stage,1,256,9,gelu,0.0267
block_prefill_stage,1,256,9,fc2,1.0153
block_prefill_stage,1,256,9,residual_ffn,0.0194
block_prefill_stage,1,256,10,ln1,0.0148
block_prefill_stage,1,256,10,qkv_projection,0.3089
block_prefill_stage,1,256,10,make_tables_h2d,0.0251
block_prefill_stage,1,256,10,append_prefill_kv,0.0156
block_prefill_stage,1,256,10,flashattention_prefill_total,0.5579
block_prefill_stage,1,256,10,attn_out_projection,0.2648
block_prefill_stage,1,256,10,residual_attn,0.0214
block_prefill_stage,1,256,10,ln2,0.0150
block_prefill_stage,1,256,10,fc1,0.3932
block_prefill_stage,1,256,10,gelu,0.0221
block_prefill_stage,1,256,10,fc2,0.9933
block_prefill_stage,1,256,10,residual_ffn,0.0199
block_prefill_stage,1,256,11,ln1,0.0179
block_prefill_stage,1,256,11,qkv_projection,0.3058
block_prefill_stage,1,256,11,make_tables_h2d,0.0206
block_prefill_stage,1,256,11,append_prefill_kv,0.0133
block_prefill_stage,1,256,11,flashattention_prefill_total,0.5464
block_prefill_stage,1,256,11,attn_out_projection,0.2536
block_prefill_stage,1,256,11,residual_attn,0.0178
block_prefill_stage,1,256,11,ln2,0.0137
block_prefill_stage,1,256,11,fc1,0.3805
block_prefill_stage,1,256,11,gelu,0.0233
block_prefill_stage,1,256,11,fc2,0.9946
block_prefill_stage,1,256,11,residual_ffn,0.0173
block_prefill_stage,16,4096,0,ln1,0.1142
block_prefill_stage,16,4096,0,qkv_projection,3.6330
block_prefill_stage,16,4096,0,make_tables_h2d,0.0432
block_prefill_stage,16,4096,0,append_prefill_kv,0.2269
block_prefill_stage,16,4096,0,flashattention_prefill_total,8.6342
block_prefill_stage,16,4096,0,attn_out_projection,1.2739
block_prefill_stage,16,4096,0,residual_attn,0.1658
block_prefill_stage,16,4096,0,ln2,0.1144
block_prefill_stage,16,4096,0,fc1,5.2784
block_prefill_stage,16,4096,0,gelu,0.4232
block_prefill_stage,16,4096,0,fc2,5.4116
block_prefill_stage,16,4096,0,residual_ffn,0.1597
block_prefill_stage,16,4096,1,ln1,0.1140
block_prefill_stage,16,4096,1,qkv_projection,3.9766
block_prefill_stage,16,4096,1,make_tables_h2d,0.0386
block_prefill_stage,16,4096,1,append_prefill_kv,0.2206
block_prefill_stage,16,4096,1,flashattention_prefill_total,9.8673
block_prefill_stage,16,4096,1,attn_out_projection,1.6891
block_prefill_stage,16,4096,1,residual_attn,0.1608
block_prefill_stage,16,4096,1,ln2,0.1140
block_prefill_stage,16,4096,1,fc1,6.4158
block_prefill_stage,16,4096,1,gelu,0.4277
block_prefill_stage,16,4096,1,fc2,6.6070
block_prefill_stage,16,4096,1,residual_ffn,0.1719
block_prefill_stage,16,4096,2,ln1,0.1166
block_prefill_stage,16,4096,2,qkv_projection,4.9491
block_prefill_stage,16,4096,2,make_tables_h2d,0.0426
block_prefill_stage,16,4096,2,append_prefill_kv,0.2234
block_prefill_stage,16,4096,2,flashattention_prefill_total,11.8296
block_prefill_stage,16,4096,2,attn_out_projection,1.7320
block_prefill_stage,16,4096,2,residual_attn,0.1613
block_prefill_stage,16,4096,2,ln2,0.1096
block_prefill_stage,16,4096,2,fc1,6.3518
block_prefill_stage,16,4096,2,gelu,0.4237
block_prefill_stage,16,4096,2,fc2,6.4775
block_prefill_stage,16,4096,2,residual_ffn,0.1644
block_prefill_stage,16,4096,3,ln1,0.1110
block_prefill_stage,16,4096,3,qkv_projection,4.7402
block_prefill_stage,16,4096,3,make_tables_h2d,0.0570
block_prefill_stage,16,4096,3,append_prefill_kv,0.2268
block_prefill_stage,16,4096,3,flashattention_prefill_total,11.3681
block_prefill_stage,16,4096,3,attn_out_projection,1.6606
block_prefill_stage,16,4096,3,residual_attn,0.1618
block_prefill_stage,16,4096,3,ln2,0.1127
block_prefill_stage,16,4096,3,fc1,6.3031
block_prefill_stage,16,4096,3,gelu,0.4194
block_prefill_stage,16,4096,3,fc2,6.4096
block_prefill_stage,16,4096,3,residual_ffn,0.1641
block_prefill_stage,16,4096,4,ln1,0.1110
block_prefill_stage,16,4096,4,qkv_projection,4.6213
block_prefill_stage,16,4096,4,make_tables_h2d,0.0489
block_prefill_stage,16,4096,4,append_prefill_kv,0.2244
block_prefill_stage,16,4096,4,flashattention_prefill_total,11.0854
block_prefill_stage,16,4096,4,attn_out_projection,1.6268
block_prefill_stage,16,4096,4,residual_attn,0.1638
block_prefill_stage,16,4096,4,ln2,0.1119
block_prefill_stage,16,4096,4,fc1,6.1450
block_prefill_stage,16,4096,4,gelu,0.4222
block_prefill_stage,16,4096,4,fc2,6.3084
block_prefill_stage,16,4096,4,residual_ffn,0.1610
block_prefill_stage,16,4096,5,ln1,0.1127
block_prefill_stage,16,4096,5,qkv_projection,4.6117
block_prefill_stage,16,4096,5,make_tables_h2d,0.0407
block_prefill_stage,16,4096,5,append_prefill_kv,0.2195
block_prefill_stage,16,4096,5,flashattention_prefill_total,11.0526
block_prefill_stage,16,4096,5,attn_out_projection,1.6339
block_prefill_stage,16,4096,5,residual_attn,0.1671
block_prefill_stage,16,4096,5,ln2,0.1109
block_prefill_stage,16,4096,5,fc1,6.1440
block_prefill_stage,16,4096,5,gelu,0.4237
block_prefill_stage,16,4096,5,fc2,6.2192
block_prefill_stage,16,4096,5,residual_ffn,0.1591
block_prefill_stage,16,4096,6,ln1,0.1108
block_prefill_stage,16,4096,6,qkv_projection,4.5153
block_prefill_stage,16,4096,6,make_tables_h2d,0.0423
block_prefill_stage,16,4096,6,append_prefill_kv,0.2396
block_prefill_stage,16,4096,6,flashattention_prefill_total,10.8029
block_prefill_stage,16,4096,6,attn_out_projection,1.5931
block_prefill_stage,16,4096,6,residual_attn,0.1628
block_prefill_stage,16,4096,6,ln2,0.1150
block_prefill_stage,16,4096,6,fc1,6.0127
block_prefill_stage,16,4096,6,gelu,0.4201
block_prefill_stage,16,4096,6,fc2,6.2078
block_prefill_stage,16,4096,6,residual_ffn,0.1599
block_prefill_stage,16,4096,7,ln1,0.1102
block_prefill_stage,16,4096,7,qkv_projection,4.5288
block_prefill_stage,16,4096,7,make_tables_h2d,0.0418
block_prefill_stage,16,4096,7,append_prefill_kv,0.2196
block_prefill_stage,16,4096,7,flashattention_prefill_total,11.3228
block_prefill_stage,16,4096,7,attn_out_projection,1.6634
block_prefill_stage,16,4096,7,residual_attn,0.1865
block_prefill_stage,16,4096,7,ln2,0.1129
block_prefill_stage,16,4096,7,fc1,6.3083
block_prefill_stage,16,4096,7,gelu,0.4218
block_prefill_stage,16,4096,7,fc2,6.3643
block_prefill_stage,16,4096,7,residual_ffn,0.1597
block_prefill_stage,16,4096,8,ln1,0.1096
block_prefill_stage,16,4096,8,qkv_projection,4.6145
block_prefill_stage,16,4096,8,make_tables_h2d,0.0431
block_prefill_stage,16,4096,8,append_prefill_kv,0.2202
block_prefill_stage,16,4096,8,flashattention_prefill_total,11.0471
block_prefill_stage,16,4096,8,attn_out_projection,1.6261
block_prefill_stage,16,4096,8,residual_attn,0.1618
block_prefill_stage,16,4096,8,ln2,0.1106
block_prefill_stage,16,4096,8,fc1,6.1571
block_prefill_stage,16,4096,8,gelu,0.4162
block_prefill_stage,16,4096,8,fc2,6.3968
block_prefill_stage,16,4096,8,residual_ffn,0.1683
block_prefill_stage,16,4096,9,ln1,0.1148
block_prefill_stage,16,4096,9,qkv_projection,4.6758
block_prefill_stage,16,4096,9,make_tables_h2d,0.0423
block_prefill_stage,16,4096,9,append_prefill_kv,0.2198
block_prefill_stage,16,4096,9,flashattention_prefill_total,11.3491
block_prefill_stage,16,4096,9,attn_out_projection,1.6672
block_prefill_stage,16,4096,9,residual_attn,0.1606
block_prefill_stage,16,4096,9,ln2,0.1093
block_prefill_stage,16,4096,9,fc1,6.2200
block_prefill_stage,16,4096,9,gelu,0.4327
block_prefill_stage,16,4096,9,fc2,6.1625
block_prefill_stage,16,4096,9,residual_ffn,0.1654
block_prefill_stage,16,4096,10,ln1,0.1139
block_prefill_stage,16,4096,10,qkv_projection,4.5111
block_prefill_stage,16,4096,10,make_tables_h2d,0.0415
block_prefill_stage,16,4096,10,append_prefill_kv,0.2216
block_prefill_stage,16,4096,10,flashattention_prefill_total,11.0093
block_prefill_stage,16,4096,10,attn_out_projection,1.6694
block_prefill_stage,16,4096,10,residual_attn,0.1605
block_prefill_stage,16,4096,10,ln2,0.1103
block_prefill_stage,16,4096,10,fc1,6.3222
block_prefill_stage,16,4096,10,gelu,0.4311
block_prefill_stage,16,4096,10,fc2,6.5091
block_prefill_stage,16,4096,10,residual_ffn,0.1633
block_prefill_stage,16,4096,11,ln1,0.1130
block_prefill_stage,16,4096,11,qkv_projection,4.7862
block_prefill_stage,16,4096,11,make_tables_h2d,0.0550
block_prefill_stage,16,4096,11,append_prefill_kv,0.2257
block_prefill_stage,16,4096,11,flashattention_prefill_total,11.3465
block_prefill_stage,16,4096,11,attn_out_projection,1.6682
block_prefill_stage,16,4096,11,residual_attn,0.1616
block_prefill_stage,16,4096,11,ln2,0.1106
block_prefill_stage,16,4096,11,fc1,6.2056
block_prefill_stage,16,4096,11,gelu,0.4197
block_prefill_stage,16,4096,11,fc2,6.2375
block_prefill_stage,16,4096,11,residual_ffn,0.1570
